date,symbol,rs_rank,thesis_score,sector,sector_leader,snapshot_price,ret_5d,excess_5d,ret_10d,excess_10d,ret_20d,excess_20d
2026-06-03,ARM,99,,semiconductors,True,411.5,-0.19184566726365848,-0.15638501905369284,0.10112773284183452,0.11593953393891021,-0.1712100214395591,-0.1640285411557636
2026-06-03,MRVL,99,,semiconductors,True,305.43,-0.10729820130462153,-0.07183755309465589,0.023290288538083015,0.03810208963515871,-0.13309782110376578,-0.12591634081997027
2026-06-03,AMD,98,,semiconductors,True,541.1,-0.12112677242062286,-0.08566612421065722,-0.004409945665371562,0.010401855431704132,0.005964074452100565,0.01314555473589607
2026-06-03,ON,97,,semiconductors,True,133.54,-0.13456405712612407,-0.09910340891615843,-0.11296154389694602,-0.09814974279987032,-0.28342498795059123,-0.27624350766679573
2026-06-03,AMAT,93,,semiconductors,True,500.43,0.0233702616853686,0.05883090989533424,0.22085397493643555,0.23566577603351124,0.24169160095784137,0.24887308124163687
2026-06-03,KLAC,92,,semiconductors,True,2120.32,0.039822821054047886,0.07528346926401353,0.16235368512687454,0.17716548622395023,0.14687058191549807,0.15405206219929357
2026-06-03,QCOM,91,,semiconductors,True,250.31,-0.20150342057819226,-0.16604277236822662,-0.11058672167148031,-0.09577492057440462,-0.2639381888345048,-0.2567567085507093
2026-06-03,LRCX,95,,other,False,342.55,-0.024109182623242575,0.011351465586723064,0.13553774631158388,0.15034954740865958,0.06643684230762625,0.07361832259142176
2026-06-03,VRT,90,,ai_infrastructure,True,333.94,-0.12493197272156409,-0.08947132451159845,-0.010741302227789795,0.004070498869285899,-0.06385185109370206,-0.056670370809906556
2026-06-03,DDOG,94,,enterprise_ai_software,False,248.86,-0.08973488136988983,-0.05427423315992419,-0.0937337615662801,-0.07892196046920441,0.041148389354836334,0.04832986963863184
2026-06-03,CRWD,88,,cybersecurity,True,751.7,-0.03906125002410821,-0.0036006018141425677,0.0131885628374524,0.028000363934528094,0.15109702920953283,0.15827850949332833
2026-06-03,FTNT,86,,cybersecurity,True,146.54,-0.050068346225897065,-0.014607698015931425,-0.014090270872734956,0.0007215302243407384,0.06874147237715555,0.07592295266095106
2026-06-03,PANW,83,,cybersecurity,True,280.59,-0.02460529345322937,0.010855354756736268,0.0454680952986235,0.060279896395699195,0.28977994683115194,0.29696142711494744
2026-06-03,ASML,85,,other,False,1732.42,0.032378765812341115,0.06783941402230675,0.11193586678717038,0.12674766788424607,0.053292024074293565,0.06047350435808907
2026-06-03,AVGO,81,,semiconductors,True,486.37,-0.09019772412747484,-0.054737075917509204,-0.039340770153907134,-0.02452896905683144,-0.1172877409113634,-0.1101062606275679
2026-06-03,GNRC,84,,other,False,283.45,-0.13000289697141565,-0.09454224876145001,-0.024159453570564482,-0.009347652473488788,-0.08070147348027534,-0.07351999319647984
2026-06-03,PWR,77,,ai_infrastructure,True,719.62,-0.07144075681611528,-0.03598010860614964,0.019757460703492047,0.03456926180056774,-0.046487665987224425,-0.03930618570342892
2026-06-03,TXN,80,,other,False,309.86,-0.07698097042566632,-0.04152032221570068,-0.01194648849590818,0.0028653126011675134,-0.04074894629555459,-0.033567466011759084
2026-06-03,ANET,76,,ai_infrastructure,True,176.37,-0.06941382877801228,-0.03395318056804664,0.011344069315396998,0.026155870412472693,-0.018947733034070935,-0.01176625275027543
2026-06-03,TSM,79,,other,False,439.15,-0.05080927495067611,-0.01534862674071047,0.005879815672428235,0.02069161676950393,0.010558293646920625,0.01773977393071613
2026-06-03,GOOGL,78,,mega_cap_tech,False,359.58,-0.006428266002774352,0.029032382207191287,0.01423049429012635,0.029042295387202044,0.0034131551705711694,0.010594635454366674
2026-06-03,MCHP,72,,other,False,97.02,-0.08091997991445044,-0.045459331704484796,-0.016100351733301488,-0.0012885506362257937,-0.11510718896385375,-0.10792570868005824
2026-06-03,NET,70,,enterprise_ai_software,False,266.53,-0.15511539165790267,-0.11965474344793703,-0.12742309570312504,-0.11261129460604935,-0.06765383206881015,-0.060472351785014644
2026-06-04,ARM,99,,semiconductors,True,389.35,-0.07442863830607671,-0.055088251019921985,0.18853276931731755,0.19337951325334757,-0.1284922508874239,-0.12969587284755602
2026-06-04,MRVL,99,,semiconductors,True,311.66,-0.06273799537551916,-0.04339760808936444,0.036994913971859944,0.04184165790788996,-0.16771286543530162,-0.16891648739543375
2026-06-04,AMD,98,,semiconductors,True,523.99,-0.022180823172465725,-0.002840435886310999,0.07575119898776927,0.08059794292379929,0.10513880876426862,0.10393518680413649
2026-06-04,ON,97,,semiconductors,True,131.33,-0.08099541287038581,-0.06165502558423108,-0.036138829826954044,-0.031292085890924026,-0.24956409722308304,-0.25076771918321517
2026-06-04,AMAT,93,,semiconductors,True,500.17,0.15202935073259138,0.1713697380187461,0.2864230227267637,0.2912697666627937,0.2357257589828563,0.23452213702272418
2026-06-04,KLAC,92,,semiconductors,True,2113.32,0.18041745950191013,0.19975784678806485,0.27045973780612087,0.2753064817421509,0.14197471937719341,0.14077109741706129
2026-06-04,VRT,91,,ai_infrastructure,True,320.3,-0.05059680651835552,-0.031256419232200794,0.061717772947758265,0.06656451688378828,0.015238761361179298,0.01403513940104717
2026-06-04,LRCX,95,,other,False,337.92,0.13156660274722953,0.15090699003338426,0.21520137022973085,0.22004811416576087,0.09388110224555235,0.09267748028542022
2026-06-04,QCOM,90,,semiconductors,True,241.15,-0.1459708942536968,-0.12663050696754208,-0.04855878956651116,-0.043712045630481144,-0.21531663840588167,-0.2165202603660138
2026-06-04,DDOG,94,,enterprise_ai_software,False,245.72,-0.013310819227308812,0.006029568058845913,-0.06065709463650337,-0.055810350700473355,0.0756950365741742,0.07449141461404207
2026-06-04,FTNT,88,,cybersecurity,True,148.23,-0.022901852360995845,-0.003561465074841119,-0.02512468555600378,-0.02027794161997376,0.09356054668931257,0.09235692472918045
2026-06-04,CRWD,84,,cybersecurity,True,703.39,-0.007477625815259237,0.011862761470895489,-0.017050844001097465,-0.012204100065067447,0.1446451053612896,0.14344148340115748
2026-06-04,ASML,87,,other,False,1744.72,0.1270469738716702,0.1463873611578249,0.14496607708786668,0.1498128210238967,0.08289619786044744,0.08169257590031531
2026-06-04,GNRC,85,,other,False,280.87,-0.054837371107904875,-0.03549698382175015,0.025306632938089546,0.030153376874119564,-0.05307431017677011,-0.05427793213690224
2026-06-04,TXN,83,,other,False,307.33,-0.005423152222558181,0.013917235063596545,0.08081136211284123,0.08565810604887125,0.016001601812064337,0.014797979851932208
2026-06-04,PANW,78,,cybersecurity,True,270.81,0.0019355839414461062,0.02127597122760083,0.03150653734041686,0.03635328127644688,0.28151550698626027,0.28031188502612814
2026-06-04,TSM,81,,other,False,446.52,-0.017948862253544196,0.00139152503261053,0.0777910014327805,0.08263774536881052,0.0536986549035825,0.05249503294345037
2026-06-04,PWR,77,,ai_infrastructure,True,718.88,-0.032084890825863965,-0.01274450353970924,-0.0052270858527282416,-0.0003803419166982236,-0.04504209089624234,-0.046245712856374466
2026-06-04,GOOGL,80,,mega_cap_tech,False,370.94,-0.022810306541479086,-0.0034699192553243607,0.005213214872281879,0.010059958808311897,0.0009249948783365269,-0.0002786270817956016
2026-06-04,MCHP,76,,other,False,97.88,-0.006732909778158547,0.012607477507996179,0.06626050104267533,0.07110724497870535,-0.06390940139474366,-0.06511302335487579
2026-06-04,ANET,72,,ai_infrastructure,True,165.32,-0.019189845030382124,0.00015054225577260105,0.06402854023077276,0.06887528416680277,0.08666744941399696,0.08546382745386483
2026-06-04,NET,73,,enterprise_ai_software,False,272.49,-0.15093139736719663,-0.1315910100810419,-0.16354947682523302,-0.158702732889203,-0.0758576639258911,-0.07706128588602323
2026-06-05,ARM,99,,semiconductors,True,352.32,0.07573445638020826,0.07790028403218485,0.15175141587769247,0.14778594426193803,-0.15132770430570264,-0.15977087785511745
2026-06-05,MRVL,99,,semiconductors,True,287.5,-0.031140734681328275,-0.028974907029351682,0.0664033071530763,0.06243783553732185,-0.20087296516990605,-0.20931613871932087
2026-06-05,AMD,98,,semiconductors,True,478.02,0.0547835202561211,0.05694934790809769,0.13738145336662377,0.13341598175086933,0.0641442996939432,0.05570112614452838
2026-06-05,ON,97,,semiconductors,True,120.92,-0.047156716926555986,-0.04499088927457939,0.07326428472947777,0.06929881311372332,-0.256751254785489,-0.2651944283349038
2026-06-05,AMAT,93,,semiconductors,True,470.76,0.19170174226269276,0.19386756991466936,0.3449159294923323,0.34095045787657785,0.16491601018669244,0.15647283663727762
2026-06-05,KLAC,92,,semiconductors,True,2003.7,0.25389157500883464,0.25605740266081123,0.3259113830358442,0.32194591142008977,0.06635469071281008,0.057911517163395265
2026-06-05,LRCX,95,,other,False,316.02,0.1514990193273722,0.1536648469793488,0.286543748501646,0.28257827688589154,0.024516514506801812,0.016073340957386995
2026-06-05,FTNT,90,,cybersecurity,True,146.37,0.005429239053986512,0.007595066705963105,-0.0008246520632083643,-0.00479012367896281,0.09044054813355884,0.08199737458414402
2026-06-05,DDOG,94,,enterprise_ai_software,False,233.8,-0.02881043971379582,-0.02664461206181923,-0.0648445675243311,-0.06881003914008554,0.08486818280792408,0.07642500925850926
2026-06-05,QCOM,88,,semiconductors,True,221.52,-0.04212098497527739,-0.039955157323300794,0.003936103219739584,-2.936839601486163e-05,-0.1721938316563949,-0.18063700520580972
2026-06-05,PANW,87,,cybersecurity,True,275.52,0.037050736392327366,0.03921656404430396,0.06219630126461828,0.058230829648863836,0.2500092810197714,0.24156610747035656
2026-06-05,CRWD,84,,cybersecurity,True,687.6,0.013800911415311035,0.015966739067287627,0.0028730262500877846,-0.001092445365666661,0.15586369043271286,0.14742051688329805
2026-06-05,ASML,86,,other,False,1676.0,0.0754621662935937,0.0776279939455703,0.11337788169158092,0.10941241007582647,0.008362257387681593,-8.091616173322436e-05
2026-06-05,GNRC,83,,other,False,261.78,-0.0175622642044162,-0.015396436552439607,0.10668422413125178,0.10271875251549734,-0.11701923298883499,-0.1254624065382498
2026-06-05,GOOGL,81,,mega_cap_tech,False,369.55,-0.01506109993268312,-0.012895272280706527,-0.042444813072051946,-0.04641028468780639,0.005065953057110439,-0.003377220492304378
2026-06-05,PWR,77,,ai_infrastructure,True,704.42,0.005998448255296829,0.008164275907273422,0.05205252195472765,0.0480870503389732,-0.06628047011876448,-0.0747236436681793
2026-06-05,TSM,80,,other,False,421.86,0.002720281516914058,0.004886109168890651,0.10617840064731698,0.10221292903156254,0.023156516638368263,0.014713343088953446
2026-06-05,TXN,79,,other,False,288.6,0.02515909662389948,0.027324924275876072,0.13124294708463236,0.1272774754688779,-0.0014640494314331898,-0.009907222980848007
2026-06-05,ANET,71,,ai_infrastructure,True,154.16,0.03349166601538678,0.03565749366736337,0.1051598666114213,0.10119439499566685,0.05387787230166019,0.04543469875224537
2026-06-05,MCHP,73,,other,False,90.92,0.036795060014350955,0.03896088766632755,0.11811443633190777,0.11414896471615332,-0.08393211058931194,-0.09237528413872675
2026-06-08,HPE,98,49.0,technology,True,49.87,-0.01635393065056312,-0.03141513955503439,-0.015488539741033924,-0.00451509051427379,-0.1010195472598534,-0.10598211555472292
2026-06-08,DELL,99,42.0,technology,True,397.9,0.015263501402571045,0.00020229249809977645,0.06169952696616532,0.07267297619292545,0.07209858143312453,0.06713601313825501
2026-06-08,HAL,89,54.0,energy,True,40.29,-0.05728392496862389,-0.07234513387309516,-0.13308645339418956,-0.12211300416742943,-0.13654318457503745,-0.14150575286990696
2026-06-08,INTC,99,38.0,technology,True,110.14,0.13160459357217258,0.11654338466770131,0.17072308416878657,0.1816965333955467,-0.024338437489977105,-0.029301005784846623
2026-06-08,MRVL,99,37.0,technology,True,298.35,0.030424368619420106,0.015363159714948837,-0.06912193748411122,-0.05814848825735108,-0.22701492301516024,-0.23197749131002976
2026-06-08,LITE,98,38.0,technology,True,891.0,0.05408976278608302,0.03902855388161175,-0.08831433361037477,-0.07734088438361464,-0.22135843348026885,-0.22632100177513836
2026-06-08,MU,99,36.0,technology,True,947.64,0.10100381578430384,0.08594260687983257,0.064350649734642,0.07532409896140213,-0.0397033703802292,-0.044665938675098715
2026-06-08,SNDK,99,36.0,technology,True,1629.8,0.23955313579645687,0.2244919268919856,0.1547191858782344,0.16569263510499455,0.015689534672706618,0.0107269663778371
2026-06-08,GLW,97,38.0,technology,True,187.2,-0.013287106190325915,-0.028348315094797183,0.019221739056709763,0.030195188283469898,-0.03350660177243192,-0.03846917006730144
2026-06-08,ARM,98,36.0,technology,True,347.39,0.13883861432480793,0.12377740542033666,0.01141463805852072,0.022388087285280855,-0.17119160208290018,-0.1761541703777697
2026-06-08,DDOG,96,38.0,technology,True,231.26,0.011455844758554656,-0.003605364145916612,-0.04287259602890092,-0.03189914680214079,0.13295725665177605,0.12799468835690653
2026-06-08,LRCX,97,36.0,technology,True,326.7,0.15922503284266165,0.14416382393819038,0.1075753913229418,0.11854884054970194,-0.0063050987425954386,-0.011267667037464957
2026-06-08,WDC,99,33.0,technology,True,524.61,0.22041089075607911,0.20534968185160785,0.2525676459914805,0.26354109521824065,0.027637732586162977,0.02267516429129346
2026-06-08,VLO,91,44.0,energy,True,258.28,-0.04015533787826586,-0.05521654678273713,-0.05366994348738863,-0.04269649426062849,0.09856311695431375,0.09360054865944423
2026-06-08,AMD,98,33.0,technology,True,487.4,0.08853308754972655,0.07347187864525528,0.03401288033005967,0.044986329556819804,0.029159568661424773,0.024197000366555255
2026-06-08,NTAP,96,36.0,technology,True,171.04,-0.05820044389146817,-0.07326165279593944,-0.08148068839039024,-0.07050723916363011,-0.03736481613412512,-0.04232738442899464
2026-06-08,STX,99,31.0,technology,True,877.19,0.11957266961431912,0.10451146070984785,0.1413201732369458,0.15229362246370592,-0.05423881989139279,-0.059201388186262305
2026-06-08,JBL,94,38.0,technology,True,362.71,0.029334765712216937,0.014273556807745669,-0.004404284934170666,0.006569164292589469,-0.13194006038020367,-0.1369026286750732
2026-06-08,NUE,95,36.0,basic_materials,True,252.58,0.009773719528199498,-0.00528748937627177,-0.06689768469814927,-0.05592423547138914,-0.11515632712796497,-0.12011889542283449
2026-06-08,ON,97,33.0,technology,True,121.34,0.03019394868709302,0.015132739782621751,-0.04214059049553853,-0.031167141268778398,-0.23255051453933118,-0.2375130828342007
2026-06-08,BKR,82,55.0,energy,True,64.64,-0.045683658120626136,-0.060744867025097404,-0.10343765349132739,-0.09246420426456725,-0.120244349745245,-0.12520691804011452
2026-06-08,QCOM,93,38.0,technology,True,216.79,0.020096092782884156,0.005034883878412888,-0.056962005552413486,-0.04598855632565335,-0.138131766721028,-0.14309433501589752
2026-06-08,TER,97,32.0,technology,True,373.86,0.11849448988191735,0.10343328097744608,0.0867045345363544,0.09767798376311454,-0.09061043973776395,-0.09557300803263347
2026-06-08,FTNT,94,36.0,technology,True,143.4,0.044435131652226234,0.029373922747754966,0.0340249769513723,0.044998426178132434,0.09487879108348585,0.08991622278861633
2026-06-08,STLD,94,36.0,basic_materials,True,266.61,-0.002967041558776473,-0.01802825046324774,-0.10736266812162032,-0.09638921889486018,-0.16015091139923665,-0.16511347969410617
2026-06-08,ROST,80,65.0,consumer_cyclical,False,227.68,0.03397530286498607,0.0189140939605148,0.0002620384091736039,0.011235487635933739,-0.04921613394601865,-0.054178702240888166
2026-06-08,AKAM,92,38.0,technology,True,141.91,-0.05492959895604088,-0.06999080786051215,-0.15584505108040825,-0.1448716018536481,-0.10866197398011113,-0.11362454227498064
2026-06-08,COHR,97,30.0,technology,True,407.93,0.016606097053668334,0.0015448881491970656,-0.06352556304551171,-0.05255211381875158,-0.2211604641568754,-0.22612303245174492
2026-06-08,BG,82,61.0,consumer_defensive,False,126.31,-0.020154551091177475,-0.03521575999564874,-0.11686450743643673,-0.10589105820967659,-0.0820520325610522,-0.08701460085592172
2026-06-08,MPWR,95,32.0,technology,True,1562.16,0.03429088138433478,0.019229672479863513,-0.10876302920864345,-0.09778957998188331,-0.1752682531323302,-0.1802308214271997
2026-06-08,AMAT,96,30.0,technology,True,490.22,0.16754364840861546,0.1524824395041442,0.16774300539833797,0.1787164546250981,0.13708842788947706,0.13212585959460754
2026-06-08,HUM,97,37.0,healthcare,False,351.2,0.06417047040058277,0.0491092614961115,0.005037380729231655,0.01601082995599179,0.11164745209556148,0.10668488380069197
2026-06-08,CSCO,95,30.0,technology,True,124.79,-0.025068968734589636,-0.040130177639060904,-0.017118272264591727,-0.006144823037831593,-0.07313164551743756,-0.07809421381230708
2026-06-08,ADI,89,38.0,technology,True,408.67,0.0379414547956769,0.02288024589120563,-0.011384899611045163,-0.0004114503842850281,-0.06444961332469412,-0.06941218161956364
2026-06-08,FDX,88,48.0,industrials,False,329.77,0.01501171095610121,-4.949794837005861e-05,-0.04587119670280548,-0.03489774747604535,-0.06836797432227759,-0.07333054261714711
2026-06-08,SLB,85,44.0,energy,True,56.98,-0.053568282002569356,-0.06862949090704062,-0.15788541051772775,-0.14691196129096762,-0.16422904296779717,-0.16919161126266669
2026-06-08,DAL,87,48.0,industrials,False,78.53,0.05271726624472528,0.03765605734025401,0.0859004061368831,0.09687385536364324,0.09303789471287982,0.0880753264180103
2026-06-08,FANG,77,54.0,energy,True,198.94,-0.03328242994461883,-0.0483436388490901,-0.043715002433137085,-0.03274155320637695,-0.05038159529193209,-0.05534416358680161
2026-06-08,TXN,91,33.0,technology,True,292.06,0.05204132202693801,0.03698011312246674,0.02189087465007611,0.03286432387683624,0.011684184353888627,0.006721616059019109
2026-06-08,CFG,80,58.0,financials,False,63.86,0.026964512082989334,0.011903303178518065,0.06301986175623875,0.07399331098299888,0.05639433082333456,0.05143176252846504
2026-06-08,PSX,81,48.0,energy,True,182.71,-0.048597038694199624,-0.06365824759867089,-0.06463132049184206,-0.053657871265081925,0.031299768845874265,0.026337200551004747
2026-06-08,KLAC,96,25.0,technology,True,2104.88,0.1816590676970904,0.16659785879261912,0.12668209441395506,0.1376555436407152,0.019262632200460317,0.014300063905590799
2026-06-08,PWR,89,44.0,industrials,False,687.52,0.028424111197058233,0.013362902292586964,-0.0028964361263151828,0.008077013100444952,-0.05380747375145689,-0.05877004204632641
2026-06-08,TRGP,83,44.0,energy,True,264.14,-0.005383921971468086,-0.020445130875939355,0.018843668007075598,0.029817117233835733,0.05349765544050733,0.04853508714563781
2026-06-08,NXPI,90,33.0,technology,True,304.15,0.023291996799583714,0.008230787895112446,-0.028345649617851576,-0.01737220039109144,-0.07747995754149495,-0.08244252583636447
2026-06-08,PANW,92,30.0,technology,True,266.95,0.07252175513467196,0.05746054623020069,0.09657002191330144,0.10754347114006158,0.20840562038799781,0.2034430520931283
2026-06-08,GOOGL,92,38.0,communication_services,False,362.53,0.00615656626760841,-0.008904642636862858,-0.05709774191896311,-0.04612429269220297,-0.014083714280896165,-0.019046282575765683
2026-06-08,BNY,85,48.0,financials,False,142.29,-0.004192900017777945,-0.019254108922249213,0.029280203992082088,0.04025365321884222,0.04919633314516658,0.044233764850297064
2026-06-08,JBHT,93,36.0,industrials,False,286.5,-0.020038135604789398,-0.035099344509260666,-0.06821261006362034,-0.0572391608368602,-0.04326003438150672,-0.048222602676376236
2026-06-08,CRWD,90,32.0,technology,True,656.88,0.05179191586877985,0.03673070696430858,0.033591896690775114,0.04456534591753525,0.16043049525112774,0.15546792695625822
2026-06-09,DELL,98,49.0,technology,True,397.35,0.0720576135986506,0.048959375207694,0.1515970353334113,0.14922592447113514,0.1944709087784553,0.16685040778822224
2026-06-09,HPE,98,49.0,technology,True,49.1,0.014034451284745897,-0.009063787106210697,0.02178952598065953,0.01941841511838338,0.029335069055711482,0.0017145680654784279
2026-06-09,MRVL,99,42.0,technology,True,283.04,0.05757124154928883,0.03447300315833224,0.05009496510864442,0.04772385424636827,-0.07677415725496362,-0.10439465824519667
2026-06-09,NTAP,96,43.0,technology,True,170.06,-0.013579644550123282,-0.036677882941079876,-0.04844628929183947,-0.05081740015411562,0.050464868696853626,0.022844367706620572
2026-06-09,HAL,88,54.0,energy,True,40.08,-0.06344419195146045,-0.08654243034241704,-0.1465256653081145,-0.14889677617039065,-0.14098701620017617,-0.16860751719040923
2026-06-09,SNDK,99,36.0,technology,True,1770.71,0.22603703741834802,0.20293879902739143,0.17857887636065484,0.1762077654983787,0.14398725294904802,0.11636675195881496
2026-06-09,GLW,97,38.0,technology,True,184.22,0.02165150166602814,-0.0014467367249284546,0.18524708115929545,0.1828759702970193,0.10779685081074164,0.08017634982050859
2026-06-09,ARM,98,36.0,technology,True,345.05,0.2603427824574245,0.2372445440664679,0.14185768174514712,0.13948657088287097,0.04261135829957885,0.014990857309345795
2026-06-09,BKR,82,60.0,energy,True,64.62,-0.029346821741384033,-0.052445060132340626,-0.11044493118743315,-0.1128160420497093,-0.09750710778430094,-0.125127608774534
2026-06-09,DDOG,96,38.0,technology,True,233.1,0.027795072414103172,0.004696834023146579,-0.009828367463614818,-0.012199478325890967,0.1962999167029995,0.16867941571276646
2026-06-09,INTC,99,33.0,technology,True,112.0,0.10393289068501499,0.0808346522940584,0.2416296841662322,0.23925857330395606,0.06139773848136265,0.0337772374911296
2026-06-09,AMD,98,33.0,technology,True,491.57,0.08402249550537899,0.0609242571144224,0.11062672581282884,0.10825561495055269,0.16827995229822856,0.1406594513079955
2026-06-09,DD,80,60.0,basic_materials,True,47.69,0.027154178028581333,0.004055939637624739,-0.017746366051553664,-0.020117476913829813,-0.039341484298080154,-0.06696198528831321
2026-06-09,MU,99,31.0,technology,True,969.9,0.12774958949666115,0.10465135110570456,0.15840816291271365,0.1560370520504375,0.0957459359676931,0.06812543497746004
2026-06-09,STX,99,31.0,technology,True,882.52,0.25488523320619016,0.23178699481523357,0.20940090475884898,0.20702979389657283,0.08379122099789482,0.05617072000766177
2026-06-09,WDC,99,31.0,technology,True,537.85,0.35484387678923923,0.33174563839828264,0.28074403379355406,0.2783729229312779,0.14989060088578499,0.12227009989555193
2026-06-09,CSCO,95,36.0,technology,True,122.79,-0.0012529078372991442,-0.024351146228255738,8.356478964355318e-05,-0.002287546072632596,-0.008080585801915618,-0.03570108679214867
2026-06-09,NUE,95,36.0,basic_materials,True,254.38,0.02463912072488572,0.0015408823339291278,-0.04876408513997965,-0.0511351960022558,-0.11874275565226744,-0.1463632566425005
2026-06-09,COHR,97,32.0,technology,True,389.63,0.08294437787270481,0.05984613948174822,0.1103567592953909,0.10798564843311476,-0.07425952848790829,-0.10188002947814134
2026-06-09,VLO,89,44.0,energy,True,253.82,-0.053759660744730264,-0.07685789913568686,-0.06034884984293687,-0.06271996070521302,0.09011630410165283,0.06249580311141978
2026-06-09,JBL,94,36.0,technology,True,369.18,0.029161099524455558,0.006062861133498965,0.01899301241635154,0.01662190155407539,-0.08868912484637637,-0.11630962583660942
2026-06-09,LRCX,97,31.0,technology,True,347.07,0.1424417805929281,0.11934354220197152,0.16014723667468123,0.15777612581240508,0.0931942993743824,0.06557379838414934
2026-06-09,ON,97,31.0,technology,True,123.21,0.027367520135868073,0.0042692817449114795,0.00556037704720147,0.003189266184925321,-0.1496958814592254,-0.17731638244945847
2026-06-09,QCOM,92,38.0,technology,True,212.46,0.07324777821523254,0.050149539824275946,-0.010277765384974047,-0.012648876247250196,-0.041863053688970586,-0.06948355467920364
2026-06-09,FTNT,93,36.0,technology,True,138.86,0.06690857051171539,0.0438103321207588,0.05428153528218416,0.05191042441990801,0.18817120538119236,0.1605507043909593
2026-06-09,TER,97,30.0,technology,True,391.96,0.13623121133340432,0.11313297294244773,0.18577736699973535,0.1834062561374592,0.0068837336402318705,-0.020736767350001184
2026-06-09,MPWR,95,32.0,technology,True,1605.34,-0.00793643452942372,-0.031034672920380313,-0.05018007229859833,-0.05255118316087448,-0.08905011576523048,-0.11667061675546353
2026-06-09,PANW,91,38.0,technology,True,263.2,0.0814883371463111,0.0583900987553545,0.10219857214381012,0.09982746128153397,0.30717515068946066,0.2795546496992276
2026-06-09,KEYS,91,38.0,technology,True,338.8,0.05955838499059496,0.036460146599638366,0.06261337358527341,0.060242262722997264,-0.02549906993389983,-0.053119570924132886
2026-06-09,HUM,97,37.0,healthcare,False,359.33,0.014135127912686896,-0.008963110478269698,-0.007410568095261749,-0.009781678957537898,0.09430326561401259,0.06668276462377953
2026-06-09,ADI,90,38.0,technology,True,413.2,0.04114527579012739,0.018047037399170796,0.03403749112795573,0.03166638026567958,-0.014816213259409627,-0.04243671424964268
2026-06-09,AKAM,90,38.0,technology,True,139.38,-0.0166481266618953,-0.039746365052851895,-0.11200296806405263,-0.11437407892632878,-0.03738386224608237,-0.06500436323631542
2026-06-09,TRGP,82,50.0,energy,True,262.77,-0.020851394081524366,-0.04394963247248096,0.004185372543472399,0.0018142616811962498,0.02944838406510608,0.0018278830748730268
2026-06-09,STLD,94,31.0,basic_materials,True,270.72,0.014723854355359167,-0.008374384035597426,-0.10684033284980265,-0.1092114437120788,-0.17663563440348073,-0.2042561353937138
2026-06-09,SLB,85,44.0,energy,True,56.77,-0.05215218420781187,-0.07525042259876846,-0.16752993938679028,-0.16990105024906643,-0.15627787757780665,-0.1838983785680397
2026-06-09,NXPI,92,33.0,technology,True,307.1,0.03896689465827863,0.015868656267322034,0.012099896261625442,0.009728785399349293,-1.522160100619896e-05,-0.027635722591239253
2026-06-09,CNC,94,38.0,healthcare,False,64.4,-0.07628648457217246,-0.09938472296312906,-0.05251275822820334,-0.05488386909047949,0.017153165894562505,-0.010467335095670549
2026-06-09,PSX,79,52.0,energy,True,179.73,-0.049093356874963745,-0.07219159526592034,-0.0676691736553251,-0.07004028451760125,0.049425011135659114,0.02180451014542606
2026-06-09,CVS,86,49.0,healthcare,False,96.43,0.030278180568380053,0.0071799421774234595,0.04204173288973889,0.03967062202746274,0.051657070180622267,0.024036569190389212
2026-06-09,AMAT,96,25.0,technology,True,520.15,0.1301536106706911,0.1070553722797345,0.1714034120681922,0.16903230120591606,0.1707869271930902,0.14316642620285713
2026-06-09,KLAC,96,25.0,technology,True,2237.0,0.09548882944133763,0.07239059105038104,0.11002885484121117,0.10765774397893502,0.059438761276702445,0.03181826028646939
2026-06-09,ROST,79,58.0,consumer_cyclical,False,227.81,0.021965600491838044,-0.0011326378991185493,-0.0037480942539140916,-0.0061192051161902405,-0.038570459102869936,-0.06619096009310299
2026-06-09,TXN,90,33.0,technology,True,294.18,0.06958919377376516,0.04649095538280856,0.06049253926600873,0.05812142840373258,0.07945553795897076,0.0518350369687377
2026-06-09,GM,84,50.0,consumer_cyclical,False,83.49,-0.01197458907826987,-0.035072827469226464,-0.05460427483374619,-0.05697538569602234,-0.08214584551011705,-0.10976634650035011
2026-06-09,JBHT,93,36.0,industrials,False,288.92,0.010727910830791831,-0.012370327560164762,-0.028138013490899727,-0.030509124353175876,0.020805484351115178,-0.006815016639117877
2026-06-09,APH,83,42.0,technology,True,153.15,0.037973898038995424,0.01487565964803883,0.0655267204378156,0.06315560957553945,0.06199204752160159,0.034371546531368535
2026-06-09,VTRS,87,44.0,healthcare,False,16.1,-0.009264921188741226,-0.03236315957969782,-0.016059314095538513,-0.01843042495781466,0.009264971525558385,-0.01835552946467467
2026-06-09,ASML,94,25.0,technology,True,1819.56,0.032883729551755225,0.009785491160798632,0.00933895402112106,0.006967843158844911,0.033089839069434746,0.005469338079201691
2026-06-09,CRWD,89,32.0,technology,True,646.6,0.06331464732888703,0.04021640893793044,0.05318997335974052,0.05081886249746437,0.241882132611414,0.21426163162118095
2026-06-09,CAT,95,30.0,industrials,False,935.61,0.048484088940106584,0.02538585054914999,0.10281232632381143,0.10044121546153528,0.04064365016090221,0.013023149170669157
2026-06-10,DELL,98,49.0,technology,True,381.29,0.1373548966600131,0.12061417762188475,0.11058376282817473,0.10038607044778547,0.17980361757478724,0.14119708494258165
2026-06-10,HPE,98,49.0,technology,True,45.97,0.07424491646715103,0.057504197429022685,0.041259828384352826,0.03106213600396357,0.08182256953389921,0.04321603690169362
2026-06-10,APA,91,56.0,energy,True,38.51,-0.12257555735311698,-0.13931627639124533,-0.13576417195271362,-0.14596186433310288,-0.1352468993086936,-0.1738534319408992
2026-06-10,INTC,99,38.0,technology,True,105.55,0.06677239301625426,0.05003167397812591,0.17045453705360858,0.16025684467321932,-0.0324171988548112,-0.0710237314870168
2026-06-10,MU,99,38.0,technology,True,899.7,0.15349907709610067,0.13675835805797232,0.3418844405928554,0.33168674821246613,0.08301978774203267,0.04441325510982708
2026-06-10,STX,99,38.0,technology,True,812.61,0.2715983641267068,0.25485764508857844,0.22391199638729486,0.2137143040069056,0.08661946851077951,0.048012935878573915
2026-06-10,WDC,99,38.0,technology,True,488.18,0.4306407441666733,0.41390002512854496,0.3568315512911804,0.3466338589107911,0.17040009449642723,0.13179356186422164
2026-06-10,HAL,88,54.0,energy,True,40.24,-0.10121560191227907,-0.11795632095040742,-0.13991572311982248,-0.15011341550021173,-0.14686186703010584,-0.18546839966231143
2026-06-10,FDX,86,66.0,industrials,False,321.05,0.003232016080265465,-0.013508702957862884,0.017842717662677865,0.007645025282288609,-0.027729101145077872,-0.06633563377728346
2026-06-10,NTAP,95,43.0,technology,True,162.36,-0.03790935304360188,-0.05465007208173023,-0.03927664718184731,-0.04947433956223657,0.05265612068087866,0.014049588048673067
2026-06-10,AMD,98,38.0,technology,True,453.92,0.11022524630085107,0.09348452726272272,0.15374783423375393,0.14355014185336468,0.20860053568398018,0.1699940030517746
2026-06-10,ARM,98,38.0,technology,True,307.57,0.33223073275864157,0.3154900137205132,0.10587741430459241,0.09567972192420315,0.028528722211141222,-0.01007781042106437
2026-06-10,MRVL,99,36.0,technology,True,256.37,0.1113073250015717,0.09456660596344335,0.07952719026040556,0.0693294978800163,-0.09469496885569506,-0.13330150148790065
2026-06-10,SNDK,99,36.0,technology,True,1649.38,0.1713489752724877,0.15460825623435936,0.3963139621614591,0.38611626978106983,0.1457070268718783,0.10710049423967272
2026-06-10,ON,97,38.0,technology,True,110.08,-0.006510693905694032,-0.02325141294382238,0.044694651046836675,0.03449695866644742,-0.15572764391470217,-0.19433417654690777
2026-06-10,DDOG,96,38.0,technology,True,228.31,-0.008791088664282687,-0.025531807702411036,-0.03367738352343086,-0.043875075903820115,0.12639962050569298,0.08779308787348739
2026-06-10,LRCX,97,36.0,technology,True,325.7,0.11229662876241098,0.09555590972428263,0.19446003035463155,0.1842623379742423,0.04139957190693,0.002793039274724407
2026-06-10,CSCO,94,38.0,technology,True,119.23,0.0012800600048250566,-0.015460659033303292,0.015275628086375503,0.005077935705986247,0.03911769139436205,0.0005111587621564606
2026-06-10,VLO,90,44.0,energy,True,263.05,-0.09191789601537392,-0.10865861505350227,-0.03401005304918714,-0.044207745429576395,0.06305855124612636,0.024452018613920767
2026-06-10,NUE,95,36.0,basic_materials,True,251.84,-0.006880277020127168,-0.023620996058255517,-0.02146648037471477,-0.031664172755104025,-0.10387887896105907,-0.14248541159326467
2026-06-10,CHRW,88,55.0,industrials,False,187.62,-0.004140511567808258,-0.020881230605936607,-0.030273753763009892,-0.04047144614339915,0.0404903694239076,0.0018838367917020094
2026-06-10,ADI,89,44.0,technology,True,396.15,0.031124066372597792,0.014383347334469443,0.03978205508274413,0.02958436270235487,-0.015649071499650447,-0.05425560413185604
2026-06-10,COHR,97,32.0,technology,True,352.68,0.06763421047539397,0.050893491437265626,0.14766800900434096,0.1374703166239517,-0.08552911253061113,-0.12413564516281672
2026-06-10,JBL,93,38.0,technology,True,354.0,0.0416111822518217,0.02487046321369335,0.0406667134850367,0.030469021104647442,-0.08252774394325646,-0.12113427657546205
2026-06-10,ASML,94,36.0,technology,True,1745.22,0.0493426788800615,0.03260195984193315,0.03437082424414295,0.024173131863753694,0.009730307747432443,-0.02887622488477315
2026-06-10,AMAT,97,31.0,technology,True,502.09,0.13479682177601582,0.11805610273788747,0.27849338829397796,0.2682956959135887,0.15313221163901525,0.11452567900680966
2026-06-10,SLB,87,46.0,energy,True,56.21,-0.09705772256533551,-0.11379844160346386,-0.14926450887185516,-0.15946220125224442,-0.1431647523351004,-0.181771284967306
2026-06-10,CAT,94,44.0,industrials,False,860.87,0.09573580738754406,0.07899508834941571,0.2116115684727442,0.20141387609235495,0.09171244859918093,0.05310591596697534
2026-06-10,TXN,92,38.0,technology,True,283.98,0.04136046742156507,0.024619748383436724,0.07561486743744816,0.06541717505705891,0.07440744716128744,0.03580091452908185
2026-06-10,CASY,91,48.0,consumer_cyclical,False,874.22,-0.0743480480051697,-0.09108876704329805,-0.1463026522777261,-0.15650034465811535,-0.10809516109770279,-0.14670169372990838
2026-06-10,ROST,82,61.0,consumer_cyclical,False,231.87,-0.0071933241858250785,-0.023934043223953427,-0.08431935834801274,-0.094517050728402,-0.05133222958330741,-0.089938762215513
2026-06-10,BG,82,61.0,consumer_defensive,False,129.49,-0.10087482926668867,-0.11761554830481702,-0.1364093445227228,-0.14660703690311205,-0.11496476829576696,-0.15357130092797255
2026-06-10,APH,84,49.0,technology,True,151.8,0.07092522258580969,0.05418450354768134,0.09943595954622841,0.08923826716583916,0.05889365007928271,0.02028711744707712
2026-06-10,GS,89,50.0,financials,False,1008.31,0.08449931114766285,0.0677585921095345,0.05090275650226683,0.04070506412187758,0.04112488690988769,0.0025183542776821
2026-06-10,KLAC,96,30.0,technology,True,2148.26,0.07858147700593032,0.061840757967801974,0.16925764190411097,0.1590599495237217,0.04600672412098228,0.007400191488776686
2026-06-10,HUM,97,37.0,healthcare,False,366.82,-0.018571249555238034,-0.03531196859336638,0.019384540145433338,0.009186847765044082,0.065867843165625,0.027261310533419403
2026-06-10,STLD,95,31.0,basic_materials,True,269.95,-0.006838441545957807,-0.023579160584086156,-0.07717190815226871,-0.08736960053265796,-0.15828502365823782,-0.19689155629044341
2026-06-10,CNC,96,38.0,healthcare,False,64.88,-0.07193139289352335,-0.0886721119316517,-0.0087235954510404,-0.018921287831429656,0.030762201544000778,-0.007844331088204815
2026-06-10,NXPI,90,38.0,technology,True,287.08,0.022844190092848216,0.006103471054719867,0.02782824018878527,0.017630547808396013,0.005870144461291638,-0.032736388170913955
2026-06-10,GM,81,60.0,consumer_cyclical,False,79.93,-0.005747070543729471,-0.02248778958185782,-0.018865551861514063,-0.02906324424190332,-0.027361302038520052,-0.06596783467072564
2026-06-10,DAL,87,50.0,industrials,False,77.1,0.07502290201204032,0.05828218297391197,0.20389496954041686,0.1936972771600276,0.14502387209909795,0.10641733946689236
2026-06-10,FFIV,86,43.0,technology,True,394.15,-0.01555142905962592,-0.03229214809775427,-0.012661095246677911,-0.022858787627067167,0.10085436887444255,0.062247836242236954
2026-06-10,BNY,84,54.0,financials,False,141.57,0.042538060518555465,0.025797341480427116,0.0379700852835585,0.02777239290316924,0.0842908936630824,0.04568436103087681
2026-06-10,PANW,92,32.0,technology,True,264.69,0.0809578731142242,0.06421715407609585,0.12295017753981075,0.11275248515942149,0.24869733203873334,0.21009079940652775
2026-06-10,AKAM,88,38.0,technology,True,133.01,-0.016234520201077407,-0.032975239239205756,-0.13141495476368426,-0.1416126471440735,-0.029083625019576842,-0.06769015765178243
2026-06-10,FTNT,93,30.0,technology,True,139.81,0.022197042796571198,0.005456323758442849,0.06325791444884343,0.05306022206845418,0.11701298236133262,0.07840644972912703
2026-06-10,IBKR,89,44.0,financials,False,86.29,0.09816377645425445,0.0814230574161261,0.06432620250310461,0.054128510122715356,0.08661504958355604,0.048008516951350444
2026-06-10,IVZ,93,38.0,financials,False,27.64,0.043872455621284834,0.027131736583156485,-0.06200140302865931,-0.07219909540904856,0.05076144464717958,0.012154912014973984
2026-06-10,CRWD,91,32.0,technology,True,653.73,0.05839324163935311,0.04165252260122476,0.051713974711953936,0.04151628233156468,0.16030240625757886,0.12169587362537326
2026-06-10,JBHT,94,36.0,industrials,False,280.08,-0.05562231040088039,-0.07236302943900874,-0.029330743916830104,-0.03952843629721936,-0.010672150139158232,-0.049278682771363824
2026-06-11,HPE,98,49.0,technology,True,45.86,0.022333013389966183,0.011595030265496131,-0.057452545569340985,-0.04416535169327196,0.018667277781078573,0.004640165562427523
2026-06-11,DELL,98,42.0,technology,True,385.88,0.06363636659650296,0.052898383472032906,0.037636331059962336,0.05092352493603136,0.1093765861371494,0.09534947391849835
2026-06-11,INTC,99,38.0,technology,True,113.94,0.14111742107488046,0.1303794379504104,0.092829239697231,0.10611643357330003,-0.12178500805108405,-0.1358121202697351
2026-06-11,ARM,98,38.0,technology,True,331.88,0.2445061099109882,0.23376812678651815,-0.05338130483735426,-0.040094110961285234,-0.15329068200980445,-0.1673177942284555
2026-06-11,MRVL,99,36.0,technology,True,269.42,0.14999813816329644,0.13926015503882638,-0.012219067751409574,0.001068126124659452,-0.19434343166322376,-0.20837054388187481
2026-06-11,SNDK,99,36.0,technology,True,1826.15,0.15535332079952968,0.14461533767505963,0.10562247222693477,0.1189096661030038,-0.11476060667328214,-0.1287877188919332
2026-06-11,HAL,87,54.0,energy,True,39.8,-0.11255084795819259,-0.12328883108266264,-0.13084355291073446,-0.11755635903466544,-0.105437050710398,-0.11946416292904904
2026-06-11,TER,97,38.0,technology,True,367.65,0.14656753886672358,0.13582955574225353,0.14379213340751074,0.15707932728357976,-0.10690166819661673,-0.12092878041526778
2026-06-11,STX,99,33.0,technology,True,844.97,0.21590791377220686,0.2051699306477368,0.023121923976015646,0.03640911785208467,-0.021491201154482775,-0.035518313373133825
2026-06-11,WDC,99,33.0,technology,True,512.86,0.3768334903647417,0.3660955072402716,0.08203115161795282,0.09531834549402185,0.02501892963765595,0.010991817419004901
2026-06-11,AMD,98,33.0,technology,True,474.19,0.07540673716040502,0.06466875403593497,0.0438071895404879,0.057094383416556926,0.06944307878383094,0.055415966565179886
2026-06-11,MU,99,31.0,technology,True,940.95,0.1668843968116016,0.15614641368713156,0.16517632299516838,0.1784635168712374,-0.035671473973555856,-0.049698586192206906
2026-06-11,ADI,90,44.0,technology,True,406.63,0.05464251788900687,0.04390453476453682,-0.06078406402294845,-0.04749687014687942,-0.0629688233462169,-0.07699593556486795
2026-06-11,ON,97,33.0,technology,True,114.12,0.048809966426321516,0.038071983301851464,-0.21826489960694406,-0.20497770573087504,-0.2206795148320866,-0.23470662705073764
2026-06-11,CMI,91,50.0,industrials,False,649.62,0.07960834127045247,0.06887035814598241,0.03293667836683922,0.04622387224290825,0.0005873020366635728,-0.013439810181987477
2026-06-11,COHR,97,32.0,technology,True,353.0,0.040879629036962406,0.030141645912492354,0.016806072433160235,0.03009326630922926,-0.17869446209536,-0.19272157431401105
2026-06-11,DDOG,96,33.0,technology,True,232.51,-0.05279698025943114,-0.06353496338390119,0.018434403991408388,0.031721597867477414,0.10538163501011732,0.09135452279146627
2026-06-11,JBL,94,36.0,technology,True,368.82,-0.01982070861871399,-0.03055869174318404,-0.0548233420470311,-0.04153614817096207,-0.15139694843837048,-0.16542406065702153
2026-06-11,NTAP,94,36.0,technology,True,160.96,0.0013166519211484928,-0.009421331203321559,-0.044200624418247014,-0.03091343054217799,0.03089586229068564,0.01686875007203459
2026-06-11,CNC,95,43.0,healthcare,False,63.44,-0.049384668376297514,-0.060122651500767565,0.02399128924995897,0.037278483126027995,0.06387285119460229,0.04984573897595124
2026-06-11,LRCX,97,31.0,technology,True,355.25,0.08326342555267008,0.07252544242820003,0.055558090049740105,0.06884528392580913,-0.08135337293808131,-0.09538048515673236
2026-06-11,CASY,92,47.0,consumer_cyclical,False,911.82,-0.08451088903488457,-0.09524887215935463,-0.15366305881054365,-0.14037586493447463,-0.06619570779310158,-0.08022282001175263
2026-06-11,VLO,88,44.0,energy,True,257.9,-0.061482224574797906,-0.07222020769926796,0.030145387359351572,0.0434325812354206,0.17479557574284588,0.16076846352419483
2026-06-11,STLD,96,31.0,basic_materials,True,277.42,-0.11922887411430205,-0.1299668572387721,-0.13480649661306876,-0.12151930273699973,-0.1729364263261235,-0.18696353854477454
2026-06-11,GS,89,50.0,financials,False,1023.09,0.04136756408801112,0.03062958096354107,-0.031709403243472045,-0.01842220936740302,-0.006733151343652821,-0.02076026356230387
2026-06-11,CSCO,95,32.0,technology,True,121.99,-0.022966862162987822,-0.033704845287457874,-0.07012677069492512,-0.0568395768188561,-0.021690974321193157,-0.03571808653984421
2026-06-11,MPWR,95,32.0,technology,True,1557.78,-0.01790588224114331,-0.028643865365613363,-0.1751590558279399,-0.16187186195187087,-0.18770105776244772,-0.20172816998109877
2026-06-11,KLAC,96,30.0,technology,True,2353.09,0.09242423121496923,0.08168624809049918,0.046464647170712414,0.05975184104678144,-0.06460440653822852,-0.07863151875687957
2026-06-11,HUM,97,37.0,healthcare,False,367.37,-0.027215849565065398,-0.03795383268953545,0.0377773918897637,0.051064585765832726,0.09769076992264392,0.08366365770399287
2026-06-11,NUE,95,31.0,basic_materials,True,258.62,-0.07919172325515167,-0.08992970637962172,-0.0944862919942755,-0.08119909811820647,-0.1179295527419918,-0.13195666496064284
2026-06-11,FDX,88,50.0,industrials,False,334.12,-0.046198796509681506,-0.05693677963415156,-0.06512932398097948,-0.051842130104910455,-0.07918775477165862,-0.09321486699030967
2026-06-11,CHRW,89,48.0,industrials,False,190.33,-0.048539764586003065,-0.059277747710473117,-0.07789999846311468,-0.06461280458704566,0.010386680729679298,-0.0036404314889717515
2026-06-11,BG,80,61.0,consumer_defensive,False,126.7,-0.10380514519114714,-0.1145431283156172,-0.12004462748440836,-0.10675743360833934,-0.06543549346458699,-0.07946260568323804
2026-06-11,CFG,85,53.0,financials,False,66.11,-0.00548546616131218,-0.016223449285782232,0.04373618916697808,0.057023383043047104,0.04314316403327889,0.02911605181462784
2026-06-11,SLB,84,46.0,energy,True,55.17,-0.1486989065641533,-0.15943688968862335,-0.1679943547571715,-0.15470716088110248,-0.16162152562910825,-0.1756486378477593
2026-06-11,FCX,81,50.0,basic_materials,True,65.22,0.02187172820151173,0.011133745077041679,-0.07082277038635032,-0.057535576510281294,-0.10772204266668617,-0.12174915488533722
2026-06-11,FTNT,94,30.0,technology,True,144.48,0.007588390020343949,-0.0031495931041261027,0.05367590327644356,0.06696309715251259,0.11821216791764155,0.1041850556989905
2026-06-11,TXN,92,33.0,technology,True,293.92,0.0798354161517203,0.06909743302725024,-0.045352678422648784,-0.03206548454657976,-0.0014046356598284016,-0.015431747878479452
2026-06-11,TRGP,82,48.0,energy,True,272.36,-0.03349040404690051,-0.044228387171370565,0.018950295384624782,0.03223748926069381,0.04432975891533042,0.03030264669667937
2026-06-11,AMAT,97,25.0,technology,True,540.56,0.12484044330213884,0.11410246017766879,0.14257595890220087,0.1558631527782699,0.048795133771168286,0.034768021552517236
2026-06-11,CAT,94,38.0,industrials,False,890.02,0.08901508395152824,0.07827710082705819,0.10188458850363125,0.11517178237970027,0.02897572443541785,0.014948612216766799
2026-06-11,CRWD,92,32.0,technology,True,690.39,-0.00839774710927832,-0.01913573023374837,0.015101575473456474,0.0283887693495255,0.08829242156059514,0.07426530934194409
2026-06-11,NXPI,91,33.0,technology,True,296.08,0.03645995012668468,0.02572196700221463,-0.08036501629517989,-0.06707782241911087,-0.0758168727870403,-0.08984398500569135
2026-06-11,PANW,93,30.0,technology,True,275.87,0.039142038861591066,0.028404055737121015,0.09843290794146853,0.11172010181753755,0.19267705958387915,0.1786499473652281
2026-06-11,BNY,85,50.0,financials,False,142.84,7.202074492340671e-09,-0.01073797592239556,-0.00048742728442863203,0.012799766591640394,0.05319222881344188,0.03916511659479083
2026-06-11,TPR,81,56.0,consumer_cyclical,False,144.03,-0.04224791181332421,-0.052985894937794265,-0.025562259139263688,-0.012275065263194662,-0.09143696482758545,-0.1054640770462365
2026-06-11,DAL,90,42.0,industrials,False,79.58,0.012265524744855982,0.0015275416203859304,0.11315532875206791,0.12644252262813693,0.038994882601545156,0.024967770382894106
2026-06-11,GM,82,54.0,consumer_cyclical,False,80.32,-0.02973566847776654,-0.04047365160223659,-0.04429760746263556,-0.031010413586566532,-0.06118453204152696,-0.07521164426017801
2026-06-11,MS,90,42.0,financials,False,211.04,0.037758615728028744,0.027020632603558692,-0.014043276318913667,-0.0007560824428446411,0.02808641881295948,0.01405930659430843
2026-06-11,ASML,95,25.0,technology,True,1857.51,0.04441390752022567,0.03367592439575562,-0.028685574835073835,-0.01539838095900481,-0.06580354919250186,-0.07983066141115291
2026-06-12,LITE,98,44.0,technology,True,915.58,-0.07458745445014903,-0.06721600738529365,-0.11861524914738564,-0.10672324104973896,-0.15650427103304965,-0.1590539072419469
2026-06-12,HPE,98,42.0,technology,True,49.06,-0.01886594866471547,-0.011494501599860096,-0.09974871941777141,-0.08785671132012474,0.0046488464930476425,0.002099210284150388
2026-06-12,GLW,96,44.0,technology,True,178.75,0.1192724745980438,0.12664392166289917,0.36389826482134535,0.37579027291899203,0.0009068376581038429,-0.0016427985507934117
2026-06-12,MRVL,99,36.0,technology,True,283.55,0.03757873618264407,0.04495018324749944,-0.06390080873775983,-0.05200880064011315,-0.2501267986508925,-0.25267643485978974
2026-06-12,MU,99,36.0,technology,True,991.23,0.14725970268539768,0.15463114975025305,0.08465847474849686,0.09655048284614354,-0.06877493709226867,-0.07132457330116593
2026-06-12,DELL,98,37.0,technology,True,398.98,0.01776859902189898,0.025140046086754353,0.0078026406993270125,0.01969464879697369,0.11215367761063644,0.10960404140173918
2026-06-12,MPWR,95,38.0,technology,True,1579.07,-0.069395330338613,-0.06202388327375763,-0.20561436740374095,-0.19372235930609427,-0.16583355454065218,-0.16838319074954944
2026-06-12,DD,80,60.0,basic_materials,True,47.75,-0.017533081828109087,-0.010161634763253713,-0.07753986754911568,-0.065647859451469,-0.08820927043873017,-0.09075890664762742
2026-06-12,NUE,96,36.0,basic_materials,True,266.61,-0.09285179512564401,-0.08548034806078864,-0.15340731452447087,-0.1415153064268242,-0.1306107328631212,-0.13316036907201845
2026-06-12,AMD,99,31.0,technology,True,511.01,0.02964069973460104,0.037012146799456414,0.006980849714185666,0.018872857811832344,0.023107801927788163,0.02055816571889091
2026-06-12,ARM,99,31.0,technology,True,369.71,0.04409731426556496,0.05146876133042033,-0.12015368355373723,-0.10826167545609056,-0.27997435741937415,-0.2825239936282714
2026-06-12,INTC,99,31.0,technology,True,124.4,0.08842378919233762,0.095795236257193,0.01722137333337881,0.029113381431025487,-0.16781220507462835,-0.1703618412835256
2026-06-12,SNDK,99,31.0,technology,True,1994.03,0.08215135435107856,0.08952280141593394,-0.024144371468529435,-0.012252363370882757,-0.1633891218737029,-0.16593875808260017
2026-06-12,STX,99,31.0,technology,True,929.75,0.059582342479106876,0.06695378954396225,-0.061305712761711595,-0.04941370466406492,-0.14874649754134806,-0.1512961337502453
2026-06-12,WDC,99,31.0,technology,True,561.97,0.1839748370216323,0.19134628408648768,0.05349234598922603,0.06538435408687271,-0.08962803734426161,-0.09217767355315887
2026-06-12,CSCO,94,38.0,technology,True,121.17,-0.008404025379324387,-0.0010325783144690126,-0.03965400137923536,-0.02776199328158868,-0.04105723101272618,-0.043606867221623435
2026-06-12,KEYS,91,42.0,technology,True,348.94,0.03835352249507595,0.04572496955993133,-0.05401191369623526,-0.04211990559858858,-0.09406196065876216,-0.09661159686765941
2026-06-12,ON,97,33.0,technology,True,117.2,0.06526848592936108,0.07263993299421645,-0.2827759233380829,-0.2708839152404362,-0.24099113306055986,-0.2435407692694571
2026-06-12,CASY,88,55.0,consumer_cyclical,False,889.24,-0.07658916759010892,-0.06921772052525355,-0.13369238735970457,-0.12180037926205789,-0.05935711108729469,-0.061906747296191944
2026-06-12,COHR,97,32.0,technology,True,387.27,0.05486551270097917,0.06223695976583454,-0.030073149124235976,-0.018181141026589298,-0.22952774436325174,-0.232077380572149
2026-06-12,DDOG,96,33.0,technology,True,231.87,-0.06199154611361224,-0.054620099048756865,0.05326274289923205,0.06515475099687873,0.14716106350139047,0.1446114272924932
2026-06-12,JBL,94,36.0,technology,True,384.39,-0.05242264057027657,-0.045051193505421194,-0.06161608223316761,-0.049724074135520935,-0.17907101141362491,-0.18162064762252217
2026-06-12,LRCX,97,31.0,technology,True,370.71,0.06175936038079888,0.06913080744565425,0.06531113408113476,0.07720314217878144,-0.10271301182111514,-0.1052626480300124
2026-06-12,TXN,92,38.0,technology,True,300.87,0.07149085575534642,0.07886230282020179,-0.07942329355512523,-0.06753128545747855,-0.01470438481223535,-0.017254021021132604
2026-06-12,VLO,88,44.0,energy,True,261.67,-0.0037596838547102607,0.0036117632101451136,0.08835313095443031,0.10024513905207699,0.23183489878386854,0.22928526257497128
2026-06-12,FTNT,93,36.0,technology,True,145.03,-0.006355986112750678,0.0010154609521046964,0.06219238921005954,0.07408439730770622,0.14017218070109494,0.13762254449219768
2026-06-12,TER,97,30.0,technology,True,402.64,0.0716379401809708,0.07900938724582618,0.0862000120643236,0.09809202016197027,-0.17169651386330542,-0.17424615007220268
2026-06-12,ASML,95,31.0,technology,True,1878.9,0.01832105895309666,0.025692506017952033,-0.006033158089643553,0.005858850008003125,-0.0627593206057,-0.06530895681459725
2026-06-12,STLD,95,31.0,basic_materials,True,284.33,-0.1286324896981591,-0.12126104263330373,-0.18682085054766318,-0.1749288424500165,-0.18800395924198088,-0.19055359545087813
2026-06-12,ADI,91,36.0,technology,True,419.21,0.03800355503825159,0.045375002103106965,-0.08712170291059085,-0.07522969481294417,-0.08486155586942112,-0.08741119207831838
2026-06-12,QCOM,93,33.0,technology,True,213.31,0.00969188055098913,0.017063327615844504,-0.14128407218026007,-0.1293920640826134,-0.18960732583406847,-0.19215696204296573
2026-06-12,CMI,91,44.0,industrials,False,662.12,0.06707780391882978,0.07444925098368516,0.017266260592234017,0.029158268689880695,-0.005622983019857197,-0.008172619228754452
2026-06-12,FDX,87,50.0,industrials,False,336.67,-0.03181871319203988,-0.024447266127184508,-0.041772056751300135,-0.029880048653653457,-0.0763436476721423,-0.07889328388103956
2026-06-12,AMAT,97,26.0,technology,True,566.15,0.08508766170030069,0.09245910876515606,0.17739592923409941,0.1892879373317461,0.009695361620057685,0.007145725411160431
2026-06-12,SLB,85,44.0,energy,True,56.81,-0.1340075670031714,-0.12663611993831603,-0.1623622289605443,-0.15047022086289763,-0.14141228190746802,-0.14396191811636527
2026-06-12,NXPI,92,33.0,technology,True,305.35,0.024305077989882795,0.03167652505473817,-0.11488978160056074,-0.10299777350291406,-0.09740184748327307,-0.09995148369217033
2026-06-12,BG,79,61.0,consumer_defensive,False,126.6,-0.10635223484080314,-0.09898078777594777,-0.12495988896573917,-0.1130678808680925,-0.06456527951220536,-0.06711491572110262
2026-06-12,GOOG,90,44.0,communication_services,False,359.34,-0.047023096217505445,-0.03965164915265007,-0.04019229565579174,-0.028300287558145065,-0.023661853415511303,-0.026211489624408557
2026-06-12,CFG,84,53.0,financials,False,67.17,-0.010190780921339737,-0.002819333856484363,0.02533116758972853,0.03722317568737521,0.023729760482884332,0.021180124273987078
2026-06-12,NTAP,93,31.0,technology,True,162.06,-0.029665980508442158,-0.022294533443586784,-0.04958629423680938,-0.0376942861391627,0.07312382146078833,0.07057418525189108
2026-06-12,CRWD,92,32.0,technology,True,684.83,-0.024874732403388777,-0.017503285338533403,0.07253091872596928,0.08442292682361596,0.2169142646672022,0.21436462845830495
2026-06-12,CAT,95,36.0,industrials,False,910.01,0.09334757976911634,0.10071902683397171,0.10501599894497615,0.11690800704262283,-0.001775431077279288,-0.004325067286176543
2026-06-12,CNC,95,36.0,healthcare,False,64.32,-0.014546617168876064,-0.0071751701040206894,-0.0012380350921435967,0.010653973005503081,0.06344782265330307,0.06089818644440581
2026-06-12,PANW,93,30.0,technology,True,279.65,0.02085192072021269,0.028223367785068065,0.18338982158501715,0.19528182968266383,0.2578507574516522,0.25530112124275495
2026-06-12,KLAC,96,25.0,technology,True,250.58,0.021208807690181297,0.02858025475503667,0.05622794521567909,0.06811995331332577,-0.12596280766759504,-0.1285124438764923
2026-06-12,DAL,90,42.0,industrials,False,82.97,-0.0015107840328694166,0.005860663031985958,0.08274251640210939,0.09463452449975607,-0.0038217856401698835,-0.006371421849067138
2026-06-12,JBHT,94,36.0,industrials,False,288.48,-0.05845883748632741,-0.051087390421472034,-0.00884795570336061,0.0030440523942860676,-0.03301651500162395,-0.0355661512105212
2026-06-12,HUM,97,31.0,healthcare,False,376.89,-0.03561118712057054,-0.028239740055715168,0.0421813176320085,0.054073325729655175,0.09006965743554485,0.08752002122664759
2026-06-12,GS,89,42.0,financials,False,1058.39,0.015465476240598575,0.02283692330545395,-0.06361513859516021,-0.051723130497513536,0.04633236343346159,0.04378272722456433
2026-06-12,AAPL,78,50.0,technology,True,291.13,0.009826039869147651,0.017197486934003026,-0.042091630639139455,-0.030199622541492777,0.07051547536947056,0.0679658391605733
2026-06-15,WBD,93,61.0,communication_services,False,27.14,-0.0007435114515724761,0.024543280052842786,-0.00892192470340547,-0.0011608124585200663,0.013754678233471873,0.010832987767490865
2026-06-15,ARM,99,36.0,technology,True,414.95,-0.08630919040289897,-0.06102239889848371,-0.11578551789471636,-0.10802440564983096,-0.3092019706592892,-0.31212366112527024
2026-06-15,MRVL,99,36.0,technology,True,308.04,-0.06716142250721968,-0.04187463100280442,-0.0041453913870529435,0.0036157208578324607,-0.31029695611388897,-0.31321864657987
2026-06-15,LITE,98,37.0,technology,True,959.07,-0.1362111646117521,-0.11092437310733683,-0.10476536225263244,-0.09700425000774704,-0.21542030918409183,-0.21834199965007284
2026-06-15,DELL,98,37.0,technology,True,412.2,0.03543590406820463,0.06072269557261989,0.04434327340194799,0.052104385646833395,-0.0011134842449180837,-0.004035174710899092
2026-06-15,HPE,98,37.0,technology,True,48.99,-0.004375692196851966,0.020911099307563297,-0.08191717571976709,-0.07415606347488168,-0.03551443740164428,-0.03843612786762529
2026-06-15,COHR,98,36.0,technology,True,413.14,-0.10034452728937293,-0.07505773578495767,-0.06907535207494186,-0.06131423983005646,-0.29348182427336555,-0.29640351473934656
2026-06-15,GLW,96,39.0,technology,True,187.83,0.03564760592619609,0.06093439743061135,0.36309294481447196,0.37085405705935737,-0.06926726003034434,-0.07218895049632534
2026-06-15,CASY,86,61.0,consumer_cyclical,False,863.85,-0.04727604403318586,-0.021989252528770598,-0.08976490952296212,-0.08200379727807672,-0.07407492546442596,-0.07699661593040696
2026-06-15,DD,82,58.0,basic_materials,True,49.01,-0.042666789562363916,-0.017379998057948653,-0.07254704023105252,-0.06478592798616711,-0.07788035536564475,-0.08080204583162576
2026-06-15,HUM,97,44.0,healthcare,False,378.26,-0.05606368187398636,-0.030776890369571097,0.04651520710307144,0.05427631934795685,0.07433656050440574,0.07141487003842473
2026-06-15,NUE,96,36.0,basic_materials,True,262.09,-0.08394818673300541,-0.05866139522859015,-0.14638541195759258,-0.13862429971270718,-0.0922752367236711,-0.09519692718965211
2026-06-15,AMD,99,31.0,technology,True,547.14,-0.0494432853740846,-0.024156493869669338,0.06220621621326017,0.06996732845814557,-0.03245625175915934,-0.035377942225140346
2026-06-15,INTC,99,31.0,technology,True,128.16,0.057309552665385066,0.08259634416980033,0.116057902658659,0.12381901490354441,-0.17680443320813022,-0.17972612367411123
2026-06-15,MU,99,31.0,technology,True,1084.42,-0.04358454622914276,-0.0182977547247275,0.04964091848272667,0.057402030727612074,-0.177576466454215,-0.180498156920196
2026-06-15,SNDK,99,31.0,technology,True,2103.5,-0.07993626627732897,-0.05464947477291371,0.06537814285876076,0.07313925510364616,-0.24327615174331996,-0.24619784220930097
2026-06-15,STX,99,31.0,technology,True,996.39,-0.005210656049126738,0.020076135455288524,-0.07503807138241225,-0.06727695913752685,-0.20606636623201569,-0.2089880566979967
2026-06-15,WDC,99,31.0,technology,True,645.23,-0.023340877354310785,0.0019459141501044774,-0.06997879896686232,-0.06221768672197692,-0.25181282874152566,-0.25473451920750667
2026-06-15,CSCO,94,38.0,technology,True,120.79,0.007149368312782345,0.03243615981719761,-0.023526478126590922,-0.015765365881705518,-0.06735289566262803,-0.07027458612860904
2026-06-15,QCOM,93,39.0,technology,True,221.69,-0.09608997850313439,-0.07080318699871913,-0.18172965864914659,-0.17396854640426118,-0.21188506309901634,-0.21480675356499734
2026-06-15,STLD,95,36.0,basic_materials,True,274.04,-0.11013328921578658,-0.08484649771137132,-0.16019572333765708,-0.15243461109277168,-0.13787027969149035,-0.14079197015747136
2026-06-15,VLO,83,54.0,energy,True,248.69,-0.0010659095554532705,0.024220881948961992,0.06763957940872234,0.07540069165360774,0.19972117810836476,0.19679948764238375
2026-06-15,DDOG,96,33.0,technology,True,235.68,-0.05426090019558205,-0.02897410869116679,0.11634678331191961,0.12410789555680501,0.1339263995461062,0.13100470908012518
2026-06-15,LRCX,97,31.0,technology,True,390.08,-0.03517800322093856,-0.009891211716523296,0.12591580151981385,0.13367691376469926,-0.12845652810360053,-0.13137821856958154
2026-06-15,ON,97,31.0,technology,True,125.29,-0.06613483060583236,-0.0408480391014171,-0.2457917665228737,-0.2380306542779883,-0.26174709180684574,-0.26466878227282675
2026-06-15,KLAC,96,31.0,technology,True,253.78,-0.039067624683004176,-0.013780833178588914,0.18582711131917917,0.19358822356406458,-0.11763543088765005,-0.12055712135363106
2026-06-15,ASML,95,31.0,technology,True,1905.78,-0.04997305443048261,-0.02468626292606735,0.06272934901935567,0.07049046126424108,-0.030309634868558644,-0.03323132533453965
2026-06-15,FTNT,95,31.0,technology,True,148.24,-0.0059108332479245185,0.019375958256490744,0.031837655016910826,0.03959876726179623,0.10498380649789896,0.10206211603191795
2026-06-15,FDX,88,50.0,industrials,False,342.02,-0.06092498716966532,-0.03563819566525006,-0.07309117892710404,-0.06533006668221863,-0.07223269833689971,-0.07515438880288072
2026-06-15,ADI,91,36.0,technology,True,430.46,-0.04531279304758795,-0.02002600154317269,-0.06896549336925883,-0.06120438112437343,-0.0835228558862341,-0.0864445463522151
2026-06-15,MPWR,95,30.0,technology,True,1653.38,-0.13757511589089322,-0.11228832438647796,-0.16137496562511788,-0.15361385338023248,-0.17939285470079913,-0.18231454516678014
2026-06-15,JBL,94,31.0,technology,True,389.85,-0.038214595966000076,-0.012927804461584813,-0.006008017188147696,0.001753095056737708,-0.17696809498775978,-0.1798897854537408
2026-06-15,AMAT,97,26.0,technology,True,589.3,0.006684084011333358,0.03197087551574862,0.2422894850547428,0.2500505972996282,-0.0043986948467887865,-0.007320385312769795
2026-06-15,CHRW,88,48.0,industrials,False,189.37,-0.05300501906158406,-0.027718227557168795,-0.002700554841468694,0.00506055740341671,0.04580350166722069,0.042881811201239683
2026-06-15,HST,87,49.0,real_estate,False,24.76,-0.0020105388888908005,0.023276252615524462,-0.01009723927556938,-0.0023361270306839765,-0.006339729776011271,-0.00926142024199228
2026-06-15,NTAP,92,33.0,technology,True,161.79,-0.02622329642349841,-0.0009365049190831476,-0.045104033404767985,-0.03734292115988258,0.0032228642420275566,0.00030117377604654827
2026-06-15,GOOG,90,44.0,communication_services,False,369.54,-0.05819611946132108,-0.03290932795690582,-0.038466338815222434,-0.03070522657033703,0.007470009499707109,0.0045483190337261
2026-06-15,TXN,93,31.0,technology,True,312.42,-0.02310958650022865,0.002177205004186611,-0.043298236032468074,-0.03553712378758267,-0.0332841499738914,-0.036205840439872405
2026-06-15,CFG,84,53.0,financials,False,67.1,0.030008790301386146,0.05529558180580141,0.04613304964328879,0.0538941618881742,0.06180939060025881,0.0588877001342778
2026-06-15,TER,97,25.0,technology,True,432.06,-0.02806251071838073,-0.0027757192139654663,0.11935215840228808,0.12711327064717348,-0.20851366056148768,-0.2114353510274687
2026-06-15,FSLR,88,38.0,technology,True,274.31,-0.07845887241122163,-0.05317208090680636,-0.12756040017453452,-0.11979928792964911,-0.17244688902020477,-0.17536857948618578
2026-06-15,NXPI,92,31.0,technology,True,316.81,-0.0383456334399479,-0.013058841935532639,-0.09591761733503479,-0.08815650509014938,-0.1024160369331546,-0.1053377273991356
2026-06-15,ROST,85,50.0,consumer_cyclical,False,237.05,-0.031541953174896276,-0.006255161670481013,-0.10003798776342054,-0.09227687551853514,-0.04524116009260115,-0.04816285055858216
2026-06-15,CRWD,91,32.0,technology,True,693.24,-0.017570443366064614,0.007716348138350648,0.1010564017176192,0.10881751396250461,0.19330886871266095,0.19038717824667994
2026-06-15,CNC,94,36.0,healthcare,False,62.88,-0.0014233774037555325,0.02386341410065973,0.015182712416891064,0.02294382466177647,0.05345565542598907,0.05053396496000806
2026-06-15,TRGP,79,50.0,energy,True,265.89,0.032982173000355886,0.05826896450477115,0.03075259356579929,0.038513705810684695,0.06927032558935897,0.06634863512337796
2026-06-15,PANW,92,30.0,technology,True,283.57,0.027259890141033916,0.05254668164544918,0.2041665759688307,0.2119276882137161,0.25007052879245006,0.24714883832646906
2026-06-15,FCX,84,42.0,basic_materials,True,69.89,-0.08756019964279649,-0.062273408138381225,-0.10895441568164665,-0.10119330343676125,-0.13406087061471783,-0.13698256108069884
2026-06-15,BNY,84,50.0,financials,False,143.72,0.023060290466897948,0.04834708197131321,0.004445320642137984,0.012206432887023388,0.12766548216650064,0.12474379170051964
2026-06-15,GS,89,42.0,financials,False,1079.53,0.007771643441562448,0.03305843494597771,-0.06872003603447396,-0.06095892378958856,0.06083793845303975,0.057916247987058744
2026-06-16,INTC,99,42.0,technology,True,120.07,0.08042671764534037,0.10193769548670772,0.04242920175369003,0.04723254122572473,-0.20410336831041875,-0.2059189873426026
2026-06-16,GLW,96,44.0,technology,True,179.0,0.14963142584542188,0.17114240368678924,0.2322945307722113,0.237097870244246,-0.11533733520677103,-0.11715295423895489
2026-06-16,DELL,99,37.0,technology,True,410.66,0.05354367066435617,0.07505464850572352,0.0321602364051512,0.036963575877185906,-0.05004848785855498,-0.05186410689073884
2026-06-16,HUM,97,49.0,healthcare,False,372.43,-0.016561033790146396,0.004949944051220956,0.11599798625115287,0.12080132572318758,0.05346807640412332,0.051652457371939464
2026-06-16,ARM,99,36.0,technology,True,409.42,-0.128404347306593,-0.10689336946522565,-0.1808583129730963,-0.17605497350106158,-0.3640225186208852,-0.36583813765306905
2026-06-16,MRVL,99,36.0,technology,True,293.2,-0.05527670665957518,-0.03376572881820783,-0.07115311726150697,-0.06634977778947226,-0.35693794004008494,-0.3587535590722688
2026-06-16,MU,99,36.0,technology,True,1045.36,-0.012051328522251992,0.00945964931911536,-0.027343811089982184,-0.022540471617947477,-0.19595667506758407,-0.19777229409976793
2026-06-16,HPE,98,37.0,technology,True,49.12,-0.015151534265387512,0.0063594435759798396,-0.11212118275967498,-0.10731784328764027,-0.0882828378789915,-0.09009845691117535
2026-06-16,CASY,88,61.0,consumer_cyclical,False,877.91,-0.06886902486719859,-0.04735804702583124,-0.08870346852155941,-0.08390012904952471,-0.03901842279828238,-0.04083404183046624
2026-06-16,QCOM,93,44.0,technology,True,219.01,-0.09874903566461013,-0.07723805782324278,-0.1694667450619981,-0.1646634055899634,-0.22110115529571528,-0.22291677432789914
2026-06-16,JBHT,93,44.0,industrials,True,279.0,-0.03593828753260264,-0.01442730969123529,0.03934214913627554,0.044145488608310246,0.06922498746408245,0.0674093684318986
2026-06-16,ON,97,38.0,technology,True,121.33,-0.03742515036550853,-0.01591417252414118,-0.2129906941562606,-0.2081873546842259,-0.26713236600003165,-0.2689479850322155
2026-06-16,AMD,98,36.0,technology,True,519.65,-0.018728964643604185,0.002782013197763167,0.021183461668189185,0.025986801140223892,-0.054223411545746614,-0.05603903057793047
2026-06-16,COHR,98,36.0,technology,True,392.53,0.01415950375145747,0.03567048159282482,-0.04746523600500274,-0.042661896532968036,-0.28437807008129956,-0.2861936891134834
2026-06-16,DDOG,96,38.0,technology,True,232.46,-0.03614721256933173,-0.014636234727964381,0.14493511249492697,0.14973845196696167,0.13558444729099017,0.13376882825880632
2026-06-16,MPWR,95,38.0,technology,True,1553.56,-0.07156631745820807,-0.05005533961684072,-0.1370364787398397,-0.132233139267805,-0.15393634847957316,-0.15575196751175702
2026-06-16,FDX,87,50.0,industrials,True,335.59,-0.05280902550252087,-0.031298047661153516,-0.061598302613145584,-0.05679496314111088,-0.048713163749364186,-0.05052878278154804
2026-06-16,KLAC,96,36.0,technology,True,242.31,-0.018248659941034084,0.003262317900333267,0.08671164052447855,0.09151497999651326,-0.10442950882322477,-0.10624512785540863
2026-06-16,SNDK,99,31.0,technology,True,2025.69,-0.0771863935375976,-0.055675415696230246,-0.020423368179966817,-0.01562002870793211,-0.31982710016250626,-0.3216427191946901
2026-06-16,STX,99,31.0,technology,True,1038.76,-0.04816061176593567,-0.026649633924568317,-0.1229661497232779,-0.1181628102512432,-0.28559101765988304,-0.2874066366920669
2026-06-16,WDC,99,31.0,technology,True,692.35,-0.07426521253651219,-0.05275423469514484,-0.13963017418609214,-0.13482683471405743,-0.3287945092866382,-0.3306101283188221
2026-06-16,DD,81,58.0,basic_materials,True,48.28,-0.05004131683005064,-0.02853033898868329,-0.045561115621266746,-0.04075777614923204,-0.07437285214917044,-0.0761884711813543
2026-06-16,CSCO,94,38.0,technology,True,119.64,0.006472844925691668,0.02798382276705902,-0.016392019150817783,-0.011588679678783076,-0.07472897178801496,-0.07654459082019882
2026-06-16,ASML,95,36.0,technology,True,1836.43,-0.07085699682495983,-0.04934601898359248,-0.028547242778067305,-0.0237439033060326,-0.05920827381774885,-0.061023892849932704
2026-06-16,CHRW,87,48.0,industrials,True,189.19,-0.060519268262448134,-0.03900829042108078,0.013619580213131588,0.018422919685166295,0.09035508437711703,0.08853946534493318
2026-06-16,JBL,95,36.0,technology,True,382.26,-0.09836069086197508,-0.07684971302060772,-0.08977593396444183,-0.08497259449240713,-0.25535935331227577,-0.25717497234445963
2026-06-16,NTAP,93,38.0,technology,True,160.79,-0.03683982239554917,-0.01532884455418182,-0.03176271793127172,-0.026959378459237016,-0.008265627917855012,-0.010081246950038869
2026-06-16,ADI,90,42.0,technology,True,423.87,-0.02011192564544584,0.001399052195921513,-0.07745938757994575,-0.07265604810791104,-0.09750021373585804,-0.0993158327680419
2026-06-16,FTNT,94,36.0,technology,True,145.58,-0.0036348589820385246,0.017876118859328827,0.0903230120668026,0.0951263515388373,0.10266786551921747,0.10085224648703361
2026-06-16,ROST,85,58.0,consumer_cyclical,False,235.11,-0.02520258131746267,-0.0036916034760953176,-0.09637529419580493,-0.09157195472377022,-0.007590613221892029,-0.009406232254075886
2026-06-16,AMAT,97,31.0,technology,True,580.11,-0.005151948827019748,0.016359029014347604,0.0994729001511867,0.10427623962322141,-0.05251514829678827,-0.05433076732897213
2026-06-16,LRCX,97,31.0,technology,True,374.16,-0.01884815469757628,0.002662823143791071,0.024240939444468923,0.02904427891650363,-0.15979057509307848,-0.16160619412526234
2026-06-16,TXN,93,36.0,technology,True,309.45,-0.013056786753453786,0.008454191087913565,-0.028360244144869817,-0.02355690467283511,-0.051771213086004186,-0.053586832118188044
2026-06-16,NUE,96,31.0,basic_materials,True,261.33,-0.06775189817130156,-0.04624092032993421,-0.1490003475327607,-0.144197008060726,-0.08430701600484458,-0.08612263503702844
2026-06-16,NXPI,91,38.0,technology,True,308.92,-0.04521405548198987,-0.023703077640622516,-0.09352809996681943,-0.08872476049478473,-0.1211916936161459,-0.12300731264832976
2026-06-16,PANW,92,36.0,technology,True,278.35,0.02075437804298086,0.04226535588434821,0.25971523405528574,0.26451857352732044,0.26669291153713215,0.2648772925049483
2026-06-16,DAL,88,42.0,industrials,True,83.91,0.08719120836548533,0.10870218620685268,0.11609497797052493,0.12089831744255963,0.04238511408271073,0.04056949505052687
2026-06-16,STLD,95,31.0,basic_materials,True,276.79,-0.11346523353606164,-0.09195425569469429,-0.18384694924964984,-0.17904360977761513,-0.13519283614466848,-0.13700845517685234
2026-06-16,GNRC,94,32.0,industrials,True,270.85,0.054088207530401444,0.0755991853717688,0.002448448093511857,0.0072517875655465636,-0.20099418744060582,-0.20280980647278968
2026-06-16,CMI,92,34.0,industrials,True,706.44,-0.028045077127007767,-0.006534099285640416,-0.04559951622309599,-0.040796176751061286,-0.0938426251128508,-0.09565824414503465
2026-06-16,KEYS,92,34.0,technology,True,357.36,-0.008831094849457877,0.012679882991909475,-0.05312752013481703,-0.04832418066278232,-0.11756900874998555,-0.1193846277821694
2026-06-16,FCX,86,42.0,basic_materials,True,70.82,-0.11820904190310377,-0.09669806406173642,-0.13688862936920654,-0.13208528989717183,-0.1629525474009469,-0.16476816643313075
2026-06-16,GOOG,90,44.0,communication_services,False,370.17,-0.05996450164487688,-0.038453523803509526,-0.024955697494614903,-0.020152358022580197,-0.03607137447771602,-0.03788699350989988
2026-06-16,GOOGL,90,44.0,communication_services,False,372.33,-0.06458431390041819,-0.04307333605905084,-0.021455916888605597,-0.01665257741657089,-0.03974216330841396,-0.041557782340597815
2026-06-16,CFG,84,53.0,financials,False,67.1,0.03255540730522544,0.05406638514659279,0.06763796697160562,0.07244130644364033,0.10599083510230689,0.10417521607012303
2026-06-16,TER,97,25.0,technology,True,424.86,-0.0047293569736232,0.01678162086774415,-0.004403245461048866,0.00040009401098584085,-0.24912052515504124,-0.2509361441872251
2026-06-16,MCHP,89,36.0,technology,True,97.42,-0.05313804427646529,-0.03162706643509794,-0.09194226211268164,-0.08713892264064693,-0.1637145801369816,-0.16553019916916545
2026-06-16,CVS,86,49.0,healthcare,False,100.28,0.015551804620468568,0.03706278246183592,0.04486089533410387,0.049664234806138574,0.061708686371536814,0.05989306733935296
2026-06-16,BNY,85,50.0,financials,False,144.23,-0.006986316554679739,0.014524661286687612,0.010029722662237006,0.014833062134271713,0.11267888916708779,0.11086327013490394
2026-06-16,CAT,95,26.0,industrials,True,958.15,0.03915445317124777,0.06066543101261512,0.03597780160135189,0.040781141073386595,-0.08339771649671657,-0.08521333552890042
2026-06-17,KEYS,91,52.0,technology,True,355.64,0.001696996330079914,0.019697442797383502,-0.12683273141526674,-0.12284755900739996,-0.12115737051488407,-0.11517947292503772
2026-06-17,FDX,85,59.0,industrials,True,331.25,0.002202510997913576,0.020202957465217164,-0.047810231191824926,-0.04382505878395815,-0.04787109287932323,-0.04189319528947688
2026-06-17,DELL,99,37.0,technology,True,421.73,-0.04752485191850997,-0.02952440545120638,-0.08272072487899129,-0.07873555247112451,-0.07802182176905237,-0.07204392417920602
2026-06-17,ARM,99,36.0,technology,True,423.59,-0.2101897913398828,-0.19218934487257922,-0.2838533037828779,-0.2798681313750111,-0.39308792739305587,-0.3871100298032095
2026-06-17,INTC,99,36.0,technology,True,122.03,0.008041860088211727,0.026042306555515315,-0.08694332218144774,-0.08295814977358096,-0.27896212217681715,-0.2729842245869708
2026-06-17,SNDK,99,36.0,technology,True,1989.97,0.14195168863400376,0.15995213510130735,-0.14659284939343187,-0.1426076769855651,-0.3374137364197751,-0.3314358388299288
2026-06-17,VRT,95,42.0,industrials,True,321.47,-0.01708784183991685,0.0009126046273867372,-0.09268489309311112,-0.08869972068524434,-0.12580388650806307,-0.11982598891821672
2026-06-17,HPE,98,37.0,technology,True,50.26,-0.04992365169559598,-0.031923205228292395,-0.1615657801244328,-0.157580607716566,-0.06822568458482248,-0.06224778699497613
2026-06-17,JBHT,93,44.0,industrials,True,273.81,0.027724777317740035,0.04572522378504362,0.069442893997538,0.07342806640540478,0.0903207098662937,0.09629860745614005
2026-06-17,ON,97,38.0,technology,True,116.07,0.0072100982146219295,0.025210544681925517,-0.22622782515076612,-0.22224265274289934,-0.25888537451079396,-0.2529074769209476
2026-06-17,DD,83,58.0,basic_materials,True,49.07,-0.0548696869331049,-0.03686924046580131,-0.04039783548069209,-0.03641266307282531,-0.07208517226791766,-0.06610727467807131
2026-06-17,CASY,86,61.0,consumer_cyclical,False,853.73,-0.08707936502741431,-0.06907891856011072,-0.07229277287683633,-0.06830760046896955,-0.0005118850525727137,0.0054660125372736346
2026-06-17,MRVL,99,31.0,technology,True,293.72,-0.07925488575437778,-0.06125443928707419,-0.19700792977236825,-0.19302275736450147,-0.38217652135650115,-0.3761986237666548
2026-06-17,MU,99,31.0,technology,True,1053.9,0.0952017024472378,0.11320214891454139,-0.11958622823702458,-0.1156010558291578,-0.2337301208066831,-0.22775222321683675
2026-06-17,STX,99,31.0,technology,True,1082.38,-0.09464682640295319,-0.0766463799356496,-0.27583048705847013,-0.27184531465060335,-0.3045267021681326,-0.29854880457828625
2026-06-17,WDC,99,31.0,technology,True,724.48,-0.11615517482277149,-0.0981547283554679,-0.2946411034502998,-0.29065593104243304,-0.37548908960665817,-0.3695111920168118
2026-06-17,FSLR,90,44.0,technology,True,262.58,-0.05099236874179991,-0.03299192227449632,-0.14286256746481396,-0.13887739505694718,-0.19087784162914478,-0.18489994403929844
2026-06-17,QCOM,93,39.0,technology,True,218.85,-0.07163246574750215,-0.05363201928019856,-0.20144082482904424,-0.19745565242117746,-0.22169363227858785,-0.2157157346887415
2026-06-17,CHRW,87,48.0,industrials,True,189.02,-0.0354086877447739,-0.017408241277470315,0.015457917220303763,0.01944308962817054,0.11521178103639573,0.12118967862624208
2026-06-17,COHR,97,33.0,technology,True,384.57,0.03362944162436543,0.05162988809166902,-0.1539086666203997,-0.14992349421253293,-0.29543145659006187,-0.2894535590002155
2026-06-17,HUM,97,42.0,healthcare,False,365.5,0.034302529072649746,0.052302975539953334,0.0939566242158909,0.09794179662375768,0.10291783159762158,0.10889572918746793
2026-06-17,NUE,95,36.0,basic_materials,True,257.47,-0.01605061967978738,0.0019498267875162067,-0.12515460472040352,-0.12116943231253674,-0.06230048476892647,-0.05632258717908012
2026-06-17,STLD,95,36.0,basic_materials,True,274.25,-0.04161892350128227,-0.02361847703397868,-0.156587099714662,-0.15260192730679523,-0.0987242391689116,-0.09274634157906525
2026-06-17,AMD,98,31.0,technology,True,521.6,0.001862354118942866,0.019862800586246454,-0.025885114795990094,-0.021899942388123317,-0.06738403659399539,-0.06140613900414904
2026-06-17,CSCO,93,38.0,technology,True,118.75,0.0031196960400077245,0.021120142507311312,-0.049831368514316576,-0.0458461961064498,-0.05262425735887366,-0.04664635976902731
2026-06-17,TXN,93,38.0,technology,True,305.15,-0.0041518049031625814,0.013848641564141007,-0.06397111734956362,-0.059985944941696845,-0.0929066582351955,-0.08692876064534916
2026-06-17,CSX,78,60.0,industrials,True,46.12,0.03332607957610523,0.051326526043408816,0.06490960872703733,0.0688947811349041,0.10542368691910342,0.11140158450894977
2026-06-17,DDOG,96,33.0,technology,True,231.98,-0.013836774404681451,0.004163672062622137,0.16211387767291874,0.16609905008078552,0.15465992766309422,0.16063782525294057
2026-06-17,FTNT,94,36.0,technology,True,144.45,0.044881085344470106,0.0628815318117737,0.0889260158781151,0.09291118828598188,0.1262805381804153,0.13225843577026164
2026-06-17,AMAT,97,31.0,technology,True,605.47,0.07305782302309716,0.09105826949040075,-0.03129225639262001,-0.027307083984753233,-0.1491680128828562,-0.14319011529300985
2026-06-17,LRCX,97,31.0,technology,True,384.15,0.01158045324296153,0.02958089971026512,-0.11532655123462199,-0.11134137882675521,-0.21126840105397904,-0.2052905034641327
2026-06-17,JBL,93,36.0,technology,True,387.09,-0.03517895388824055,-0.01717850742093696,-0.1210404703926371,-0.11705529798477032,-0.22480040860299522,-0.21882251101314887
2026-06-17,PWR,89,42.0,industrials,True,719.09,-0.00479188155592758,0.013208564911376008,-0.07428551209597078,-0.07030033968810401,-0.1293870727004085,-0.12340917511056215
2026-06-17,TER,97,30.0,technology,True,420.64,0.11883937979089998,0.13683982625820357,-0.1250266527638827,-0.12104148035601592,-0.23580590377850963,-0.22982800618866328
2026-06-17,CMI,94,34.0,industrials,True,729.42,-0.0072315482783339435,0.010768898188969644,-0.09713595446132373,-0.09315078205345695,-0.11517419522047057,-0.10919629763062422
2026-06-17,GEV,88,43.0,industrials,True,1033.09,-0.005096155416852488,0.0129042910504511,0.020237716159762442,0.02422288856762922,-0.030420852392075926,-0.024442954802229577
2026-06-17,NTAP,91,38.0,technology,True,158.48,-0.025529525070476566,-0.007529078603172978,-0.028176954364551476,-0.0241917819566847,0.03616837999840783,0.04214627758825418
2026-06-17,KLAC,96,30.0,technology,True,240.84,0.02792223012187378,0.04592267658917737,-0.06442390826067856,-0.06043873585281179,-0.15498275604930833,-0.149004858459462
2026-06-17,ASML,95,31.0,technology,True,1916.16,-0.04313528315747173,-0.02513483669016814,-0.08048107535945903,-0.07649590295159225,-0.09177939125135237,-0.08580149366150602
2026-06-17,CAT,96,29.0,industrials,True,968.91,0.07968334635428698,0.09768379282159056,-0.015801761072765208,-0.01181658866489843,-0.10083755273557249,-0.09485965514572614
2026-06-17,DAL,87,42.0,industrials,True,83.14,0.09485325165237302,0.1128536981196766,0.1024604838563059,0.10644565626417268,0.002945733821097196,0.008923631410943544
2026-06-17,GNRC,95,30.0,industrials,True,278.4,0.07836766240428483,0.09636810887158842,-0.07690617240921405,-0.07292100000134727,-0.21482587274355724,-0.2088479751537109
2026-06-17,ADI,90,37.0,technology,True,424.26,-0.019473116756231645,-0.0014726702889280574,-0.1151256668161148,-0.11114049440824803,-0.11934879326375092,-0.11337089567390457
2026-06-17,AAPL,80,50.0,technology,True,298.47,-0.07701847463175293,-0.05901802816444934,0.0352890422484069,0.039274214656273676,0.11951965429390432,0.12549755188375067
2026-06-17,NXPI,91,33.0,technology,True,307.97,-0.03162801589456865,-0.013627569427265063,-0.11360118836620181,-0.10961601595833503,-0.1357482041195045,-0.12977030652965815
2026-06-17,ANET,89,36.0,technology,True,169.99,-0.0335864491968324,-0.015586002729528814,-0.06547892321789683,-0.06149375081003006,-0.015128483551747007,-0.009150585961900659
2026-06-17,CVS,86,49.0,healthcare,False,99.62,0.05546591275724322,0.0734663592245468,0.05607100070319304,0.06005617311105982,0.08380394017064718,0.08978183776049353
2026-06-17,NEM,85,42.0,basic_materials,True,111.39,-0.10317909729072539,-0.0851786508234218,-0.08728365306683072,-0.08329848065896395,-0.15632059926717612,-0.15034270167732977
2026-06-17,UNH,86,49.0,healthcare,False,407.4,0.03168062270585992,0.049681069173163506,0.056086599018434935,0.06007177142630171,0.05789902891071619,0.06387692650056254
2026-06-17,ODFL,79,50.0,industrials,True,224.63,-0.005197345987352664,0.012803100479950924,-0.016360185610814537,-0.01237501320294776,0.05680837659148308,0.06278627418132943
2026-06-18,MPWR,95,50.0,technology,True,1552.44,-0.1754076964100465,-0.15038426331436072,-0.153517699442985,-0.1583057078195882,-0.16441518952221146,-0.15691217204511942
2026-06-18,HPE,98,44.0,technology,True,47.29,-0.09013325026365815,-0.06510981716797237,-0.10179010189304238,-0.10657811026964559,-0.07243960009874151,-0.06493658262164947
2026-06-18,DELL,98,42.0,technology,True,421.6,-0.037814042927655334,-0.012790609831969557,-0.008164938429229163,-0.012952946805832366,-0.08022832199444396,-0.07272530451735193
2026-06-18,VRT,96,42.0,industrials,True,332.92,-0.10307479254069463,-0.07805135944500885,-0.060227834392814206,-0.06501584276941741,-0.13931177099069847,-0.13180875351360644
2026-06-18,INTC,99,37.0,technology,True,133.4,-0.0776307372917272,-0.05260730419604143,-0.12162161272858574,-0.12640962110518894,-0.3023289177315208,-0.2948259002544288
2026-06-18,AMD,99,36.0,technology,True,532.75,-0.04384964786463108,-0.018826214768945304,0.01200731034458058,0.007219301967977376,-0.07686524780161552,-0.06936223032452349
2026-06-18,ARM,99,36.0,technology,True,427.44,-0.2403472719110462,-0.21532383881536044,-0.2676863142778615,-0.2724743226544647,-0.3872918071506549,-0.3797887896735629
2026-06-18,MRVL,99,36.0,technology,True,323.26,-0.14876041250918726,-0.12373697941350148,-0.20460131910950907,-0.20938932748611228,-0.3778101299217931,-0.37030711244470105
2026-06-18,GLW,97,39.0,technology,True,188.82,0.1026037882163795,0.12762722131206528,-0.028331987244905155,-0.03311999562150836,-0.23633279254037254,-0.2288297750632805
2026-06-18,DD,82,60.0,basic_materials,True,47.59,-0.03318530702558686,-0.008161873929901087,-0.006200109569153733,-0.010988117945756937,-0.043542532997284944,-0.03603951552019291
2026-06-18,DDOG,95,38.0,technology,True,220.22,0.0811895697353806,0.10621300283106638,0.15153426293611805,0.14674625455951484,0.1868419855767236,0.19434500305381563
2026-06-18,QCOM,94,39.0,technology,True,222.6,-0.15045078328557315,-0.12542735018988738,-0.1635042472464333,-0.1682922556230365,-0.2359933028404657,-0.22849028536337368
2026-06-18,COHR,98,33.0,technology,True,392.9,-0.03665454301619564,-0.011631109920509863,-0.15021262417561632,-0.15500063255221952,-0.2775415458608411,-0.2700385283837491
2026-06-18,MU,99,31.0,technology,True,1125.22,-0.05340987866114255,-0.028386445565456775,-0.1766552333158089,-0.1814432416924121,-0.2763930135917019,-0.26888999611460984
2026-06-18,SNDK,99,31.0,technology,True,2162.23,-0.08834590348263005,-0.06332247038694427,-0.23934126001845124,-0.24412926839505444,-0.3934762617824523,-0.3859732443053603
2026-06-18,STX,99,31.0,technology,True,1066.71,-0.17305622366315043,-0.14803279056746466,-0.20213114587907366,-0.20691915425567686,-0.2626058614501432,-0.25510284397305116
2026-06-18,WDC,99,31.0,technology,True,743.0,-0.2410869746033084,-0.21606354150762264,-0.2527207586133404,-0.2575087669899436,-0.3692397284623302,-0.3617367109852382
2026-06-18,CASY,85,61.0,consumer_cyclical,False,837.99,-0.07854438343799808,-0.0535209503423123,-0.04475737992365869,-0.049545388300261894,0.025396482940067244,0.03289950041715928
2026-06-18,FDX,85,52.0,industrials,True,326.63,-0.023842390302337035,0.001181042793348741,-0.05019771136676732,-0.05498571974337052,-0.061567183348381516,-0.05406416587128948
2026-06-18,CHRW,86,50.0,industrials,True,184.71,-0.030858107461141038,-0.005834674365455261,0.019077048809575947,0.014289040432972744,0.11219199647644951,0.11969501395354154
2026-06-18,TXN,95,36.0,technology,True,318.99,-0.1297866243425807,-0.10476319124689493,-0.0746951165301154,-0.0794831249067186,-0.13393292189696226,-0.12642990441987023
2026-06-18,ON,97,33.0,technology,True,120.01,-0.2781493852195337,-0.2531259521238479,-0.2459786505753151,-0.2507666589519183,-0.30960347440604874,-0.3021004569289567
2026-06-18,LRCX,98,31.0,technology,True,394.91,-0.04844502323972766,-0.02342159014404188,-0.12096190688920117,-0.12574991526580437,-0.23000075570170575,-0.22249773822461372
2026-06-18,CFG,84,61.0,financials,False,66.85,0.04311751745595793,0.06814095055164371,0.06845457070068339,0.06366656232408019,0.05941621266606756,0.06691923014315959
2026-06-18,CSCO,93,38.0,technology,True,118.92,-0.04874589983343014,-0.023722466737744363,-0.04342479181727377,-0.04821280019387697,-0.07095213963708091,-0.06344912215998888
2026-06-18,ADI,90,42.0,technology,True,433.36,-0.11613931635105479,-0.09111588325536901,-0.11175328316540789,-0.1165412915420111,-0.1491490707571973,-0.14164605328010527
2026-06-18,CSX,78,60.0,industrials,True,45.98,0.04357349280094924,0.06859692589663502,0.06875417495819014,0.06396616658158694,0.09721926842756545,0.10472228590465749
2026-06-18,FTNT,94,36.0,technology,True,145.19,0.034094052147818354,0.05911748524350413,0.10925119859580779,0.10446319021920458,0.09565455002471368,0.10315756750180571
2026-06-18,AMAT,97,31.0,technology,True,620.95,0.0009902090970423938,0.02601364219272817,-0.05338372593942309,-0.05817173431602629,-0.1605185650512161,-0.15301554757412406
2026-06-18,NXPI,92,38.0,technology,True,314.83,-0.13235208736188242,-0.10732865426619664,-0.12142104361817074,-0.12620905199477395,-0.16317166059819999,-0.15566864312110795
2026-06-18,NTAP,92,38.0,technology,True,158.96,-0.04599502092605756,-0.020971587830371785,0.023466819551020812,0.01867881117441761,0.011573734793357326,0.01907675227044936
2026-06-18,JBHT,91,39.0,industrials,True,271.48,0.027266660583316504,0.05229009367900228,0.017884540819529393,0.01309653244292619,0.06505158088438234,0.07255459836147438
2026-06-18,JBL,91,39.0,technology,True,369.58,-0.04627657371856264,-0.021253140622876865,-0.10047873417427633,-0.10526674255087953,-0.18640955286436656,-0.17890653538727452
2026-06-18,ROST,84,58.0,consumer_cyclical,False,235.14,-0.09409121988754343,-0.06906778679185765,-0.1021622312743814,-0.1069502396509846,0.0015716768205276122,0.009074694297619645
2026-06-18,CMI,94,34.0,industrials,True,722.58,-0.047402805425863725,-0.02237937233017795,-0.05799999964987601,-0.06278800802647921,-0.11190277875866217,-0.10439976128157014
2026-06-18,GOOG,89,50.0,communication_services,False,365.18,-0.0628473630214279,-0.03782392992574213,0.021742408354163967,0.016954399977560763,-0.016142390332336554,-0.00863937285524452
2026-06-18,DAL,88,42.0,industrials,True,84.23,0.0955029418069151,0.12052637490260087,0.08497037540400965,0.08018236702740644,0.0029436711147230454,0.010446688591815079
2026-06-18,KEYS,92,36.0,technology,True,362.77,-0.11398069364593655,-0.08895726055025077,-0.1380546479701047,-0.1428426563467079,-0.1531514454755185,-0.14564842799842648
2026-06-18,NUE,94,33.0,basic_materials,True,245.6,-0.020426503128859186,0.004596929966826591,-0.08297274850564029,-0.0877607568822435,-0.05504257051546957,-0.047539553038377536
2026-06-18,STLD,94,33.0,basic_materials,True,252.8,-0.019451942755769225,0.005571490339916552,-0.09096905208846384,-0.09575706046506705,-0.07727772848432624,-0.0697747110072342
2026-06-18,ASML,95,31.0,technology,True,1917.82,-0.08134039223107792,-0.05631695913539214,-0.06575315818980898,-0.07054116656641218,-0.1098018416752532,-0.10229882419816116
2026-06-18,FER,75,61.0,industrials,True,69.72,-0.013136943508224252,0.011886489587461524,-0.015158011740258659,-0.019946020116861862,-0.0840190004644602,-0.07651598298736817
2026-06-18,GNRC,95,31.0,industrials,True,287.7,-0.02984089714601834,-0.004817464050332565,-0.1023016283054865,-0.1070896366820897,-0.2574602242865046,-0.24995720680941258
2026-06-18,CAT,96,29.0,industrials,True,986.22,-0.0018113437044169345,0.023212089391268842,-0.02938116955246517,-0.03416917792906837,-0.1334727545250426,-0.12596973704795056
2026-06-18,FSLR,90,38.0,technology,True,256.78,-0.08187720774548024,-0.056853774649794464,-0.10495800742107197,-0.10974601579767518,-0.21152891428732157,-0.20402589681022953
2026-06-18,ANET,90,36.0,technology,True,168.06,-0.07354061761184116,-0.04851718451615539,0.018634990050975242,0.013846981674372039,-0.004467665064423532,0.0030353524126685016
2026-06-18,FCX,86,42.0,basic_materials,True,68.08,-0.08832114595337448,-0.0632977128576887,-0.10948906073732723,-0.11427706911393043,-0.13966867281095197,-0.13216565533385993
2026-06-18,TER,97,25.0,technology,True,430.29,-0.042267814651705815,-0.01724438155602004,-0.16797478589068204,-0.17276279426728525,-0.2682947979232322,-0.26079178044614015
2026-06-18,PWR,88,38.0,industrials,True,708.4,-0.03389041110936397,-0.008866978013678195,-0.053169879865677006,-0.05795788824228021,-0.11143721422570307,-0.10393419674861104
2026-06-18,PANW,93,30.0,technology,True,284.71,0.056286754825971785,0.08131018792165756,0.2414667554532992,0.236678747076696,0.21066709081923052,0.21817010829632255
2026-06-19,MRVL,99,49.0,technology,True,310.58,-0.14876041250918726,-0.12373697941350148,-0.20460131910950907,-0.20938932748611228,-0.3778101299217931,-0.37030711244470105
2026-06-19,MPWR,95,50.0,technology,True,1563.7,-0.1754076964100465,-0.15038426331436072,-0.153517699442985,-0.1583057078195882,-0.16441518952221146,-0.15691217204511942
2026-06-19,GLW,97,42.0,technology,True,194.92,0.1026037882163795,0.12762722131206528,-0.028331987244905155,-0.03311999562150836,-0.23633279254037254,-0.2288297750632805
2026-06-19,WDC,99,38.0,technology,True,746.23,-0.2410869746033084,-0.21606354150762264,-0.2527207586133404,-0.2575087669899436,-0.3692397284623302,-0.3617367109852382
2026-06-19,HPE,98,39.0,technology,True,47.41,-0.09013325026365815,-0.06510981716797237,-0.10179010189304238,-0.10657811026964559,-0.07243960009874151,-0.06493658262164947
2026-06-19,VRT,96,42.0,industrials,True,333.05,-0.10307479254069463,-0.07805135944500885,-0.060227834392814206,-0.06501584276941741,-0.13931177099069847,-0.13180875351360644
2026-06-19,INTC,99,37.0,technology,True,133.99,-0.0776307372917272,-0.05260730419604143,-0.12162161272858574,-0.12640962110518894,-0.3023289177315208,-0.2948259002544288
2026-06-19,QCOM,94,44.0,technology,True,226.11,-0.15045078328557315,-0.12542735018988738,-0.1635042472464333,-0.1682922556230365,-0.2359933028404657,-0.22849028536337368
2026-06-19,TER,98,38.0,technology,True,437.92,-0.042267814651705815,-0.01724438155602004,-0.16797478589068204,-0.17276279426728525,-0.2682947979232322,-0.26079178044614015
2026-06-19,AMD,99,36.0,technology,True,537.37,-0.04384964786463108,-0.018826214768945304,0.01200731034458058,0.007219301967977376,-0.07686524780161552,-0.06936223032452349
2026-06-19,CSCO,93,45.0,technology,True,119.54,-0.04874589983343014,-0.023722466737744363,-0.04342479181727377,-0.04821280019387697,-0.07095213963708091,-0.06344912215998888
2026-06-19,COHR,97,38.0,technology,True,389.57,-0.03665454301619564,-0.011631109920509863,-0.15021262417561632,-0.15500063255221952,-0.2775415458608411,-0.2700385283837491
2026-06-19,ON,97,38.0,technology,True,121.62,-0.2781493852195337,-0.2531259521238479,-0.2459786505753151,-0.2507666589519183,-0.30960347440604874,-0.3021004569289567
2026-06-19,CMI,93,42.0,industrials,True,716.86,-0.047402805425863725,-0.02237937233017795,-0.05799999964987601,-0.06278800802647921,-0.11190277875866217,-0.10439976128157014
2026-06-19,DDOG,95,38.0,technology,True,223.0,0.0811895697353806,0.10621300283106638,0.15153426293611805,0.14674625455951484,0.1868419855767236,0.19434500305381563
2026-06-19,CHRW,87,50.0,industrials,True,185.04,-0.030858107461141038,-0.005834674365455261,0.019077048809575947,0.014289040432972744,0.11219199647644951,0.11969501395354154
2026-06-19,JBHT,91,44.0,industrials,True,271.22,0.027266660583316504,0.05229009367900228,0.017884540819529393,0.01309653244292619,0.06505158088438234,0.07255459836147438
2026-06-19,NTAP,91,44.0,technology,True,159.71,-0.04599502092605756,-0.020971587830371785,0.023466819551020812,0.01867881117441761,0.011573734793357326,0.01907675227044936
2026-06-19,ARM,99,31.0,technology,True,439.46,-0.2403472719110462,-0.21532383881536044,-0.2676863142778615,-0.2724743226544647,-0.3872918071506549,-0.3797887896735629
2026-06-19,MU,99,31.0,technology,True,1133.99,-0.05340987866114255,-0.028386445565456775,-0.1766552333158089,-0.1814432416924121,-0.2763930135917019,-0.26888999611460984
2026-06-19,SNDK,99,31.0,technology,True,2184.75,-0.08834590348263005,-0.06332247038694427,-0.23934126001845124,-0.24412926839505444,-0.3934762617824523,-0.3859732443053603
2026-06-19,STX,99,31.0,technology,True,1070.23,-0.17305622366315043,-0.14803279056746466,-0.20213114587907366,-0.20691915425567686,-0.2626058614501432,-0.25510284397305116
2026-06-19,CASY,85,61.0,consumer_cyclical,False,842.25,-0.07854438343799808,-0.0535209503423123,-0.04475737992365869,-0.049545388300261894,0.025396482940067244,0.03289950041715928
2026-06-19,DD,83,55.0,basic_materials,True,47.71,-0.03318530702558686,-0.008161873929901087,-0.006200109569153733,-0.010988117945756937,-0.043542532997284944,-0.03603951552019291
2026-06-19,FDX,85,52.0,industrials,True,326.2,-0.023842390302337035,0.001181042793348741,-0.05019771136676732,-0.05498571974337052,-0.061567183348381516,-0.05406416587128948
2026-06-19,LRCX,98,31.0,technology,True,389.04,-0.04844502323972766,-0.02342159014404188,-0.12096190688920117,-0.12574991526580437,-0.23000075570170575,-0.22249773822461372
2026-06-19,CAT,96,34.0,industrials,True,985.82,-0.0018113437044169345,0.023212089391268842,-0.02938116955246517,-0.03416917792906837,-0.1334727545250426,-0.12596973704795056
2026-06-19,DELL,98,31.0,technology,True,409.5,-0.037814042927655334,-0.012790609831969557,-0.008164938429229163,-0.012952946805832366,-0.08022832199444396,-0.07272530451735193
2026-06-19,FSLR,89,44.0,technology,True,257.7,-0.08187720774548024,-0.056853774649794464,-0.10495800742107197,-0.10974601579767518,-0.21152891428732157,-0.20402589681022953
2026-06-19,ROST,84,60.0,consumer_cyclical,False,232.8,-0.09409121988754343,-0.06906778679185765,-0.1021622312743814,-0.1069502396509846,0.0015716768205276122,0.009074694297619645
2026-06-19,ADI,90,42.0,technology,True,434.46,-0.11613931635105479,-0.09111588325536901,-0.11175328316540789,-0.1165412915420111,-0.1491490707571973,-0.14164605328010527
2026-06-19,CSX,78,60.0,industrials,True,45.63,0.04357349280094924,0.06859692589663502,0.06875417495819014,0.06396616658158694,0.09721926842756545,0.10472228590465749
2026-06-19,FTNT,94,36.0,technology,True,144.73,0.034094052147818354,0.05911748524350413,0.10925119859580779,0.10446319021920458,0.09565455002471368,0.10315756750180571
2026-06-19,CFG,83,61.0,financials,False,67.08,0.04311751745595793,0.06814095055164371,0.06845457070068339,0.06366656232408019,0.05941621266606756,0.06691923014315959
2026-06-19,AMAT,97,31.0,technology,True,617.11,0.0009902090970423938,0.02601364219272817,-0.05338372593942309,-0.05817173431602629,-0.1605185650512161,-0.15301554757412406
2026-06-19,GOOG,90,50.0,communication_services,False,367.46,-0.0628473630214279,-0.03782392992574213,0.021742408354163967,0.016954399977560763,-0.016142390332336554,-0.00863937285524452
2026-06-19,GOOGL,90,50.0,communication_services,False,368.03,-0.05743823868405651,-0.03241480558837073,0.02377414160686775,0.018986133230264546,-0.01665046336427456,-0.009147445887182526
2026-06-19,NXPI,92,38.0,technology,True,313.27,-0.13235208736188242,-0.10732865426619664,-0.12142104361817074,-0.12620905199477395,-0.16317166059819999,-0.15566864312110795
2026-06-19,PANW,93,36.0,technology,True,287.78,0.056286754825971785,0.08131018792165756,0.2414667554532992,0.236678747076696,0.21066709081923052,0.21817010829632255
2026-06-19,KLAC,96,31.0,technology,True,259.56,-0.06389062822465541,-0.038867195128969634,-0.12160685032961527,-0.12639485870621847,-0.2184028877861478,-0.21089987030905577
2026-06-19,DAL,88,42.0,industrials,True,84.18,0.0955029418069151,0.12052637490260087,0.08497037540400965,0.08018236702740644,0.0029436711147230454,0.010446688591815079
2026-06-19,JBL,90,39.0,technology,True,371.88,-0.04627657371856264,-0.021253140622876865,-0.10047873417427633,-0.10526674255087953,-0.18640955286436656,-0.17890653538727452
2026-06-19,KEYS,92,36.0,technology,True,363.67,-0.11398069364593655,-0.08895726055025077,-0.1380546479701047,-0.1428426563467079,-0.1531514454755185,-0.14564842799842648
2026-06-19,NUE,94,33.0,basic_materials,True,243.83,-0.020426503128859186,0.004596929966826591,-0.08297274850564029,-0.0877607568822435,-0.05504257051546957,-0.047539553038377536
2026-06-19,ASML,95,31.0,technology,True,1929.68,-0.08134039223107792,-0.05631695913539214,-0.06575315818980898,-0.07054116656641218,-0.1098018416752532,-0.10229882419816116
2026-06-19,TXN,95,31.0,technology,True,322.86,-0.1297866243425807,-0.10476319124689493,-0.0746951165301154,-0.0794831249067186,-0.13393292189696226,-0.12642990441987023
2026-06-19,GNRC,95,31.0,industrials,True,279.15,-0.02984089714601834,-0.004817464050332565,-0.1023016283054865,-0.1070896366820897,-0.2574602242865046,-0.24995720680941258
2026-06-19,STLD,94,32.0,basic_materials,True,249.91,-0.019451942755769225,0.005571490339916552,-0.09096905208846384,-0.09575706046506705,-0.07727772848432624,-0.0697747110072342
2026-06-19,ANET,91,36.0,technology,True,169.67,-0.07354061761184116,-0.04851718451615539,0.018634990050975242,0.013846981674372039,-0.004467665064423532,0.0030353524126685016
2026-06-19,FCX,87,42.0,basic_materials,True,68.68,-0.08832114595337448,-0.0632977128576887,-0.10948906073732723,-0.11427706911393043,-0.13966867281095197,-0.13216565533385993
2026-06-22,MRVL,99,49.0,technology,True,305.93,-0.0038376740075480864,-0.013635865389987734,-0.1725845120974061,-0.19152681675652627,-0.25395846346873974,-0.2736775570695056
2026-06-22,ARM,99,43.0,technology,True,409.0,-0.07140544169657936,-0.08120363307901901,-0.18802704682221283,-0.206969351481333,-0.21694591625316728,-0.23666500985393313
2026-06-22,NTAP,91,51.0,technology,True,158.69,0.0032350176947255616,-0.006563173687714086,0.07259324023219382,0.053650935573073655,0.07572110823019362,0.056002014629427777
2026-06-22,QCOM,95,44.0,technology,True,227.83,-0.08980414144397919,-0.09960233282641884,-0.11753642906466533,-0.1364787337237855,-0.16321016963738277,-0.18292926323814862
2026-06-22,WDC,99,38.0,technology,True,737.25,-0.020038738546860002,-0.02983692992929965,-0.2001022922123934,-0.21904459687151356,-0.1756136665361533,-0.19533276013691914
2026-06-22,INTC,99,37.0,technology,True,140.37,0.015339594224172304,0.005541402841732657,-0.14907883276670097,-0.16802113742582114,-0.1871579401751473,-0.20687703377591316
2026-06-22,AMD,99,36.0,technology,True,545.38,0.059735217380800565,0.04993702599836092,0.01380922244975924,-0.0051330822093609285,0.06943900179917528,0.049719908198409435
2026-06-22,PANW,94,43.0,technology,True,286.34,0.1619767555003897,0.15217856411795005,0.17961643253871062,0.16067412787959046,0.1975010235009489,0.17778192990018304
2026-06-22,TER,97,38.0,technology,True,449.33,0.12931219075518596,0.11951399937274632,-0.16349324506515206,-0.18243554972427223,-0.08808542092943727,-0.10780451453020312
2026-06-22,ON,97,36.0,technology,True,130.49,-0.2813209896941884,-0.29111918107662804,-0.260791950233367,-0.27973425489248716,-0.2611165276126328,-0.28083562121339867
2026-06-22,CASY,84,63.0,consumer_cyclical,False,834.07,-0.06559205879749241,-0.07539025017993206,-0.03954446526473265,-0.05848676992385282,0.02784403178213135,0.008124938181365504
2026-06-22,HPE,98,33.0,technology,True,48.65,-0.039783849709854935,-0.04958204109229458,-0.060108118102669916,-0.07905042276179008,0.01016218838007621,-0.009556905220689638
2026-06-22,MU,99,31.0,technology,True,1198.51,0.06044444920442138,0.05064625782198173,-0.13099598804349577,-0.14993829270261594,-0.1009543288832696,-0.12067342248403545
2026-06-22,SNDK,99,31.0,technology,True,2320.52,0.021263108255460406,0.011464916873020758,-0.19425213402648178,-0.21319443868560195,-0.20834782932263107,-0.22806692292339692
2026-06-22,STX,99,31.0,technology,True,1096.42,-0.015279903083589508,-0.025078094466029155,-0.15852504621375885,-0.17746735087287902,-0.09326207525405261,-0.11298116885481846
2026-06-22,FDX,85,52.0,industrials,True,329.45,-0.0018711974649959773,-0.011669388847435624,-0.040274913917320077,-0.059217218576440245,-0.03318925056871136,-0.052908344169477206
2026-06-22,DDOG,94,38.0,technology,True,218.94,0.12444589735568612,0.11464770597324647,0.16172080156892332,0.14277849690980315,0.15258299149577548,0.13286389789500963
2026-06-22,ASML,95,36.0,technology,True,1892.68,0.059295761267317504,0.04949756988487786,-0.017111949457385478,-0.036054254116505646,0.013393737019057772,-0.006325356581708075
2026-06-22,COHR,98,31.0,technology,True,435.73,0.0065090400149365735,-0.0032891513675030737,-0.1918238109811775,-0.21076611564029768,-0.18387404042242372,-0.20359313402318957
2026-06-22,DD,82,55.0,basic_materials,True,48.01,-0.0460326411247185,-0.055830832507158146,-0.018834704547236236,-0.037777009206356404,-0.0245975698200801,-0.04431666342084595
2026-06-22,DELL,98,31.0,technology,True,422.03,0.049645536659975065,0.03984734527753542,0.056405012941114885,0.03746270828199472,0.02485526999750176,0.005136176396735914
2026-06-22,CSCO,93,38.0,technology,True,121.77,-0.00708619167584934,-0.016884383058288988,-0.05341485489282083,-0.072357159551941,-0.050112497344171,-0.06983159094493685
2026-06-22,FTNT,93,38.0,technology,True,144.23,0.07312018369124895,0.0633219923088093,0.09556028559631646,0.0766179809371963,0.09162469173990972,0.07190559813914388
2026-06-22,CSX,78,60.0,industrials,True,46.2,0.038278473997311435,0.028480282614871788,0.04909160934729706,0.030149304688176892,0.07893589269376067,0.05921679909299482
2026-06-22,AMAT,97,31.0,technology,True,625.74,0.193683057695345,0.18388486631290535,-0.047136257828739536,-0.0660785624878597,-0.029866173156057663,-0.04958526675682351
2026-06-22,LRCX,97,31.0,technology,True,397.09,0.11143867199198487,0.10164048060954523,-0.11787619809260086,-0.13681850275172103,-0.12904709706068085,-0.1487661906614467
2026-06-22,GLW,97,31.0,technology,True,208.2,0.3286048551297225,0.31880666374728284,-0.03673680313532024,-0.05567910779444041,-0.15609242955107194,-0.1758115231518378
2026-06-22,FSLR,92,38.0,technology,True,265.44,-0.08346455491433935,-0.093262746296779,-0.10346456212321609,-0.12240686678233625,-0.18877951554426053,-0.20849860914502638
2026-06-22,NXPI,93,36.0,technology,True,321.59,-0.09183814111213495,-0.1016363324945746,-0.10886794175725067,-0.12781024641637084,-0.10886794175725067,-0.12858703535801652
2026-06-22,JBHT,91,39.0,industrials,True,275.72,0.05500590518151571,0.045207713799076066,0.007769056884126657,-0.011173247774993511,0.07468490066304545,0.054965807062279604
2026-06-22,KEYS,93,36.0,technology,True,371.29,-0.05273417746048259,-0.06253236884292224,-0.13909739736433657,-0.15803970202345674,-0.08621006469405246,-0.1059291582948183
2026-06-22,KLAC,96,31.0,technology,True,267.19,0.12226882360063751,0.11247063221819786,-0.1273482152626515,-0.14629051992177167,-0.12295415363006679,-0.14267324723083263
2026-06-22,CAT,96,31.0,industrials,True,1018.26,0.04865770678366399,0.03885951540122434,-0.04580560813619339,-0.06474791279531356,-0.09503072464507178,-0.11474981824583763
2026-06-22,NUE,94,33.0,basic_materials,True,243.01,-0.04817816372624817,-0.057976355108687816,-0.050682777247329835,-0.06962508190645,-0.026555385531590203,-0.04627447913235605
2026-06-22,TXN,95,31.0,technology,True,329.55,-0.09056728288358806,-0.10036547426602771,-0.06565582498505673,-0.0845981296441769,-0.07202706233163791,-0.09174615593240376
2026-06-22,CHRW,87,43.0,industrials,True,189.09,-0.016083576178692605,-0.025881767561132252,0.016935529262282367,-0.002006775396837801,0.11530051661167029,0.09558142301090444
2026-06-22,JBL,90,38.0,technology,True,373.23,0.03427458282890128,0.02447639144646163,-0.11107429947491354,-0.1300166041340337,-0.11702659720296782,-0.13674569080373367
2026-06-22,STLD,94,32.0,basic_materials,True,250.8,-0.048852809249396945,-0.05865100063183659,-0.06541824747242353,-0.0843605521315437,-0.049544698538600884,-0.06926379213936673
2026-06-22,VRT,96,28.0,industrials,True,352.65,-0.09169714094027015,-0.1014953323227098,-0.09581011212547841,-0.11475241678459858,-0.09900577792480314,-0.11872487152556899
2026-06-22,ANET,90,36.0,technology,True,174.03,-0.008039573421684265,-0.017837764804123912,0.006226283525893717,-0.012716021133226452,0.05531046098276815,0.035591367382002304
2026-06-22,PWR,90,36.0,industrials,True,732.86,0.0066220269909709195,-0.0031761643914687276,-0.07447647207970642,-0.09341877673882659,-0.09926361335834633,-0.11898270695911217
2026-06-22,URI,90,36.0,industrials,True,1086.91,0.056958874767329526,0.04716068338488988,-0.005789996164400901,-0.02473230082352107,-0.04578368651824671,-0.06550278011901256
2026-06-22,ADI,91,34.0,technology,True,442.44,-0.08218146702731077,-0.09197965840975042,-0.11205074974183726,-0.13099305440095743,-0.10319537293294856,-0.1229144665337144
2026-06-22,JCI,73,61.0,industrials,True,147.1,-0.022885339904577418,-0.032683531287017065,-0.02184192945882124,-0.04078423411794141,-0.014259721306837725,-0.03397881490760357
2026-06-22,MAR,79,60.0,consumer_cyclical,False,386.77,-0.024918043870547746,-0.03471623525298739,-0.009649880433940772,-0.02859218509306094,-0.043307480031288814,-0.06302657363205466
2026-06-22,CNC,95,36.0,healthcare,False,63.71,0.014460892786678281,0.004662701404238634,0.03929587954526559,0.02035357488614542,0.06240172072709971,0.04268262712633386
2026-06-22,ROST,85,50.0,consumer_cyclical,False,236.85,-0.10415684135660142,-0.11395503273904106,-0.07910428849962226,-0.09804659315874242,0.011582474268736487,-0.00813661933202936
2026-06-22,AAPL,79,50.0,technology,True,298.61,-0.053102128035457774,-0.06290031941789742,0.044094888747389094,0.025152584088268926,0.10149891711971648,0.08177982351895063
2026-06-22,CMI,93,29.0,industrials,True,724.04,-0.013968178174237234,-0.02376636955667688,-0.0581269204540521,-0.07706922511317227,-0.0576846372656058,-0.07740373086637165
2026-06-22,GNRC,95,26.0,industrials,True,292.82,0.006418431058843099,-0.003379760323596548,-0.1638297764122063,-0.18277208107132648,-0.23542552975052633,-0.2551446233512922
2026-06-23,MRVL,99,51.0,technology,True,282.48,0.05653477003969454,0.040756047584069144,-0.17818764041589286,-0.19210288818044607,-0.251491251369913,-0.2681404553705997
2026-06-23,ARM,99,45.0,technology,True,371.16,-0.05025039488601457,-0.06602911734163996,-0.19577853096925701,-0.20969377873381023,-0.24088606838543758,-0.2575352723861243
2026-06-23,STX,99,43.0,technology,True,1025.84,-0.06102831124479202,-0.07680703370041742,-0.16317671695010516,-0.17709196471465838,-0.1163935918486485,-0.1330427958493352
2026-06-23,COHR,98,44.0,technology,True,393.47,0.024331329443471494,0.0085526069878461,-0.17670739348743325,-0.19062264125198647,-0.18932745392507477,-0.20597665792576147
2026-06-23,KEYS,92,52.0,technology,True,356.03,0.00020002092633930602,-0.015578701529286088,-0.09360002790178568,-0.1075152756663389,-0.06420000348772326,-0.08084920748840996
2026-06-23,TER,97,43.0,technology,True,421.8,0.14364047788326562,0.12786175542764022,-0.16900273163933266,-0.18291797940388588,-0.12671668901098798,-0.14336589301167468
2026-06-23,ADI,87,57.0,technology,True,409.71,-0.02467954416207041,-0.040458266617695804,-0.053582850254419334,-0.06749809801897255,-0.05031673186491237,-0.06696593586559907
2026-06-23,CMI,93,48.0,industrials,True,710.29,0.028272786249002868,0.012494063793377475,-0.035164298807767724,-0.04907954657232094,-0.0473615640835664,-0.0640107680842531
2026-06-23,NTAP,91,51.0,technology,True,157.76,-0.010485906140039747,-0.02626462859566514,0.057544729090704294,0.043629481326151076,0.06806788938608022,0.051418685385393514
2026-06-23,FDX,85,59.0,industrials,True,322.14,-0.005210112656673149,-0.020988835112298543,-0.01591630938071653,-0.02983155714526975,0.019855757283592235,0.003206553282905533
2026-06-23,GLW,96,42.0,technology,True,191.88,0.3138050767605114,0.298026354304886,-0.053441009063099565,-0.06735625682765278,-0.20759185524225277,-0.22424105924293947
2026-06-23,INTC,99,37.0,technology,True,135.37,0.04945510469845682,0.033676382242831426,-0.17143934359110802,-0.18535459135566124,-0.22871100794592392,-0.24536021194661062
2026-06-23,AMD,99,36.0,technology,True,525.36,0.11537568637010054,0.09959696391447515,-0.006547433147215287,-0.020462680911768505,0.060500766718835974,0.04385156271814927
2026-06-23,MU,99,36.0,technology,True,1085.93,0.06659468807771618,0.050815965622090786,-0.12314875351130827,-0.1370640012758615,-0.11327863861803922,-0.12992784261872592
2026-06-23,SNDK,99,36.0,technology,True,2005.82,0.14399779975808635,0.12821907730246096,-0.13099171924362873,-0.14490696700818195,-0.1953479967812004,-0.2119972007818871
2026-06-23,WDC,99,36.0,technology,True,677.07,-0.029979106497799002,-0.045757828953424395,-0.16426208866534542,-0.17817733642989864,-0.15458805558756616,-0.17123725958825287
2026-06-23,VRT,95,42.0,industrials,True,325.78,0.03425689946217103,0.018478177006545637,-0.01828687712585053,-0.03220212489040375,-0.06971867149180089,-0.08636787549248759
2026-06-23,ASML,93,44.0,technology,True,1781.9,0.13655005182879698,0.12077132937317159,0.010414647059607152,-0.0035006007049460663,0.02938717160041837,0.01273796759973167
2026-06-23,TXN,92,45.0,technology,True,304.82,-0.016692527280483982,-0.032471249736109375,-0.005971005363259674,-0.019886253127812892,-0.029492296523301986,-0.04614150052398869
2026-06-23,JBHT,92,44.0,industrials,True,270.92,0.0697442123583556,0.0539654899027302,0.021769803233277818,0.0078545554687246,0.08013007520695004,0.06348087120626333
2026-06-23,ON,96,38.0,technology,True,118.95,-0.19293152289463167,-0.20871024535025706,-0.19933411811324042,-0.21324936587779364,-0.2117978289897976,-0.2284470329904843
2026-06-23,AMAT,97,36.0,technology,True,585.86,0.23539070882472313,0.21961198636909773,-0.025186154502698233,-0.03910140226725145,-0.053516460554500545,-0.07016566455518725
2026-06-23,LRCX,97,36.0,technology,True,372.34,0.1811540893936039,0.1653753669379785,-0.09191269648835654,-0.10582794425290976,-0.12969170321786339,-0.1463409072185501
2026-06-23,CASY,85,63.0,consumer_cyclical,False,830.41,-0.046339698347588776,-0.06211842080321417,0.01162697435416038,-0.002288273410392838,0.027993446834275515,0.011344242833588813
2026-06-23,CHRW,87,50.0,industrials,True,183.99,0.05654662352584516,0.04076790107021977,0.06557830541793042,0.0516630576533772,0.16318862505480292,0.14653942105411621
2026-06-23,FSLR,91,44.0,technology,True,255.0,-0.05510169165294376,-0.07088041410856916,-0.10179400146037587,-0.11570924922492909,-0.16362325969332103,-0.18027246369400773
2026-06-23,KLAC,96,36.0,technology,True,244.96,0.24616901901949095,0.23039029656386556,-0.08644834104886545,-0.10036358881341867,-0.11325430998847186,-0.12990351398915856
2026-06-23,HPE,98,33.0,technology,True,49.02,-0.0648839655390232,-0.0806626879946486,-0.07400507769314724,-0.08792032545770045,-0.0022802819875787916,-0.018929485988265493
2026-06-23,CSCO,94,38.0,technology,True,121.56,-0.02579412559062011,-0.0415728480462455,-0.05245258657392449,-0.0663678343384777,-0.06585577943538268,-0.08250498343606938
2026-06-23,QCOM,90,44.0,technology,True,202.72,-0.0877721894304051,-0.1035509118860305,-0.07903445538661358,-0.0929497031511668,-0.1329911048267023,-0.149640308827389
2026-06-23,FTNT,95,36.0,technology,True,147.98,0.040081234199482285,0.02430251174385689,0.061002098522604076,0.04708685075805086,0.0497630755272882,0.0331138715266015
2026-06-23,PANW,95,36.0,technology,True,291.92,0.17747391327621087,0.16169519082058548,0.10693322886139778,0.09301798109684456,0.1576548733924057,0.141005669391719
2026-06-23,CAT,96,34.0,industrials,True,991.38,0.08485052331133924,0.06907180085571385,-0.034158123844243105,-0.04807337160879632,-0.0923484806655176,-0.1089976846662043
2026-06-23,DELL,98,31.0,technology,True,430.5,0.022974645678512262,0.007195923222886869,0.024183827599851826,0.010268579835298608,0.049221300371840915,0.03257209637115421
2026-06-23,ROST,84,60.0,consumer_cyclical,False,232.25,-0.06661105492153296,-0.08238977737715836,-0.0452551962013904,-0.05917044396594362,0.044597509103559974,0.027948305102873272
2026-06-23,CSX,78,60.0,industrials,True,46.38,0.029679359056389742,0.013900636600764349,0.054809355763160594,0.040894107998607376,0.08167251569822298,0.06502331169753628
2026-06-23,DDOG,96,33.0,technology,True,223.37,0.19321718145266886,0.17743845899704347,0.1965627863863908,0.18264753862183758,0.12635200600281604,0.10970280200212934
2026-06-23,GEV,90,42.0,industrials,True,1051.69,0.12302128447564997,0.10724256202002458,0.023734376427557935,0.009819128663004717,-0.058432747271544905,-0.0750819512722316
2026-06-23,GNRC,94,36.0,industrials,True,277.89,0.07920532822592463,0.06342660577029924,-0.12793014070794206,-0.14184538847249528,-0.2134011779163959,-0.2300503819170826
2026-06-23,CNC,95,42.0,healthcare,False,63.48,0.006112902962531086,-0.009665819493094308,0.05156735329424533,0.037652105529692115,0.03275862347305236,0.01610941947236566
2026-06-23,URI,88,43.0,industrials,True,1071.69,0.05506816055434638,0.039289438098720986,-0.0021141511732043483,-0.016029398937757566,-0.03604160382897181,-0.052690807829658515
2026-06-23,CRWD,95,32.0,technology,True,690.04,0.1214566350720252,0.1056779126163998,0.1234257541473125,0.10951050638275928,0.1075548553127108,0.0909056513120241
2026-06-23,MCHP,86,44.0,technology,True,94.42,-0.017876442796461167,-0.03365516525208656,-0.079366843268878,-0.09328209103343121,-0.08442827410493292,-0.10107747810561962
2026-06-23,NXPI,90,38.0,technology,True,300.05,-0.060288872418820416,-0.07606759487444581,-0.05099307424193211,-0.06490832200648533,-0.06774564278475959,-0.08439484678544629
2026-06-23,ROK,82,50.0,industrials,True,460.91,0.08323123526165155,0.06745251280602615,0.014375061062262828,0.0004598132977096103,0.0025381215470055007,-0.0141110824536812
2026-06-23,JBL,89,39.0,technology,True,371.17,0.041837936986328206,0.026059214530702812,-0.12105406181032985,-0.13496930957488307,-0.13975671725823335,-0.15640592125892006
2026-06-23,IBKR,93,41.0,financials,False,96.39,-0.07107784445142662,-0.08685656690705201,-0.0032016327098053354,-0.017116880474358553,-0.0021344248670404076,-0.01878362886772711
2026-06-23,ANET,89,38.0,technology,True,164.26,0.04654248006534223,0.030763757609716835,0.11535503745911768,0.10143978969456446,0.07728321826456175,0.06063401426387505
2026-06-23,HWM,81,50.0,industrials,True,277.75,-0.022433965388749533,-0.038212687844374926,-0.01254412324822729,-0.026459371012780508,0.020615922632988726,0.003966718632302024
2026-06-23,NUE,94,39.0,basic_materials,False,241.27,-0.08002203434006705,-0.09580075679569244,-0.06379076951051865,-0.07770601727507187,-0.025711294632917436,-0.04236049863360414
2026-06-24,FLEX,98,51.0,technology,True,152.18,-0.03202825680288879,-0.04129872648745281,-0.11771009455331172,-0.13503302203244683,-0.19336736681749722,-0.19237949018799716
2026-06-24,NBIS,99,49.0,technology,True,258.88,-0.15918851481273066,-0.16845898449729468,-0.20680929251663815,-0.22413221999577326,-0.18930918559259546,-0.1883213089630954
2026-06-24,MRVL,99,45.0,technology,True,271.93,-0.06569825713037403,-0.07496872681493805,-0.16453736552103682,-0.18186029300017192,-0.28095456625684756,-0.2799666896273475
2026-06-24,ARM,98,45.0,technology,True,356.62,-0.11137153712510461,-0.12064200680966863,-0.13665034305303536,-0.15397327053217047,-0.2546969899085031,-0.25370911327900303
2026-06-24,STX,99,43.0,technology,True,1001.57,-0.17624661049408286,-0.18551708017864688,-0.19883886929215144,-0.21616179677128655,-0.17789379145466377,-0.1769059148251637
2026-06-24,COHR,97,44.0,technology,True,392.9,-0.11207187147775854,-0.12134234116232256,-0.21181175392061724,-0.22913468139975235,-0.2455802140126242,-0.24459233738312414
2026-06-24,KEYS,91,52.0,technology,True,354.59,-0.07464087551206577,-0.0839113451966298,-0.11167176358811381,-0.12899469106724892,-0.10351009776109354,-0.10252222113159348
2026-06-24,WBD,93,56.0,communication_services,False,27.22,-0.012159172112285344,-0.021429641796849364,-0.01879146058773884,-0.03611438806687395,-0.043846671093252354,-0.04285879446375229
2026-06-24,NTAP,90,51.0,technology,True,156.94,-0.00666953206343035,-0.01594000174799437,0.0908340830170773,0.07351115553794219,0.048974544276297216,0.04996242090579728
2026-06-24,FTNT,95,43.0,technology,True,146.61,0.0992947109334048,0.09002424124884079,0.13213940848820016,0.11481648100906505,0.04784952567131495,0.048837402300815014
2026-06-24,PANW,95,43.0,technology,True,288.08,0.21808932787626123,0.2088188581916972,0.17058228478989013,0.15325935731075502,0.12670839721740013,0.1276962738469002
2026-06-24,AMD,98,38.0,technology,True,520.53,-0.005607316812894947,-0.014877786497458967,0.005129296168462583,-0.012193631310672526,-0.00779510284681495,-0.006807226217314888
2026-06-24,ALAB,99,36.0,technology,True,401.64,0.019545620276265607,0.010275150591701587,-0.012186450123294335,-0.029509377602429443,-0.2262896438751778,-0.22530176724567774
2026-06-24,CSCO,93,45.0,technology,True,120.57,-0.03145430387933568,-0.0407247735638997,-0.017030066804614608,-0.034352994283749716,-0.06314180896332611,-0.062153932333826045
2026-06-24,INTC,99,36.0,technology,True,134.59,-0.09096113556931618,-0.1002316052538802,-0.1945895344119939,-0.211912461891129,-0.2826879952650031,-0.28170011863550304
2026-06-24,MU,99,36.0,technology,True,1043.54,-0.16278986006037388,-0.1720603297449379,-0.19562647824888824,-0.21294940572802334,-0.19678642361989485,-0.19579854699039478
2026-06-24,SNDK,99,36.0,technology,True,1935.8,-0.09207188798286059,-0.10134235766742461,-0.16978692524740957,-0.18710985272654468,-0.28055827725208404,-0.279570400622584
2026-06-24,WDC,99,36.0,technology,True,645.83,-0.17919067452798376,-0.18846114421254778,-0.20706447061227362,-0.22438739809140873,-0.23415636390269856,-0.2331684872731985
2026-06-24,CMI,93,43.0,industrials,True,703.92,-0.03614866115415183,-0.04541913083871585,-0.04876321193541944,-0.06608613941455455,-0.06057259703697493,-0.05958472040747487
2026-06-24,ADI,88,50.0,technology,True,413.52,-0.08313488136744407,-0.09240535105200809,-0.07215079571399374,-0.08947372319312885,-0.1038302883893455,-0.10284241175984543
2026-06-24,ASML,92,44.0,technology,True,1775.0,-0.0067151052018840085,-0.01598557488644803,-0.027620572054880443,-0.04494349953401555,-0.028294259844397596,-0.027306383214897534
2026-06-24,ON,96,38.0,technology,True,114.9,-0.2179339069965457,-0.2272043766811097,-0.19115700209436337,-0.20847992957349848,-0.2551239896411738,-0.2541361130116737
2026-06-24,LRCX,97,36.0,technology,True,370.36,-0.04100580143230814,-0.05027627111687216,-0.13436596740468987,-0.15168889488382498,-0.21620625495608892,-0.21521837832658886
2026-06-24,JBHT,91,44.0,industrials,True,270.58,0.0654545918754994,0.05618412219093538,0.03805326812376575,0.02073034064463064,0.06288342298954319,0.06387129961904325
2026-06-24,AMAT,96,36.0,technology,True,590.78,0.02065101285381754,0.01138054316925352,-0.07695924910140639,-0.0942821765805415,-0.11750872334244067,-0.1165208467129406
2026-06-24,CRWD,94,39.0,technology,True,679.19,0.1357476479154769,0.12647717823091287,0.16640696359474272,0.1490840361156076,0.07833855699823089,0.07932643362773095
2026-06-24,KLAC,96,36.0,technology,True,240.68,0.04326874610032205,0.03399827641575803,-0.1004506983667166,-0.11777362584585171,-0.14273954228653873,-0.14175166565703867
2026-06-24,UNH,89,55.0,healthcare,False,405.7,0.04891187065780689,0.03964140097324287,0.061551675633993774,0.044228748154858666,0.041583704436726876,0.04257158106622694
2026-06-24,HPE,97,33.0,technology,True,49.49,-0.08627854007282887,-0.09554900975739289,0.020997939305615,0.0036750118264798903,-0.009563434156298123,-0.008575557526798061
2026-06-24,DELL,98,31.0,technology,True,434.63,0.02583585351170381,0.01656538382713979,0.08607128403075426,0.06874835655161915,0.06157661740943521,0.06256449403893527
2026-06-24,CNC,95,44.0,healthcare,False,62.4,0.08906947581402247,0.07979900612945845,0.07711918868753798,0.05979626120840287,0.01561509533369998,0.01660297196320004
2026-06-24,NUE,93,38.0,basic_materials,True,241.91,-0.09382181978939574,-0.10309228947395976,-0.0803338820554893,-0.09765680953462441,-0.0022607194193552393,-0.0012728427898551775
2026-06-24,STLD,93,38.0,basic_materials,True,243.05,-0.08732827451222958,-0.0965987441967936,-0.0860935895272461,-0.10341651700638121,-0.009914142855614094,-0.008926266226114032
2026-06-24,ROST,84,60.0,consumer_cyclical,False,230.84,-0.07301285142522829,-0.0822833211097923,-0.034953401390881655,-0.052276328870016764,0.016623659568935523,0.017611536198435584
2026-06-24,GEV,90,42.0,industrials,True,1068.1,0.04160539089310489,0.03233492120854087,-0.012653372513959704,-0.029976299993094813,-0.0531202670069415,-0.05213239037744144
2026-06-24,GNRC,94,36.0,industrials,True,285.09,-0.07458903691540031,-0.08385950659996433,-0.19226027188235761,-0.20958319936149272,-0.27910958904109584,-0.2781217124115958
2026-06-24,BNY,85,58.0,financials,False,145.01,0.0021963750128934922,-0.007074094671670528,0.045023957985646845,0.027701030506511737,0.09890189052873377,0.09988976715823383
2026-06-24,GLW,97,31.0,technology,True,214.31,0.009517281627356544,0.00024681194279252416,-0.11974379395664847,-0.13706672143578358,-0.28593002015129365,-0.2849421435217936
2026-06-24,QCOM,88,44.0,technology,True,196.99,-0.17094288677093006,-0.18021335645549408,-0.1290616266272231,-0.1463845541063582,-0.2202068677473935,-0.21921899111789345
2026-06-24,TXN,92,38.0,technology,True,304.68,-0.054767278262688235,-0.06403774794725225,-0.02271152455730885,-0.04003445203644396,-0.09727603526471418,-0.09628815863521412
2026-06-24,CSX,77,60.0,industrials,True,46.38,0.04474715590593514,0.03547668622137112,0.06679637030423247,0.04947344282509736,0.1415910966163314,0.14257897324583146
2026-06-24,DDOG,95,33.0,technology,True,223.1,0.21298853022460107,0.20371806054003705,0.2337186217346494,0.2163956942555143,0.12084941714769104,0.1218372937771911
2026-06-24,TER,97,30.0,technology,True,428.14,-0.0587225012396595,-0.06799297092422352,-0.20099119169289736,-0.21831411917203247,-0.17676215733004919,-0.17577428070054912
2026-06-24,FSLR,91,38.0,technology,True,253.9,-0.08503840955830055,-0.09430887924286457,-0.09915235364345487,-0.11647528112258998,-0.1881726665722605,-0.18718478994276044
2026-06-24,ROK,83,50.0,industrials,True,460.99,0.02561808857356329,0.01634761888899927,-0.0069674852488917915,-0.0242904127280269,-0.021475994530541165,-0.020488117901041103
2026-06-24,HUM,96,38.0,healthcare,False,357.65,0.14457111447504367,0.13530064479047965,0.11197450720469782,0.0946515797255627,0.1028608515741345,0.10384872820363455
2026-06-24,CHRW,85,45.0,industrials,True,179.31,0.06687869009854297,0.05760822041397895,0.07518968975912088,0.05786676227998577,0.14630746493527624,0.1472953415647763
2026-06-24,PWR,89,38.0,industrials,True,707.55,-0.026733720859080545,-0.036004190543644565,-0.05943407380925181,-0.07675700128838692,-0.07966237726481029,-0.07867450063531023
2026-06-24,JBL,90,36.0,technology,True,382.9,-0.008034277389003863,-0.017304747073567883,-0.1212273416569376,-0.1385502691360727,-0.14889786882957556,-0.1479099922000755
2026-06-24,AAPL,80,50.0,technology,True,298.73,0.024286743882934392,0.015016274198370372,0.10027834625147958,0.08295541877234447,0.11920674194043746,0.12019461856993752
2026-06-25,MRVL,98,45.0,technology,True,279.67,-0.08600069030741253,-0.10771686501667699,-0.12110826041113676,-0.1567759632956175,-0.2760818430401908,-0.28977269100510195
2026-06-25,FLEX,98,44.0,technology,True,164.8,-0.13247968194863724,-0.1541958566579017,-0.13919873364426727,-0.174866436528748,-0.24879559924746775,-0.2624864472123789
2026-06-25,ARM,97,45.0,technology,True,358.33,-0.05906230970345483,-0.08077848441271929,-0.03485836517883112,-0.07052606806331185,-0.22401288064546043,-0.2377037286103716
2026-06-25,INTC,99,42.0,technology,True,130.3,-0.06495227879469445,-0.08666845350395891,-0.14660872808379333,-0.18227643096827406,-0.28272865450112916,-0.2964195024660403
2026-06-25,NBIS,99,42.0,technology,True,259.82,-0.11937925365609547,-0.14109542836535993,-0.10292020248664968,-0.13858790537113042,-0.2331223214547231,-0.24681316941963427
2026-06-25,KEYS,92,52.0,technology,True,362.14,-0.11449051125811394,-0.1362066859673784,-0.09138363171575703,-0.12705133460023776,-0.10091972905791058,-0.11461057702282174
2026-06-25,WBD,92,61.0,communication_services,False,27.1,-0.021072078037003283,-0.04278825274626774,-0.01700551192040045,-0.052673214804881185,-0.047319734395525614,-0.06101058236043677
2026-06-25,HPE,96,44.0,technology,True,47.37,-0.08813441644294051,-0.10985059115220497,0.07353759969807472,0.037869896813593984,0.054738463142498084,0.04104761517758693
2026-06-25,DELL,98,39.0,technology,True,412.52,-0.004870604149679325,-0.026586778858943783,0.09771609228077183,0.06204838939629109,0.10592544412138749,0.09223459615647633
2026-06-25,ALAB,99,36.0,technology,True,412.46,0.06267486065009575,0.040958685940831296,0.0798012499399543,0.044133547055473565,-0.2375997456775477,-0.25129059364245887
2026-06-25,STX,99,36.0,technology,True,1036.0,-0.17537887278892983,-0.1970950474981943,-0.08470826948437904,-0.12037597236885977,-0.14367735409413984,-0.157368202059051
2026-06-25,WDC,99,36.0,technology,True,691.46,-0.1619374139344082,-0.18365358864367265,-0.09416156899200367,-0.1298292718764844,-0.19179049259639835,-0.2054813405613095
2026-06-25,AMD,98,36.0,technology,True,529.62,-0.003809119883124379,-0.025525294592388836,0.07327823730276739,0.037610534418286656,0.004136253298487658,-0.0095545946664235
2026-06-25,CMI,94,42.0,industrials,True,721.86,-0.0667925959215927,-0.08850877063085716,-0.0466955814971155,-0.08236328438159624,-0.06263212012734709,-0.07632296809225825
2026-06-25,NTAP,88,51.0,technology,True,155.43,6.486443317688106e-05,-0.021651310276087576,0.09874733176075656,0.06307962887627583,0.09139508967979082,0.07770424171487966
2026-06-25,VRT,94,42.0,industrials,True,328.4,-0.042898138348848924,-0.06461431305811338,0.015477635166117887,-0.020190067718362847,-0.07528668451316145,-0.08897753247807261
2026-06-25,CSCO,91,45.0,technology,True,119.37,-0.03831704881379516,-0.06003322352305962,0.03911775124260819,0.0034500483581274555,-0.02204209097275267,-0.03573293893766383
2026-06-25,LRCX,97,36.0,technology,True,395.91,-0.08843064046259153,-0.11014681517185598,-0.09123220596185955,-0.12689990884634028,-0.20827499058155274,-0.2219658385464639
2026-06-25,COHR,97,36.0,technology,True,403.11,-0.1513238398386484,-0.17304001454791285,-0.17387981139390285,-0.20954751427838358,-0.28108446175086066,-0.2947753097157718
2026-06-25,DDOG,95,38.0,technology,True,219.76,0.15746413499476453,0.13574796028550007,0.1449275617928718,0.10925985890839107,0.09744819921327763,0.08375735124836647
2026-06-25,QCOM,91,44.0,technology,True,212.39,-0.126177509112404,-0.14789368382166845,-0.06217155449055056,-0.0978392573750313,-0.17218643357208374,-0.1858772815369949
2026-06-25,JBHT,91,44.0,industrials,True,276.7,0.03919288538615806,0.017476710676893603,0.01785134056148685,-0.017816362322993884,0.048173107459327236,0.03448225949441608
2026-06-25,ON,95,38.0,technology,True,120.25,-0.071929999277346,-0.09364617398661046,-0.02370538009310985,-0.059373082977590586,-0.11679726574425175,-0.1304881137091629
2026-06-25,MU,99,31.0,technology,True,1212.74,-0.14355446245523729,-0.16527063716450174,-0.14013888769348082,-0.17580659057796155,-0.19137229475545392,-0.20506314272036508
2026-06-25,SNDK,99,31.0,technology,True,2258.23,-0.19585072511053858,-0.21756689981980304,-0.11708555066773174,-0.15275325355221248,-0.3379892667889247,-0.35168011475383587
2026-06-25,PANW,95,36.0,technology,True,291.65,0.17926479673472762,0.15754862202546316,0.10421822938073055,0.06855052649624982,0.09703545736301855,0.0833446093981074
2026-06-25,STLD,93,38.0,basic_materials,True,249.8,-0.09984175862037958,-0.12155793332964404,-0.06704413217826155,-0.10271183506274228,0.009293123172837703,-0.004397724792073454
2026-06-25,FTNT,94,36.0,technology,True,150.03,0.0360718952952217,0.014355720585957243,0.04442674263447999,0.008759039749999253,0.010344125614004218,-0.003346722350906939
2026-06-25,GNRC,94,36.0,industrials,True,289.14,-0.1164807406944971,-0.13819691540376156,-0.18194215671993397,-0.2176098596044147,-0.2935972527029832,-0.30728810066789436
2026-06-25,GLW,97,31.0,technology,True,226.64,-0.12315645126725694,-0.1448726259765214,-0.14944522570815588,-0.18511292859263662,-0.34656686007310733,-0.3602577080380185
2026-06-25,ADI,89,42.0,technology,True,423.27,-0.06972844377056409,-0.09144461847982854,-0.024122540758307887,-0.05979024364278862,-0.08280099337862168,-0.09649184134353284
2026-06-25,ASML,93,36.0,technology,True,1838.35,-0.006926153800304258,-0.028642328509568715,0.00878947669697161,-0.026878226187509124,-0.013790555478009003,-0.02748140344292016
2026-06-25,TXN,93,36.0,technology,True,313.42,-0.03101238861262423,-0.05272856332188869,0.029755994508040118,-0.005911708376440616,-0.0756463323663259,-0.08933718033123705
2026-06-25,AMAT,96,31.0,technology,True,648.5,-0.061796101860876584,-0.08351227657014104,-0.06263614232104842,-0.09830384520552915,-0.16570731016030138,-0.17939815812521254
2026-06-25,EBAY,79,65.0,consumer_cyclical,False,108.26,0.06669137952598714,0.04497520481672268,0.08861222038306527,0.05294451749858453,0.016069058975936246,0.0023782110110250887
2026-06-25,DD,99,26.0,basic_materials,True,139.37,0.02610928149299374,0.004393106783729284,-0.01224800584848551,-0.047915708732966245,0.00990089887971668,-0.0037899490851944773
2026-06-25,FDX,85,47.0,industrials,True,328.34,-0.0445081341426623,-0.06622430885192676,-0.03934912351153452,-0.07501682639601526,-0.03852487520762182,-0.05221572317253298
2026-06-25,KLAC,96,30.0,technology,True,259.01,-0.045467473365152666,-0.06718364807441712,-0.061798474852196916,-0.09746617773667765,-0.14689794116245802,-0.16058878912736918
2026-06-25,CHRW,86,45.0,industrials,True,180.14,0.05273377593472417,0.031017601225459712,0.07297323247307363,0.0373055295885929,0.03421313258399583,0.020522284619084674
2026-06-25,CRWD,93,32.0,technology,True,676.0,0.13074900773399567,0.10903283302473121,0.09111040131726345,0.05544269843278271,0.0683765404772394,0.05468569251232824
2026-06-25,FSLR,89,38.0,technology,True,248.6,-0.06956410856676443,-0.09128028327602888,-0.056057336530834445,-0.09172503941531518,-0.1596784603441863,-0.17336930830909747
2026-06-25,NUE,93,32.0,basic_materials,True,249.01,-0.09728261807027472,-0.11899879277953918,-0.0702113129309021,-0.10587901581538284,0.012352039686009508,-0.0013388082789016487
2026-06-25,ANET,90,36.0,technology,True,168.63,0.0003126363073311378,-0.02140353840193332,0.16893837601609185,0.13327067313161112,0.08784545978048874,0.07415461181557759
2026-06-25,JBL,90,36.0,technology,True,382.05,-0.0633148203839794,-0.08503099509324386,-0.09353129555225226,-0.129198998436733,-0.14210834842308628,-0.15579919638799744
2026-06-25,TER,97,25.0,technology,True,463.4,-0.18656055898867352,-0.20827673369793798,-0.20747555986582433,-0.24314326275030507,-0.22880940172139652,-0.24250024968630768
2026-06-25,GEV,91,34.0,industrials,True,1098.74,0.060837206120623044,0.03912103141135859,0.040308709242954155,0.004641006358473421,-0.03290369408472482,-0.04659454204963598
2026-06-25,NXPI,88,38.0,technology,True,303.01,-0.05467373832266598,-0.07638991303193043,0.010685758592028805,-0.02498194429245193,-0.06892147916282898,-0.08261232712774014
2026-06-25,CNC,95,36.0,healthcare,False,65.56,0.04191622097435799,0.02020004626509353,0.03408569498422054,-0.0015820079002601961,-0.026408682305227527,-0.040099530270138684
2026-06-25,HWM,80,50.0,industrials,True,274.38,0.005241579252928341,-0.016474595456336116,0.006877272261973211,-0.028790430622507523,0.07531600255672677,0.06162515459181561
2026-06-25,PWR,88,38.0,industrials,True,705.03,-0.05324057570256513,-0.07495675041182959,-0.06705291438199146,-0.10272061726647219,-0.11340554455575569,-0.12709639252066685
2026-06-26,NBIS,98,51.0,technology,True,238.75,-0.14578444402020674,-0.16581080025290396,-0.155849646087876,-0.173011184919311,-0.24659647164786969,-0.25007226643112923
2026-06-26,FLEX,98,49.0,technology,True,153.9,-0.054229276098513024,-0.07425563233121024,-0.11664396583613479,-0.1338055046675698,-0.20825378675041717,-0.21172958153367671
2026-06-26,ALAB,99,45.0,technology,True,378.8,0.07358341929683432,0.0535570630641371,-0.10179120806321862,-0.11895274689465363,-0.2990969573652581,-0.30257275214851764
2026-06-26,MRVL,99,45.0,technology,True,268.2,-0.08494544939806492,-0.10497180563076214,-0.20126402582574865,-0.21842556465718366,-0.3053974917486447,-0.30887328653190427
2026-06-26,STX,99,45.0,technology,True,942.81,-0.05210752441850719,-0.07213388065120441,-0.06040458063374343,-0.07756611946517844,-0.10807976080053305,-0.1115555555837926
2026-06-26,ARM,97,45.0,technology,True,333.23,-0.041665456552044566,-0.061691812784741784,-0.11081043796468404,-0.12797197679611905,-0.20794056037987918,-0.21141635516313873
2026-06-26,INTC,99,42.0,technology,True,128.51,-0.03779529962014028,-0.057821655852837495,-0.18803147443636192,-0.20519301326779693,-0.27818899079570625,-0.2816647855789658
2026-06-26,CMI,92,52.0,industrials,True,688.59,-0.0055131889279758095,-0.025539545160673027,-0.025821117000609184,-0.04298265583204419,-0.029560096189537255,-0.0330358909727968
2026-06-26,COHR,97,44.0,technology,True,379.1,-0.11445826729805075,-0.13448462353074797,-0.18913709773957077,-0.20629863657100578,-0.2843124319303598,-0.28778822671361937
2026-06-26,TER,97,43.0,technology,True,436.17,-0.13866825338395494,-0.15869460961665216,-0.22584090146944824,-0.24300244030088325,-0.24022969302717045,-0.24370548781043
2026-06-26,HPE,96,44.0,technology,True,43.47,-0.014615137149280977,-0.034641493381978194,0.0787851888785136,0.06162365004707859,0.10047950938634398,0.09700371460308443
2026-06-26,JBHT,92,50.0,industrials,True,276.77,-0.008177731382139397,-0.028204087614836615,0.010606030782066345,-0.0065555080493686635,0.0033211142697975315,-0.00015468051346201328
2026-06-26,WDC,99,38.0,technology,True,603.99,-0.03846408341343621,-0.05849043964613343,-0.07494677533398975,-0.09210831416542475,-0.17090716657764804,-0.17438296136090758
2026-06-26,DELL,98,39.0,technology,True,387.3,0.04565533264263899,0.025628976409941773,0.08453092533233231,0.0673693865008973,0.08581443696399216,0.08233864218073261
2026-06-26,FIX,96,42.0,industrials,True,1931.12,-0.04595107447024749,-0.0659774307029447,-0.07840839183225723,-0.09556993066369224,-0.07926503371340721,-0.08274082849666675
2026-06-26,AMD,98,38.0,technology,True,517.34,0.055867874372928616,0.0358415181402314,0.022090863743608358,0.0049293249121733496,-0.05334330429171075,-0.05681909907497029
2026-06-26,MU,99,36.0,technology,True,1166.95,-0.1274018575596283,-0.1474282137923255,-0.1697136740628299,-0.1868752128942649,-0.20232256057206865,-0.2057983553553282
2026-06-26,QCOM,89,51.0,technology,True,199.18,-0.03393261599383379,-0.05395897222653101,-0.04688396040990139,-0.0640454992413364,-0.11910074207540133,-0.12257653685866088
2026-06-26,SNDK,99,36.0,technology,True,2146.87,-0.16562790329428878,-0.185654259526986,-0.1993294134627377,-0.2164909522941727,-0.38861439207207105,-0.3920901868553306
2026-06-26,DD,99,36.0,basic_materials,True,132.4,0.03888932245456256,0.01886296622186534,-0.02290640719287207,-0.04006794602430708,0.030861078050610447,0.0273852832673509
2026-06-26,ASML,93,44.0,technology,True,1787.77,0.014519570671912785,-0.005506785560784433,-0.04052914585785039,-0.0576906846892854,-0.07987433110944941,-0.08335012589270896
2026-06-26,NUE,93,44.0,basic_materials,True,240.9,-0.06275604417079661,-0.08278240040349383,-0.024750636544261462,-0.04191217537569647,0.03744770697018729,0.033971912186927744
2026-06-26,NTAP,88,51.0,technology,True,150.61,0.06714084522439956,0.04711448899170234,0.0728689360019712,0.05570739717053619,0.11128626088314841,0.10781046609988887
2026-06-26,AMAT,97,36.0,technology,True,640.8,-0.0671041407487678,-0.08713049698146502,-0.09448716533766921,-0.11164870416910422,-0.18655079077932246,-0.190026585562582
2026-06-26,LRCX,97,36.0,technology,True,377.21,-0.08566356163158428,-0.1056899178642815,-0.13861250383971813,-0.15577404267115313,-0.23863608817749815,-0.2421118829607577
2026-06-26,TXN,91,45.0,technology,True,296.48,0.08265262632837134,0.06262627009567412,0.06506624558343344,0.04790470675199843,-0.003281807336035558,-0.006757602119295103
2026-06-26,CSCO,90,45.0,technology,True,115.1,-0.004988821174661262,-0.02501517740735848,0.041016699490147746,0.023855160658712737,0.0001617121613262107,-0.003314082621933334
2026-06-26,GLW,96,36.0,technology,True,213.72,-0.14147197614228368,-0.1614983323749809,-0.19299247434371802,-0.21015401317515303,-0.36817979368346654,-0.3716555884667261
2026-06-26,FDX,85,52.0,industrials,True,323.64,-0.025101501444741547,-0.045127857677438765,-0.013116966785557627,-0.030278505616992635,-0.022396264367770535,-0.02587205915103008
2026-06-26,CHRW,86,50.0,industrials,True,179.15,0.0515251671772603,0.03149881094456308,0.09574527757331674,0.07858373874188174,-0.02715663128425938,-0.030632426067518925
2026-06-26,FTNT,95,36.0,technology,True,150.94,0.06131924434830305,0.04129288811560583,0.05000976554512193,0.03284822671368692,-0.003856941447227813,-0.007332736230487358
2026-06-26,KLAC,95,36.0,technology,True,244.71,-0.06687194745511882,-0.08689830368781604,-0.1111066496705152,-0.1282681885019502,-0.18665756106871145,-0.190133355851971
2026-06-26,PANW,95,36.0,technology,True,299.33,0.15395544096538116,0.13392908473268395,0.06606849597473885,0.04890695714330384,0.024174615358627083,0.020698820575367538
2026-06-26,CAT,95,36.0,industrials,True,1010.0,-0.028535388432496478,-0.048561744665193696,-0.06704666287300154,-0.08420820170443655,-0.12370664923871189,-0.12718244402197143
2026-06-26,JBL,89,44.0,technology,True,362.61,-0.05788302698866532,-0.07790938322136254,-0.10317554007455032,-0.12033707890598533,-0.13233989747374675,-0.1358156922570063
2026-06-26,LUV,89,44.0,industrials,True,52.02,-0.011862986543018539,-0.03188934277571576,-0.06806685581526872,-0.08522839464670373,-0.11746393501316321,-0.12093972979642276
2026-06-26,BNY,84,60.0,financials,False,144.03,0.0378573498209418,0.01783099358824458,0.046923742388898626,0.029762203557463618,0.09625559677628637,0.09277980199302682
2026-06-26,DDOG,96,33.0,technology,True,233.41,0.04232651068239801,0.022300154449700793,0.06220404177295924,0.04504250294152423,0.028000002491230802,0.024524207707971257
2026-06-26,GEV,90,42.0,industrials,True,1061.03,0.09130868414647053,0.07128232791377331,-0.012362097784602843,-0.02952363661603785,-0.05596553376923952,-0.05944132855249906
2026-06-26,IBKR,90,50.0,financials,False,90.5,0.06254157857830145,0.04251522234560423,0.03564318168373215,0.018481642852297142,0.021363786844991184,0.01788799206173164
2026-06-26,STLD,92,38.0,basic_materials,True,244.0,-0.0679621780780475,-0.08798853431074471,-0.038942450195576295,-0.0561039890270113,0.027265205797712078,0.023789411014452533
2026-06-26,GNRC,93,36.0,industrials,True,280.81,-0.07571790654200694,-0.09574426277470416,-0.18635498903826686,-0.20351652786970187,-0.29179364545516406,-0.2952694402384236
2026-06-26,CSX,76,61.0,industrials,True,47.44,0.020702634084139415,0.0006762778514421974,0.038059348530454784,0.020897809699019776,0.08322872105444246,0.07975292627118291
2026-06-26,URI,91,38.0,industrials,True,1128.06,-0.01921983688743234,-0.03924619312012956,-0.03200948117968572,-0.049171020011120725,0.005957784974170766,0.0024819901909112208
2026-06-26,ROK,84,48.0,industrials,True,473.06,0.011966575593837625,-0.008059780638859593,-0.03501972934921538,-0.052181268180650386,-0.023388405252072975,-0.02686420003533252
2026-06-26,CRWD,94,32.0,technology,True,695.88,0.12405922414552495,0.10403286791282773,0.05939396004008102,0.04223242120864601,0.015419312813821362,0.011943518030561817
2026-06-26,UAL,94,31.0,industrials,True,136.71,-0.024084880088084515,-0.04411123632078173,-0.10760845658539175,-0.12476999541682676,-0.11195407011355474,-0.11542986489681428
2026-06-26,MS,86,50.0,financials,False,214.04,0.03625254118235555,0.01622618494965833,0.03154010925872308,0.014378570427288073,0.0010730879352922607,-0.002402706847967284
2026-06-26,CNC,95,36.0,healthcare,False,65.35,0.013036904038360442,-0.006989452194336776,0.047392701103009305,0.030231162271574297,-0.017177840024694913,-0.020653634807954457
2026-06-26,MAR,74,67.0,consumer_cyclical,False,376.68,0.003117025189042444,-0.016909331043654774,-0.04147189707053689,-0.0586334359019719,0.01186044528498642,0.008384650501726876
2026-06-29,FLEX,98,49.0,technology,True,154.65,-0.17225750659151073,-0.18091815662406663,-0.16772606204831164,-0.18194460152415548,-0.2870539416297777,-0.2864738937066731
2026-06-29,MRVL,99,45.0,technology,True,271.32,-0.17237665225020837,-0.18103730228276427,-0.20181205529499147,-0.2160305947708353,-0.37394420896162184,-0.3733641610385172
2026-06-29,NBIS,99,44.0,technology,True,259.03,-0.2442112790960388,-0.2528719291285947,-0.24847057616845003,-0.26268911564429387,-0.34294898155001785,-0.34236893362691323
2026-06-29,CMI,92,54.0,industrials,True,691.51,-0.05274785046077102,-0.06140850049332691,-0.03065006925599434,-0.04486860873183818,-0.07935147735235781,-0.07877142942925319
2026-06-29,ARM,97,45.0,technology,True,340.5,-0.14106412181624306,-0.14972477184879895,-0.19612882105575968,-0.21034736053160352,-0.30028300545934594,-0.2997029575362413
2026-06-29,COHR,97,44.0,technology,True,385.89,-0.19128282880819203,-0.19994347884074792,-0.1999330770704193,-0.21415161654626313,-0.3735550641833163,-0.3729750162602117
2026-06-29,STX,99,38.0,technology,True,964.62,-0.14496464816263954,-0.15362529819519544,-0.09261746521430358,-0.10683600469014742,-0.22796399218589714,-0.22738394426279251
2026-06-29,DELL,98,39.0,technology,True,394.71,0.016169801257502225,0.007509151224946331,0.11421193109955774,0.0999933916237139,-0.04357120668398218,-0.04299115876087756
2026-06-29,FIX,96,42.0,industrials,True,1958.05,-0.13625450466863842,-0.14491515470119432,-0.08922526247264106,-0.1034438019484849,-0.16556185205026241,-0.1649818041271578
2026-06-29,JBHT,92,48.0,industrials,True,284.06,-0.043910511807909725,-0.05257116184046562,-0.023502377430300814,-0.03772091690614465,-0.03480165055566142,-0.0342216026325568
2026-06-29,INTC,99,36.0,technology,True,128.34,-0.16364880070131005,-0.17230945073386594,-0.18357453101392962,-0.19779307048977346,-0.34616259216515144,-0.3455825442420468
2026-06-29,MU,99,36.0,technology,True,1123.82,-0.1801347621189754,-0.18879541215153128,-0.1410453073720348,-0.15526384684787864,-0.2831006157872916,-0.282520567864187
2026-06-29,SNDK,99,36.0,technology,True,2019.5,-0.23321943274823886,-0.24188008278079476,-0.16680335276910574,-0.18102189224494958,-0.4804548516950967,-0.4798748037719921
2026-06-29,WDC,99,36.0,technology,True,647.18,-0.15865546077833048,-0.16731611081088638,-0.10929103108684413,-0.12350957056268796,-0.2671083438821461,-0.2665282959590415
2026-06-29,AMD,98,36.0,technology,True,530.41,-0.05399860985237204,-0.06265925988492793,0.004692335583382556,-0.009526203892461282,-0.1667064006196035,-0.1661263526964989
2026-06-29,JBL,91,46.0,technology,True,368.62,-0.14316987109063595,-0.15183052112319184,-0.1278520701287008,-0.14207060960454465,-0.1915512459054196,-0.190971197982315
2026-06-29,LRCX,97,36.0,technology,True,410.65,-0.21657983794546565,-0.22524048797802154,-0.16860843991257957,-0.1828269793884234,-0.35235057087790833,-0.3517705229548037
2026-06-29,HPE,95,39.0,technology,True,43.57,-0.012045397960508963,-0.020706047993064858,0.1263636811411739,0.11214514166533007,0.0361364074050452,0.03671645532814982
2026-06-29,CNC,94,49.0,healthcare,False,65.07,0.02591165054175204,0.017251000509196146,0.06625297866018598,0.05203443918434214,-0.008378543466243005,-0.007798495543138384
2026-06-29,DDOG,96,36.0,technology,True,250.15,0.04182554790504556,0.03316489787248966,0.09829619061390726,0.08407765113806343,0.017768782486054846,0.018348830409159467
2026-06-29,GEV,92,42.0,industrials,True,1093.38,-0.035738624839133815,-0.04439927487168971,-0.0456490512393688,-0.05986759071521264,-0.15543419437527972,-0.1548541464521751
2026-06-29,ALAB,99,31.0,technology,True,447.36,-0.16423283660196197,-0.17289348663451787,-0.21031149472115784,-0.22453003419700168,-0.4319734393889051,-0.43139339146580047
2026-06-29,VTRS,87,58.0,healthcare,False,16.11,0.04305031110970914,0.034389661077153244,0.0030749518184665092,-0.01114358765737733,0.09840102677367057,0.0989810746967752
2026-06-29,CAT,95,36.0,industrials,True,1024.82,-0.10036366834771104,-0.10902431838026694,-0.10685171631971013,-0.12107025579555397,-0.19386621283235894,-0.19328616490925432
2026-06-29,NTAP,89,45.0,technology,True,154.27,0.07391333532856215,0.06525268529600625,0.13415916692769536,0.11994062745185152,0.13402918681544884,0.13460923473855346
2026-06-29,GLW,98,31.0,technology,True,253.17,-0.26579271616798594,-0.27445336620054184,-0.25684186620136495,-0.2710604056772088,-0.5009307328553665,-0.5003506849322619
2026-06-29,ANET,89,44.0,technology,True,163.65,0.014319700778597122,0.005659050746041228,0.11248556849193503,0.09826702901609119,0.034123490845702875,0.034703538768807496
2026-06-29,GNRC,93,38.0,industrials,True,277.1,-0.17839720191025155,-0.18705785194280744,-0.21560977311084495,-0.2298283125866888,-0.3184668776880989,-0.31788682976499427
2026-06-29,CSCO,92,38.0,technology,True,117.79,-0.03914882169944811,-0.047809471732004005,0.0064053810698549984,-0.00781315840598884,-0.006573193634951013,-0.005993145711846393
2026-06-29,PWR,89,42.0,industrials,True,711.22,-0.07989534036012491,-0.0885559903926808,-0.07408155414368223,-0.08830009361952607,-0.17575969954512505,-0.17517965162202043
2026-06-29,UNH,90,49.0,healthcare,False,418.98,0.012939991415348295,0.004279341382792401,0.005843123503161074,-0.008375415972682765,0.014359408580524535,0.014939456503629156
2026-06-29,PANW,96,31.0,technology,True,330.7,0.028972740362156246,0.020312090329600352,0.07736231964534568,0.06314378016950184,-0.026102848760821362,-0.02552280083771674
2026-06-29,CHRW,86,45.0,industrials,True,182.93,0.03355881432330898,0.02489816429075309,0.08043302462007684,0.066214485144233,-0.08341009326766546,-0.08283004534456084
2026-06-29,LUV,88,42.0,industrials,True,51.38,-0.030594260118570915,-0.03925491015112681,-0.06726812175856167,-0.08148666123440551,-0.09178270460672311,-0.09120265668361849
2026-06-29,FTNT,95,31.0,technology,True,156.84,0.050516454064971184,0.04185580403241529,0.10454190444122302,0.09032336496537918,-0.007017992622561087,-0.006437944699456466
2026-06-29,URI,91,36.0,industrials,True,1119.18,-0.06416880278257742,-0.07282945281513331,-0.05547542618944423,-0.06969396566528807,-0.0329396592142952,-0.03235961129119058
2026-06-29,IBKR,87,50.0,financials,False,87.94,0.07465906285253321,0.06599841281997731,0.08647728084541173,0.07225874136956789,0.03306820668191546,0.03364825460502008
2026-06-29,FDX,83,47.0,industrials,True,323.32,-0.035987163543800604,-0.0446478135763565,-0.03358391880897993,-0.04780245828482377,-0.036726572633232646,-0.036146524710128025
2026-06-29,HUM,96,36.0,healthcare,False,383.49,0.013509374264218721,0.0048487242316628265,0.044714414210770714,0.030495874734926876,-0.0016693905920955876,-0.0010893426689909669
2026-06-29,ASML,94,30.0,technology,True,1869.13,-0.08782041384171635,-0.09648106387427224,-0.07301488301231551,-0.08723342248815935,-0.17254129523087192,-0.1719612473077673
2026-06-29,CRWD,94,30.0,technology,True,746.5,0.056999294594365146,0.04833864456180925,0.1444942062595469,0.13027566678370306,-0.01262727466798197,-0.012047226744877348
2026-06-29,AMAT,97,25.0,technology,True,695.34,-0.2050179094549479,-0.2136785594875038,-0.14594978908078104,-0.16016832855662488,-0.3169032486258536,-0.316323200702749
2026-06-29,TER,97,25.0,technology,True,466.79,-0.2660748819432476,-0.27473553197580347,-0.24442774628114539,-0.2586462857569892,-0.31411761873065136,-0.31353757080754674
2026-06-29,DAL,93,31.0,industrials,True,92.8,-0.047808375027598826,-0.05646902506015472,-0.07905955556484234,-0.09327809504068618,-0.03748745184820634,-0.03690740392510172
2026-06-29,UAL,93,31.0,industrials,True,136.31,-0.05515467838619548,-0.06381532841875137,-0.11377028152015733,-0.12798882099600117,-0.08858620131331207,-0.08800615339020745
2026-06-29,CSX,78,53.0,industrials,True,47.96,0.012312221056389294,0.0036515710238334,0.041736269469096365,0.027517729993252527,0.060934931429667216,0.06151497935277184
2026-06-29,KLAC,96,25.0,technology,True,273.39,-0.227665132009908,-0.2363257820424639,-0.17807191789345922,-0.19229045736930306,-0.3192521301486714,-0.31867208222556676
2026-06-29,HST,86,48.0,real_estate,False,24.87,-0.02708333352985204,-0.03574398356240793,-0.025833370103866216,-0.040051909579710054,0.06124990105365291,0.06182994897675753
2026-06-29,MAR,73,67.0,consumer_cyclical,False,374.63,0.019219954768277203,0.010559304735721309,-0.027785951258451513,-0.04200449073429535,0.02663487431504996,0.027214922238154582
2026-06-29,BNY,83,52.0,financials,False,144.48,0.057688233092408225,0.04902758305985233,0.068686350890379,0.05446781141453516,0.08675982662965875,0.08733987455276337
2026-06-30,FLEX,98,49.0,technology,True,162.4,-0.14953456900782658,-0.15007154658680044,-0.17918635882614165,-0.19235416424223473,-0.34306853825049943,-0.32220954673401725
2026-06-30,MRVL,99,43.0,technology,True,297.26,-0.17970043258742308,-0.18023741016639694,-0.2696184178047234,-0.2827862232208165,-0.4213887847802815,-0.40052979326379934
2026-06-30,CMI,93,52.0,industrials,True,705.04,-0.04398564334150934,-0.0445226209204832,-0.04838567986724707,-0.06155348528334015,-0.13428572463279376,-0.11342673311631157
2026-06-30,ARM,97,45.0,technology,True,358.17,-0.12016294881843148,-0.12069992639740534,-0.18823715005550035,-0.20140495547159343,-0.3409720212528873,-0.3201130297364051
2026-06-30,NBIS,99,42.0,technology,True,281.8,-0.09902863456783706,-0.09956561214681092,-0.16965633908075506,-0.18282414449684814,-0.383120937177728,-0.3622619456612458
2026-06-30,KEYS,91,54.0,technology,True,350.08,-0.07279077461018046,-0.07332775218915433,-0.056803396754751656,-0.06997120217084474,-0.13276531661012747,-0.11190632509364529
2026-06-30,COHR,96,44.0,technology,True,387.36,-0.14336278311484296,-0.14389976069381682,-0.19110530185119035,-0.20427310726728343,-0.4000431983999688,-0.37918420688348664
2026-06-30,WDC,99,38.0,technology,True,640.86,-0.08975121364934002,-0.09028819122831389,-0.15005954262384402,-0.1632273480399371,-0.23574170656775228,-0.2148827150512701
2026-06-30,FIX,96,42.0,industrials,True,1979.4,-0.12949092284336983,-0.1300279004223437,-0.10274954816007464,-0.11591735357616773,-0.21472632166259809,-0.1938673301461159
2026-06-30,STX,98,38.0,technology,True,949.59,-0.0409482912528375,-0.04148526883181136,-0.07632091654557405,-0.08948872196166713,-0.1475455812038785,-0.12668658968739632
2026-06-30,INTC,99,36.0,technology,True,140.32,-0.18340742323133685,-0.18394440081031072,-0.23711112693504055,-0.25027893235113363,-0.3934815018265335,-0.37262251031005134
2026-06-30,SNDK,99,36.0,technology,True,2199.41,-0.17168378673051043,-0.1722207643094843,-0.22548278533205568,-0.23865059074814876,-0.5128022882015573,-0.4919432966850751
2026-06-30,FTNT,94,43.0,technology,True,151.68,0.01273104013680637,0.012194062557832508,0.06313809400829751,0.049970288592204426,-0.009822956045636766,0.011036035470845418
2026-06-30,VRT,94,42.0,industrials,True,328.14,-0.024524189185897827,-0.02506116676487169,-0.06516262011414076,-0.07833042553023384,-0.3154082467154229,-0.2945492551989407
2026-06-30,HPE,95,39.0,technology,True,43.78,0.0054016369747929005,0.004864659395819038,0.06662155310034001,0.05345374768424693,0.00022495510583220302,0.021083946622314387
2026-06-30,JBHT,93,42.0,industrials,True,289.39,-0.04484664877877409,-0.04538362635774795,-0.04543409676351051,-0.05860190217960359,-0.045917722136057826,-0.025058730619575642
2026-06-30,CNC,94,49.0,healthcare,False,64.23,0.009175585892827964,0.008638608313854101,0.0019554339177754176,-0.011212371498317664,-0.0700963211010932,-0.04923732958461102
2026-06-30,JBL,91,44.0,technology,True,382.07,-0.1388815538044953,-0.13941853138346916,-0.1548482675990569,-0.16801607301514998,-0.2396864073670416,-0.21882741585055943
2026-06-30,VTRS,86,60.0,healthcare,False,16.06,0.03930130305766277,0.03876432547868891,0.0405489993757262,0.02738119395963312,0.11166565156939012,0.1325246430858723
2026-06-30,ALAB,99,31.0,technology,True,492.88,-0.15991452208950985,-0.1604514996684837,-0.2508119762453258,-0.2639797816614189,-0.4663675096299913,-0.4455085181135091
2026-06-30,MU,99,31.0,technology,True,1157.75,-0.12297866031281357,-0.12351563789178743,-0.16413059343402459,-0.17729839885011767,-0.3169068524795845,-0.2960478609631023
2026-06-30,UNH,89,55.0,healthcare,False,417.26,0.0203543562590065,0.019817378680032638,0.0033803893547459385,-0.009787416061347143,0.008295211785316337,0.02915420330179852
2026-06-30,NTAP,89,45.0,technology,True,153.15,0.06695903144837168,0.06642205386939781,0.0488474962976837,0.03567969088159062,0.12086268020533564,0.14172167172181782
2026-06-30,DELL,98,31.0,technology,True,422.5,0.03342100196477871,0.032884024385804844,-0.012727327149844259,-0.02589513256593734,-0.11423248761098637,-0.09337349609450418
2026-06-30,CSX,77,61.0,industrials,True,47.58,0.01712969189282565,0.016592714313851786,0.03258830935034629,0.019420503934253208,0.059954084760484694,0.08081307627696688
2026-06-30,GLW,97,31.0,technology,True,255.92,-0.2316075222311088,-0.23214449981008267,-0.2717745097486488,-0.2849423151647419,-0.48204593286190034,-0.46118694134541816
2026-06-30,CSCO,92,38.0,technology,True,117.82,-0.019686002663051205,-0.020222980242025068,-0.03734233746947102,-0.0505101428855641,-0.031227134579388305,-0.010368143062906121
2026-06-30,GNRC,93,36.0,industrials,True,292.99,-0.17858007069102477,-0.17911704826999864,-0.2134004116191618,-0.22656821703525487,-0.32237455055302455,-0.30151555903654237
2026-06-30,DDOG,96,31.0,technology,True,257.71,-0.027199291747530663,-0.027736269326504526,-0.014642956067152046,-0.027810761483245128,-0.015611618214987244,0.00524737330149494
2026-06-30,PANW,96,31.0,technology,True,338.3,-0.07223265037425652,-0.07276962795323039,0.024511652495782466,0.011343847079689384,-0.09086961367597335,-0.07001062215949116
2026-06-30,AMD,99,26.0,technology,True,578.0,-0.07196035019484215,-0.07249732777381601,-0.050921050269240875,-0.06408885568533396,-0.22953029435861905,-0.20867130284213686
2026-06-30,VLO,87,44.0,energy,True,265.24,0.07542570608478627,0.07488872850581241,0.1126063240663866,0.09943851865029352,0.14552913661762856,0.16638812813411075
2026-06-30,TXN,90,39.0,technology,True,295.89,0.024549553970306004,0.02401257639133214,0.024107437785669372,0.010939632369576291,-0.07752463290422595,-0.05666564138774377
2026-06-30,CHRW,86,45.0,industrials,True,184.27,0.008441220039940855,0.007904242460966993,0.048524058648936164,0.03535625323284308,-0.07756425743565509,-0.05670526591917291
2026-06-30,LUV,88,42.0,industrials,True,51.24,-0.06512967403752379,-0.06566665161649765,-0.0537944129651281,-0.06696221838122118,-0.1473582514831695,-0.12649925996668732
2026-06-30,AMAT,98,26.0,technology,True,729.17,-0.14648185209598363,-0.1470188296749575,-0.13312186401913706,-0.14628966943523014,-0.34703245668190863,-0.32617346516542645
2026-06-30,URI,91,36.0,industrials,True,1126.3,-0.05035016481719545,-0.050887142396169316,-0.07180715036285756,-0.08497495577895064,-0.0648676006044917,-0.04400860908800952
2026-06-30,IBKR,87,50.0,financials,False,89.36,0.06100194438422557,0.06046496680525171,0.10655465604327352,0.09338685062718044,-0.020106802926701195,0.0007521885897809888
2026-06-30,LRCX,97,26.0,technology,True,427.72,-0.1773465342319499,-0.17788351181092377,-0.171716469414673,-0.18488427483076608,-0.376867425425887,-0.35600843390940484
2026-06-30,KLAC,97,25.0,technology,True,296.4,-0.2253432856451102,-0.22588026322408405,-0.21371531886739303,-0.22688312428348612,-0.4039296693527934,-0.3830706778363112
2026-06-30,TER,97,25.0,technology,True,473.24,-0.23737521386604676,-0.23791219144502063,-0.25787421565687874,-0.2710420210729718,-0.3071366533294093,-0.28627766181292713
2026-06-30,ANET,89,36.0,technology,True,169.66,0.09359434062083283,0.09305736304185896,0.03844647262090817,0.025278667204815086,-0.04581554039830371,-0.024956548881821528
2026-06-30,BNY,84,52.0,financials,False,145.5,0.0372365504426333,0.036699572863659435,0.12158896306282685,0.10842115764673377,0.05773391270420336,0.07859290422068554
2026-06-30,DAL,92,31.0,industrials,True,94.01,-0.07600294634620985,-0.07653992392518372,-0.08783483536520842,-0.1010026407813015,-0.08475748851000087,-0.06389849699351868
2026-06-30,GEV,92,31.0,industrials,True,1145.29,-0.06577986093312449,-0.06631683851209835,-0.07948359488544143,-0.09265140030153451,-0.21468945383439098,-0.1938304623179088
2026-06-30,UAL,92,31.0,industrials,True,137.09,-0.07272990193660633,-0.0732668795155802,-0.11129881310560985,-0.12446661852170293,-0.12268584739416821,-0.10182685587768603
2026-06-30,CRWD,95,25.0,technology,True,760.38,-0.013574218749999978,-0.01411119632897384,0.06720002205141129,0.05403221663531821,-0.07416771673387101,-0.05330872521738883
2026-06-30,CAT,95,25.0,industrials,True,1064.14,-0.08302388523931703,-0.08356086281829089,-0.1156956741009888,-0.12886347951708188,-0.24156415365150607,-0.2207051621350239
2026-06-30,HST,84,50.0,real_estate,False,23.89,-0.029837970914453504,-0.030374948493427367,0.014492740753163869,0.0013249353370707873,0.08866158760660836,0.10952057912309054
2026-06-30,IEX,73,58.0,industrials,True,226.7,-0.035248961042133264,-0.03578593862110713,-0.01236595073163993,-0.02553375614773301,0.013918550672616714,0.0347775421890989
2026-07-01,FLEX,98,51.0,technology,True,153.65,-0.08187899145429711,-0.08764566583633993,-0.2053536005667036,-0.2097955997372023,-0.26577873634359883,-0.2581388560014053
2026-07-01,NBIS,99,44.0,technology,True,237.88,-0.07210301738951852,-0.07786969177156133,-0.2627896812340732,-0.2672316804045719,-0.1912875850824839,-0.18364770474029035
2026-07-01,ARM,98,45.0,technology,True,344.19,-0.02778435354204445,-0.03355102792408726,-0.22307550304596635,-0.22751750221646505,-0.2837741659336801,-0.27613428559148656
2026-07-01,MRVL,98,45.0,technology,True,280.39,-0.09732835034927967,-0.10309502473132248,-0.3011263118629136,-0.3055683110334123,-0.31968376477875315,-0.3120438844365596
2026-07-01,ALAB,99,43.0,technology,True,451.0,-0.03599014242100129,-0.041756816803044106,-0.26163015107235243,-0.26607215024285114,-0.3079312297921075,-0.300291349449914
2026-07-01,INTC,99,42.0,technology,True,129.99,-0.12705551881836463,-0.13282219320040745,-0.2477505062492743,-0.252192505419773,-0.2931275322080351,-0.2854876518658416
2026-07-01,CMI,91,54.0,industrials,True,697.38,-0.014070232629103452,-0.019836907011146265,-0.05149336148007455,-0.05593536065057325,-0.07323575247720382,-0.06559587213501028
2026-07-01,MU,99,38.0,technology,True,1058.61,-0.04772680235361326,-0.053493476735656076,-0.1806709170117835,-0.1851129161822822,-0.16006288857258755,-0.152423008230394
2026-07-01,STX,99,38.0,technology,True,926.03,-0.011834573123288394,-0.017601247505331208,-0.17236747546849684,-0.17680947463899555,-0.0544768574954726,-0.04683697715327906
2026-07-01,WDC,99,38.0,technology,True,603.92,-0.0293030942880097,-0.035069768670052515,-0.21610412513102817,-0.22054612430152687,-0.10488672133471155,-0.09724684099251801
2026-07-01,FIX,95,44.0,industrials,True,1894.45,-0.05092165171595597,-0.05668832609799879,-0.10463502985793294,-0.10907702902843164,-0.09545015866823103,-0.0878102783260375
2026-07-01,UAL,91,49.0,industrials,True,135.54,-0.06471947349103258,-0.07048614787307539,-0.13893316975309355,-0.14337516892359226,-0.1045078896611914,-0.09686800931899786
2026-07-01,AMD,99,36.0,technology,True,552.39,0.0159060465024492,0.010139372120406387,-0.06916153664428881,-0.07360353581478751,-0.09805626789326738,-0.09041638755107384
2026-07-01,SNDK,99,36.0,technology,True,2064.72,-0.09077699621509172,-0.09654367059713453,-0.30958023175321225,-0.31402223092371095,-0.37373523321354063,-0.3660953528713471
2026-07-01,PANW,96,38.0,technology,True,354.55,-0.03749749080192233,-0.04326416518396514,0.0071125780803402705,0.00267057890984157,-0.07343024915555496,-0.06579036881336142
2026-07-01,GNRC,92,44.0,industrials,True,277.17,-0.1271879842306466,-0.1329546586126894,-0.20297525764557167,-0.20741725681607037,-0.28982719957103964,-0.2821873192288461
2026-07-01,AMAT,97,36.0,technology,True,661.91,-0.10359531716667436,-0.10936199154871717,-0.145822242193957,-0.1502642413644557,-0.23591040559466225,-0.22827052525246871
2026-07-01,LRCX,97,36.0,technology,True,394.89,-0.09689044690869986,-0.10265712129074267,-0.17925638703039248,-0.18369838620089118,-0.2386845950333043,-0.23104471469111076
2026-07-01,GLW,97,36.0,technology,True,221.35,-0.14073874423628085,-0.14650541861832367,-0.29255436657319833,-0.29699636574369703,-0.39604267152851735,-0.3884027911863238
2026-07-01,HPE,95,39.0,technology,True,43.94,0.12896549099594545,0.12319881661390264,0.03747122888170362,0.03302922971120492,0.08367811662564084,0.09131799696783438
2026-07-01,AAPL,76,67.0,technology,True,295.32,0.07513945453121762,0.0693727801491748,0.13307503877436444,0.12863303960386574,0.13365295527758025,0.1412928356197738
2026-07-01,KLAC,96,36.0,technology,True,271.81,-0.13714284974035074,-0.14290952412239355,-0.17530077799520016,-0.17974277716569886,-0.3220676420213133,-0.3144277616791198
2026-07-01,TER,96,36.0,technology,True,439.96,-0.15128330207246987,-0.15704997645451269,-0.24592313375237884,-0.25036513292287754,-0.14487265610174005,-0.1372327757595465
2026-07-01,DELL,98,31.0,technology,True,434.66,0.08205155321652668,0.07628487883448387,-0.05936353665721872,-0.06380553582771742,-0.025478436164328988,-0.01783855582213545
2026-07-01,JBL,89,44.0,technology,True,376.79,-0.10668421396165562,-0.11245088834369843,-0.1750577198457367,-0.1794997190162354,-0.17113538587101285,-0.1634955055288193
2026-07-01,ANET,90,42.0,technology,True,168.92,0.1101827468370069,0.10441607245496409,0.013224314379482571,0.00878231520898387,0.028011563146264074,0.03565144348845761
2026-07-01,CAT,94,36.0,industrials,True,1018.4,-0.0628096581971439,-0.06857633257918672,-0.12395138129621841,-0.1283933804667171,-0.19039528108757098,-0.18275540074537744
2026-07-01,DDOG,97,31.0,technology,True,266.28,0.027737487722544918,0.021970813340502104,0.002216004857814813,-0.0022259943126838877,0.026056420794208,0.03369630113640154
2026-07-01,CSCO,92,38.0,technology,True,116.39,0.014719252349397083,0.00895257796735427,-0.059469893318781275,-0.06391189248927998,-0.02602048761172915,-0.01838060726953561
2026-07-01,DAL,92,38.0,industrials,True,94.15,-0.06005316541251726,-0.06581983979456008,-0.08434395853657695,-0.08878595770707565,-0.06438329624812378,-0.05674341590593024
2026-07-01,ASML,93,36.0,technology,True,1865.65,-0.021545803547287412,-0.027312477929330226,-0.03205568552419369,-0.03649768469469239,-0.10325722600692133,-0.0956173456647278
2026-07-01,NTAP,91,38.0,technology,True,158.2,0.10182208331099929,0.09605540892895648,0.02768518167991596,0.02324318250941726,0.11964844877205993,0.12728832911425347
2026-07-01,VLO,87,44.0,energy,True,266.88,0.042052722593787006,0.03628604821174419,0.11248626765395753,0.10804426848345883,0.15490925442823578,0.16254913477042932
2026-07-01,TXN,90,39.0,technology,True,300.42,0.028501850282428354,0.02273517590038554,-0.029201924017387082,-0.03364392318788578,-0.07073808083213895,-0.06309820048994541
2026-07-01,FTNT,95,31.0,technology,True,158.31,0.03208520144650695,0.026318527064464137,0.01348965833258875,0.00904765916209005,-0.027672714362950823,-0.020032834020757284
2026-07-01,IVZ,85,54.0,financials,False,27.39,0.04225867360168478,0.03649199921964197,0.1038250994888299,0.0993831003183312,0.07176681738811208,0.07940669773030562
2026-07-01,UNH,89,48.0,healthcare,False,424.44,0.0082918015454021,0.0025251271633592864,-0.011094764927989664,-0.015536764098488365,-0.015556036957078079,-0.00791615661488454
2026-07-01,URI,91,36.0,industrials,True,1129.61,-0.03279190460647996,-0.038558578988522774,-0.04776202836097998,-0.05220402753147868,-0.0505960725298622,-0.04295619218766866
2026-07-01,JBHT,92,34.0,industrials,True,294.4,-0.0323232072089098,-0.03808988159095261,0.021777160456103006,0.017335161285604306,-0.078205780282807,-0.07056589994061346
2026-07-01,BIIB,82,57.0,healthcare,False,212.69,-0.0650089380180029,-0.0707756124000457,-0.017956224619640193,-0.022398223790138894,-0.022609818055764674,-0.014969937713571135
2026-07-01,LUV,86,42.0,industrials,True,51.13,-0.04390049465635126,-0.04966716903839408,-0.03982128498717785,-0.04426328415767655,-0.11421912189891381,-0.10657924155672027
2026-07-01,GEV,93,31.0,industrials,True,1160.47,-0.05590753252142833,-0.06167420690347114,-0.09018520161935129,-0.09462720078984999,-0.13780862828017026,-0.13016874793797673
2026-07-01,AFRM,94,38.0,financials,False,84.8,-0.009165649850177648,-0.014932324232220462,-0.05576256815407454,-0.060204567324573244,-0.13369996173347276,-0.12606008139127922
2026-07-01,CRWD,95,25.0,technology,True,774.26,0.037358442034234995,0.03159176765219218,0.06538385561039628,0.06094185643989758,-0.03155474893745758,-0.02391486859526404
2026-07-01,CHRW,87,37.0,industrials,True,192.62,-0.0026388425648758984,-0.008405516946918712,0.06457279011580708,0.06013079094530838,-0.2398199703637487,-0.23218009002155515
2026-07-01,VTRS,87,45.0,healthcare,False,16.3,0.003685466352422395,-0.0020812080296204183,0.064496242177279,0.060054243006780306,0.09090906420143141,0.09854894454362495
2026-07-01,NTRS,80,55.0,financials,False,177.5,0.03497860398996511,0.029211929607922293,0.06701389112725664,0.06257189195675794,0.03299752736687611,0.04063740770906965
2026-07-01,HST,83,50.0,real_estate,False,23.14,-0.014887284619313323,-0.020653959001356137,0.0068056323215761605,0.00236363315107746,0.06720541437613448,0.07484529471832801
2026-07-01,STT,87,44.0,financials,False,172.21,0.05319777762033584,0.047431103238293026,0.0853501824625178,0.0809081832920191,0.06874786314993919,0.07638774349213273
2026-07-01,APH,90,31.0,technology,True,173.46,-0.04570308558397629,-0.0514697599660191,-0.09922943549392371,-0.10367143466442241,-0.05993758619433309,-0.05229770585213955
2026-07-02,INTC,99,44.0,technology,True,122.64,-0.10385904698236814,-0.11215300557418151,-0.22460633799332042,-0.21732740441923415,-0.2640940101752234,-0.26181026777754823
2026-07-02,DELL,98,44.0,technology,True,394.95,0.1006604009642349,0.09236644237242153,0.002909920495865581,0.010188854069951847,0.027454747922949663,0.02973849032062481
2026-07-02,FLEX,98,44.0,technology,True,140.74,-0.019636161830843157,-0.027930120422656524,-0.13911351197014077,-0.1318345783960545,-0.17881896844111955,-0.1765352260434444
2026-07-02,JBHT,92,49.0,industrials,True,288.85,-0.00444502305348371,-0.012738981645297076,0.03627189997586178,0.04355083354994804,-0.03364025762569711,-0.031356515228021964
2026-07-02,UAL,92,49.0,industrials,True,134.56,-0.06659756372570358,-0.07489152231751695,-0.14504778897906057,-0.1377688554049743,-0.10119270395022784,-0.09890896155255269
2026-07-02,AMD,99,38.0,technology,True,516.72,0.04210337179492729,0.033809413203113925,-0.07395155996221259,-0.06667262638812632,-0.11058183317307357,-0.10829809077539843
2026-07-02,MU,99,38.0,technology,True,986.24,-0.027507459987121452,-0.03580141857893482,-0.15695132849351412,-0.14967239491942785,-0.18269113277370908,-0.18040739037603393
2026-07-02,SNDK,99,38.0,technology,True,1800.99,0.047706535682575435,0.03941257709076207,-0.2591268529780655,-0.2518479194039792,-0.335679331335498,-0.33339558893782284
2026-07-02,STX,99,38.0,technology,True,845.62,0.05409791885223103,0.045803960260417664,-0.08795535530744314,-0.08067642173335687,-0.008672797349578043,-0.006389054951902895
2026-07-02,WDC,99,38.0,technology,True,553.59,0.027495635074172853,0.019201676482359487,-0.15834215087848902,-0.15106321730440275,-0.039082898875729355,-0.03679915647805421
2026-07-02,ARM,98,38.0,technology,True,320.48,-0.002713708930977443,-0.01100766752279081,-0.17602611560164771,-0.16874718202756145,-0.26083199012505465,-0.2585482477273795
2026-07-02,MRVL,98,38.0,technology,True,249.19,-0.07437342777224853,-0.0826673863640619,-0.2593731534853837,-0.25209421991129743,-0.26376947786504235,-0.2614857354673672
2026-07-02,HPE,94,44.0,technology,True,41.56,0.1619946237139711,0.15370066512215774,0.09688077046595511,0.10415970404004138,0.14667371168204602,0.14895745407972116
2026-07-02,ALAB,99,36.0,technology,True,409.29,-0.010423670150413122,-0.01871762874222649,-0.27245281848827574,-0.2651738849141895,-0.25421737389999755,-0.2519336315023224
2026-07-02,AMAT,97,38.0,technology,True,601.69,-0.04023832954660733,-0.0485322881384207,-0.1562700452311203,-0.14899111165703405,-0.19129922594728366,-0.1890154835496085
2026-07-02,ASML,93,44.0,technology,True,1796.28,-0.017857994375710562,-0.026151952967523928,-0.04503826995799942,-0.037759336383913156,-0.10868482361974652,-0.10640108122207137
2026-07-02,DDOG,97,38.0,technology,True,259.24,0.031046719255023447,0.02275276066321008,0.03565065415753654,0.04292958773162281,0.0728025994034176,0.07508634180109275
2026-07-02,LRCX,97,38.0,technology,True,360.11,-0.04108500037426466,-0.049378958966078024,-0.14244269574878665,-0.13516376217470039,-0.19795256411307438,-0.19566882171539923
2026-07-02,PANW,97,38.0,technology,True,347.98,-0.03850008296539109,-0.04679404155720446,0.058177961168955905,0.06545689474304217,-0.021034945310816844,-0.018751202913141696
2026-07-02,GLW,96,38.0,technology,True,201.65,-0.041283688186271594,-0.04957764677808496,-0.22349457328219846,-0.2162156397081122,-0.30566022100392287,-0.3033764786062477
2026-07-02,KLAC,95,38.0,technology,True,239.78,-0.060084480702033316,-0.06837843929384668,-0.13628616875293909,-0.12900723517885282,-0.2577947695275672,-0.25551102712989204
2026-07-02,ANET,87,50.0,technology,True,160.4,0.14794461921234792,0.13965066062053455,0.03527458277357587,0.042553516347662135,0.10735885562037129,0.10964259801804643
2026-07-02,GEV,92,42.0,industrials,True,1109.02,-0.04291908287791901,-0.05121304146973238,-0.07249329454551678,-0.06521436097143052,-0.13172065279980816,-0.129436910402133
2026-07-02,FTNT,94,38.0,technology,True,156.79,0.017835182596678045,0.009541224004864679,0.04432956775671437,0.05160850133080064,0.046526636176039915,0.04881037857371506
2026-07-02,CAT,94,38.0,industrials,True,971.07,-0.027249860455577424,-0.03554381904739079,-0.10092026554236244,-0.09364133196827618,-0.16624465272514244,-0.1639609103274673
2026-07-02,AAPL,80,57.0,technology,True,306.39,0.025898053022464618,0.01760409443065125,0.08582763403251459,0.09310656760660085,0.00504301794344153,0.007326760341116678
2026-07-02,CDNS,79,57.0,technology,True,371.24,0.039421014836612533,0.031127056244799167,-0.10684529247787122,-0.09956635890378496,-0.0800325124495781,-0.07774877005190295
2026-07-02,CSCO,91,39.0,technology,True,112.67,0.07306497891066166,0.0647710203188483,-0.00981864116622877,-0.002539707592142504,0.026006172074956257,0.028289914472631406
2026-07-02,DAL,93,36.0,industrials,True,93.59,-0.06093066532032054,-0.06922462391213391,-0.09553192891011764,-0.08825299533603137,-0.06039334602893576,-0.05810960363126061
2026-07-02,DVA,93,44.0,healthcare,False,235.09,-0.011464955194234294,-0.01975891378604766,0.00624204340001322,0.013520976974099486,0.01949043030951425,0.0217741727071894
2026-07-02,CNC,96,37.0,healthcare,False,68.25,-0.0014825571333654253,-0.009776515725178792,-0.014973974092407416,-0.00769504051832115,-0.07753885788241477,-0.07525511548473962
2026-07-02,VLO,88,49.0,energy,False,269.41,0.048798606364288455,0.04050464777247509,0.15700769112695867,0.16428662470104494,0.17366966580598908,0.17595340820366423
2026-07-02,FFIV,86,43.0,technology,True,410.23,0.05746932346053435,0.04917536486872098,0.005159720156058034,0.0124386537301443,-0.010884502888897418,-0.00860076049122227
2026-07-02,URI,89,38.0,industrials,True,1096.85,-0.000839016247747626,-0.009132974839560992,-0.04675010750515274,-0.03947117393106647,-0.015695805944326957,-0.013412063546651809
2026-07-02,CHRW,89,37.0,industrials,True,191.58,0.012188082296257674,0.0038941237044443078,0.09065226975102592,0.09793120332511218,-0.22723230910557257,-0.22494856670789742
2026-07-02,AFRM,94,38.0,financials,False,84.0,-0.018472758374941667,-0.026766716966755033,-0.10495350503765366,-0.0976745714635674,-0.15860684864525054,-0.1563231062475754
2026-07-02,NTAP,91,33.0,technology,True,156.84,0.09110339303455839,0.08280943444274502,0.05886205097638175,0.06614098455046802,0.15332481369181927,0.15560855608949442
2026-07-02,BNY,83,53.0,financials,False,145.55,0.030105819101432507,0.02181186050961914,0.06543265251940933,0.0727115860934956,0.06422728399828026,0.06651102639595541
2026-07-02,APH,88,36.0,technology,True,165.15,-0.053214347740561774,-0.06150830633237514,-0.1000000370687566,-0.09272110349467033,-0.043452406753274664,-0.041168664355599516
2026-07-02,HUM,97,31.0,healthcare,False,404.39,-0.014522609998233404,-0.02281656859004677,0.005025125628140614,0.01230405920222688,-0.08577893127748115,-0.083495188879806
2026-07-02,LUV,88,36.0,industrials,True,50.73,-0.05039219625827396,-0.058686154850087324,-0.057254891433056954,-0.04997595785897069,-0.11823527584640414,-0.115951533448729
2026-07-02,ROK,82,45.0,industrials,True,470.26,-0.0050577148411652395,-0.013351673432978606,-0.02670058102458961,-0.019421647450503343,0.011717114378544835,0.014000856776219983
2026-07-02,UNH,91,40.0,healthcare,False,428.38,0.0026683567668199792,-0.005625601824993387,0.006139500958393551,0.013418434532479817,-0.02146448428935499,-0.019180741891679842
2026-07-02,CRWD,95,25.0,technology,True,194.41,-0.012294875724724097,-0.020588834316537463,0.07160576073854119,0.07888469431262746,0.007123667050008331,0.009407409447683479
2026-07-02,HST,84,50.0,real_estate,False,23.34,-0.011513886281648733,-0.0198078448734621,0.020895532166685715,0.02817446574077198,0.07164171156229604,0.07392545395997119
2026-07-02,IBKR,88,44.0,financials,False,91.63,0.022828531278463737,0.014534572686650371,-0.015871306078678815,-0.00859237250459255,-0.04348302416472771,-0.041199281767052565
2026-07-02,VTRS,89,42.0,healthcare,False,16.56,-0.025748578732664784,-0.03404253732447815,0.03532928056268858,0.04260821413677485,0.05149694581530939,0.05378068821298454
2026-07-02,SWK,83,42.0,industrials,True,91.86,-0.04451424058072706,-0.052808199172540427,-0.0233944476129907,-0.016115514038904433,0.02436905474716089,0.026652797144836038
2026-07-02,WST,91,38.0,healthcare,False,366.02,-0.030586252002584025,-0.03888021059439739,-0.01817088292435376,-0.010891949350267494,-0.06491980012439769,-0.06263605772672254
2026-07-02,MRNA,95,31.0,healthcare,False,78.04,-0.13087213251815855,-0.1391660911099719,-0.21298539410507644,-0.20570646053099018,-0.30210060388282256,-0.2998168614851474
2026-07-03,INTC,99,44.0,technology,True,120.35,-0.10385904698236814,-0.11215300557418151,-0.22460633799332042,-0.21732740441923415,-0.2640940101752234,-0.26181026777754823
2026-07-03,DELL,98,44.0,technology,True,394.32,0.1006604009642349,0.09236644237242153,0.002909920495865581,0.010188854069951847,0.027454747922949663,0.02973849032062481
2026-07-03,FLEX,98,44.0,technology,True,136.86,-0.019636161830843157,-0.027930120422656524,-0.13911351197014077,-0.1318345783960545,-0.17881896844111955,-0.1765352260434444
2026-07-03,GLW,96,44.0,technology,True,196.79,-0.041283688186271594,-0.04957764677808496,-0.22349457328219846,-0.2162156397081122,-0.30566022100392287,-0.3033764786062477
2026-07-03,NBIS,99,39.0,technology,True,215.62,0.015722515128251402,0.007428556536438036,-0.17821962213240605,-0.1709406885583198,-0.11949131254515899,-0.11720757014748384
2026-07-03,AMD,99,38.0,technology,True,517.82,0.04210337179492729,0.033809413203113925,-0.07395155996221259,-0.06667262638812632,-0.11058183317307357,-0.10829809077539843
2026-07-03,MU,99,38.0,technology,True,975.56,-0.027507459987121452,-0.03580141857893482,-0.15695132849351412,-0.14967239491942785,-0.18269113277370908,-0.18040739037603393
2026-07-03,SNDK,99,38.0,technology,True,1745.0,0.047706535682575435,0.03941257709076207,-0.2591268529780655,-0.2518479194039792,-0.335679331335498,-0.33339558893782284
2026-07-03,WDC,99,38.0,technology,True,539.0,0.027495635074172853,0.019201676482359487,-0.15834215087848902,-0.15106321730440275,-0.039082898875729355,-0.03679915647805421
2026-07-03,ARM,98,38.0,technology,True,315.28,-0.002713708930977443,-0.01100766752279081,-0.17602611560164771,-0.16874718202756145,-0.26083199012505465,-0.2585482477273795
2026-07-03,MRVL,98,38.0,technology,True,245.29,-0.07437342777224853,-0.0826673863640619,-0.2593731534853837,-0.25209421991129743,-0.26376947786504235,-0.2614857354673672
2026-07-03,CAT,94,44.0,industrials,True,963.53,-0.027249860455577424,-0.03554381904739079,-0.10092026554236244,-0.09364133196827618,-0.16624465272514244,-0.1639609103274673
2026-07-03,HPE,94,44.0,technology,True,41.23,0.1619946237139711,0.15370066512215774,0.09688077046595511,0.10415970404004138,0.14667371168204602,0.14895745407972116
2026-07-03,ALAB,99,36.0,technology,True,406.42,-0.010423670150413122,-0.01871762874222649,-0.27245281848827574,-0.2651738849141895,-0.25421737389999755,-0.2519336315023224
2026-07-03,DDOG,97,38.0,technology,True,260.36,0.031046719255023447,0.02275276066321008,0.03565065415753654,0.04292958773162281,0.0728025994034176,0.07508634180109275
2026-07-03,LRCX,97,38.0,technology,True,351.41,-0.04108500037426466,-0.049378958966078024,-0.14244269574878665,-0.13516376217470039,-0.19795256411307438,-0.19566882171539923
2026-07-03,GEV,92,42.0,industrials,True,1113.11,-0.04291908287791901,-0.05121304146973238,-0.07249329454551678,-0.06521436097143052,-0.13172065279980816,-0.129436910402133
2026-07-03,JBHT,92,42.0,industrials,True,285.83,-0.00444502305348371,-0.012738981645297076,0.03627189997586178,0.04355083354994804,-0.03364025762569711,-0.031356515228021964
2026-07-03,AMAT,97,33.0,technology,True,603.04,-0.04023832954660733,-0.0485322881384207,-0.1562700452311203,-0.14899111165703405,-0.19129922594728366,-0.1890154835496085
2026-07-03,ASML,93,38.0,technology,True,1769.32,-0.017857994375710562,-0.026151952967523928,-0.04503826995799942,-0.037759336383913156,-0.10868482361974652,-0.10640108122207137
2026-07-03,PANW,97,31.0,technology,True,348.06,-0.03850008296539109,-0.04679404155720446,0.058177961168955905,0.06545689474304217,-0.021034945310816844,-0.018751202913141696
2026-07-03,CHRW,89,43.0,industrials,True,189.85,0.012188082296257674,0.0038941237044443078,0.09065226975102592,0.09793120332511218,-0.22723230910557257,-0.22494856670789742
2026-07-03,CSCO,91,39.0,technology,True,112.69,0.07306497891066166,0.0647710203188483,-0.00981864116622877,-0.002539707592142504,0.026006172074956257,0.028289914472631406
2026-07-03,DVA,93,44.0,healthcare,False,234.91,-0.011464955194234294,-0.01975891378604766,0.00624204340001322,0.013520976974099486,0.01949043030951425,0.0217741727071894
2026-07-03,KLAC,95,32.0,technology,True,235.55,-0.060084480702033316,-0.06837843929384668,-0.13628616875293909,-0.12900723517885282,-0.2577947695275672,-0.25551102712989204
2026-07-03,ANET,87,44.0,technology,True,159.99,0.14794461921234792,0.13965066062053455,0.03527458277357587,0.042553516347662135,0.10735885562037129,0.10964259801804643
2026-07-03,DAL,92,36.0,industrials,True,92.75,-0.06093066532032054,-0.06922462391213391,-0.09553192891011764,-0.08825299533603137,-0.06039334602893576,-0.05810960363126061
2026-07-03,NTAP,90,38.0,technology,True,154.17,0.09110339303455839,0.08280943444274502,0.05886205097638175,0.06614098455046802,0.15332481369181927,0.15560855608949442
2026-07-03,URI,90,38.0,industrials,True,1098.59,-0.000839016247747626,-0.009132974839560992,-0.04675010750515274,-0.03947117393106647,-0.015695805944326957,-0.013412063546651809
2026-07-03,HUM,97,36.0,healthcare,False,396.75,-0.014522609998233404,-0.02281656859004677,0.005025125628140614,0.01230405920222688,-0.08577893127748115,-0.083495188879806
2026-07-03,LUV,87,42.0,industrials,True,50.25,-0.05039219625827396,-0.058686154850087324,-0.057254891433056954,-0.04997595785897069,-0.11823527584640414,-0.115951533448729
2026-07-03,UAL,91,36.0,industrials,True,133.32,-0.06659756372570358,-0.07489152231751695,-0.14504778897906057,-0.1377688554049743,-0.10119270395022784,-0.09890896155255269
2026-07-03,CNC,96,37.0,healthcare,False,67.86,-0.0014825571333654253,-0.009776515725178792,-0.014973974092407416,-0.00769504051832115,-0.07753885788241477,-0.07525511548473962
2026-07-03,FTNT,94,31.0,technology,True,156.25,0.017835182596678045,0.009541224004864679,0.04432956775671437,0.05160850133080064,0.046526636176039915,0.04881037857371506
2026-07-03,AFRM,94,38.0,financials,False,84.58,-0.018472758374941667,-0.026766716966755033,-0.10495350503765366,-0.0976745714635674,-0.15860684864525054,-0.1563231062475754
2026-07-03,AAPL,80,49.0,technology,True,308.63,0.025898053022464618,0.01760409443065125,0.08582763403251459,0.09310656760660085,0.00504301794344153,0.007326760341116678
2026-07-03,APH,88,36.0,technology,True,164.59,-0.053214347740561774,-0.06150830633237514,-0.1000000370687566,-0.09272110349467033,-0.043452406753274664,-0.041168664355599516
2026-07-03,UNH,91,40.0,healthcare,False,425.36,0.0026683567668199792,-0.005625601824993387,0.006139500958393551,0.013418434532479817,-0.02146448428935499,-0.019180741891679842
2026-07-03,CRWD,95,25.0,technology,True,193.98,-0.012294875724724097,-0.020588834316537463,0.07160576073854119,0.07888469431262746,0.007123667050008331,0.009407409447683479
2026-07-03,IBKR,88,44.0,financials,False,91.33,0.022828531278463737,0.014534572686650371,-0.015871306078678815,-0.00859237250459255,-0.04348302416472771,-0.041199281767052565
2026-07-03,STT,88,44.0,financials,False,170.69,0.05060050431928653,0.042306545727473166,0.06389180239648806,0.07117073597057433,0.0735688911111867,0.07585263350886184
2026-07-03,VLO,88,44.0,energy,False,267.76,0.048798606364288455,0.04050464777247509,0.15700769112695867,0.16428662470104494,0.17366966580598908,0.17595340820366423
2026-07-03,TPR,77,60.0,consumer_cyclical,False,144.21,-0.03990999597541067,-0.04820395456722404,-0.03492973958786816,-0.027650806013781892,0.039500542699061114,0.04178428509673626
2026-07-03,VTRS,89,42.0,healthcare,False,16.7,-0.025748578732664784,-0.03404253732447815,0.03532928056268858,0.04260821413677485,0.05149694581530939,0.05378068821298454
2026-07-03,MRNA,96,31.0,healthcare,False,79.76,-0.13087213251815855,-0.1391660911099719,-0.21298539410507644,-0.20570646053099018,-0.30210060388282256,-0.2998168614851474
2026-07-03,SWK,83,42.0,industrials,True,91.9,-0.04451424058072706,-0.052808199172540427,-0.0233944476129907,-0.016115514038904433,0.02436905474716089,0.026652797144836038
2026-07-03,WST,91,38.0,healthcare,False,365.74,-0.030586252002584025,-0.03888021059439739,-0.01817088292435376,-0.010891949350267494,-0.06491980012439769,-0.06263605772672254
2026-07-03,NTRS,79,55.0,financials,False,176.5,0.038766259564779526,0.03047230097296616,0.0451612776363679,0.05244021121045417,0.03106964517922295,0.0333533875768981
2026-07-03,HWM,79,46.0,industrials,True,270.41,-0.007839144055584502,-0.016133102647397868,-0.0020514335562711317,0.005227500017815134,0.03395734618026869,0.036241088577943836
2026-07-03,MNST,87,42.0,consumer_defensive,False,97.6,-0.0015378462627738676,-0.009831804854587234,-0.00041009755128040837,0.006868836022805858,-0.011892594332800654,-0.009608851935125506
2026-07-06,JBHT,90,57.0,industrials,True,278.26,0.019048612779880347,0.020448165551532727,0.04645123364509196,0.05728798705876015,-0.03888948610895926,-0.04881994064852346
2026-07-06,DDOG,97,43.0,technology,True,258.33,0.012094991998230054,0.013494544769882433,0.02360676392856287,0.034443517342231056,0.06405320619120025,0.05412275165163605
2026-07-06,NBIS,99,39.0,technology,True,219.74,0.04048036222879681,0.041879915000449186,-0.0973705589851126,-0.08653380557144441,0.05071171478554892,0.04078126024598472
2026-07-06,INTC,99,38.0,technology,True,124.13,-0.1133276006820928,-0.11192804791044042,-0.16543426473171752,-0.15459751131804933,-0.21754086318035926,-0.22747131771992346
2026-07-06,FLEX,98,39.0,technology,True,140.86,-0.025876353078317704,-0.024476800306665325,-0.09801413073570453,-0.08717737732203634,-0.11651876943504147,-0.12644922397460567
2026-07-06,DAL,91,49.0,industrials,True,92.23,-0.0555005084653003,-0.05410095569364792,-0.07358178886999178,-0.0627450354563236,0.003674469432945582,-0.006255985106618622
2026-07-06,AMD,99,36.0,technology,True,559.03,0.03582028351045086,0.037219836282103236,-0.02391883557725971,-0.013082082163591524,-0.060611269647492416,-0.07054172418705662
2026-07-06,AMAT,97,38.0,technology,True,598.79,0.055083918640826735,0.056483471412479114,-0.03603184200771237,-0.02519508859404418,-0.04976613255159268,-0.05969658709115688
2026-07-06,URI,89,50.0,industrials,True,1097.01,-0.006144511296155564,-0.0047449585245031844,-0.07265239123142564,-0.06181563781775745,0.021857887207803683,0.01192743266823948
2026-07-06,TER,96,38.0,technology,True,388.89,-0.03657577049478211,-0.03517621772312973,-0.05733484995971705,-0.04649809654604886,0.03315815000713185,0.023227695467567644
2026-07-06,MU,99,33.0,technology,True,1006.46,0.015156921470361295,0.016556474242013675,-0.06235033984905769,-0.0515135864353895,-0.10130985447207608,-0.11124030901164028
2026-07-06,SNDK,99,33.0,technology,True,1782.27,0.033774233249821206,0.035173786021473585,-0.14100715996858537,-0.13017040655491718,-0.20456622326395002,-0.21449667780351422
2026-07-06,STX,99,33.0,technology,True,860.0,0.04793680122864563,0.04933635400029801,-0.022939522972076132,-0.012102769558407944,0.011895935003341407,0.0019654804637772028
2026-07-06,WDC,99,33.0,technology,True,575.55,0.043482308849056794,0.044881861620709174,-0.08448535988114791,-0.07364860646747973,-0.009729588241905063,-0.019660042781469267
2026-07-06,ARM,98,33.0,technology,True,326.58,-0.022684936448062243,-0.021285383676409864,-0.11871999540336009,-0.1078832419896919,-0.21857940286376254,-0.22850985740332674
2026-07-06,MRVL,98,33.0,technology,True,254.45,-0.07379675856821599,-0.07239720579656361,-0.16998086167812565,-0.15914410826445746,-0.17491994666846078,-0.18485040120802498
2026-07-06,TXN,90,45.0,technology,True,304.27,0.020124489544776303,0.021524042316428682,-0.029417711312928918,-0.01858095789926073,-0.07606419675228893,-0.08599465129185313
2026-07-06,DELL,98,33.0,technology,True,410.48,0.07381520488567883,0.07521475765733121,-0.039899399783487555,-0.029062646369819367,0.08039960382139788,0.07046914928183368
2026-07-06,ALAB,99,31.0,technology,True,443.32,-0.10195833143775712,-0.10055877866610474,-0.23332217813551448,-0.2224854247218463,-0.20365618988957568,-0.21358664442913988
2026-07-06,WST,89,55.0,healthcare,False,360.39,-0.0021360325930049884,-0.0007364798213526091,-0.022609305861302165,-0.011772552447633977,-0.034129641381677844,-0.04406009592124205
2026-07-06,CAT,94,38.0,industrials,True,973.91,-0.01587961441939656,-0.01448006164774418,-0.085152300687242,-0.07431554727357381,-0.12142650308050285,-0.13135695762006705
2026-07-06,LRCX,97,33.0,technology,True,354.98,0.023293427575774128,0.024692980347426507,-0.04854061887463146,-0.03770386546096327,-0.08622567789543722,-0.09615613243500143
2026-07-06,UNH,88,54.0,healthcare,False,417.83,0.012124068378842168,0.013523621150494547,-0.005661071183916122,0.0051756822297520655,-0.02026187848430061,-0.030192333023864815
2026-07-06,PANW,97,31.0,technology,True,357.23,-0.0821685823364896,-0.08076902956483722,-0.031150114227855297,-0.02031336081418711,-0.035401646170102,-0.0453321007096662
2026-07-06,CRWD,96,32.0,technology,True,201.51,-0.06368029609760029,-0.06228074332594791,-0.010962165137670454,-0.00012541172400226674,0.009218151488471271,-0.0007123030510929329
2026-07-06,GLW,96,32.0,technology,True,199.85,-0.02095916251035812,-0.01955960973870574,-0.18141471299134848,-0.1705779595776803,-0.21595463838259177,-0.22588509292215597
2026-07-06,CNC,95,42.0,healthcare,False,65.64,0.01606906480830772,0.0174686175799601,-0.020383912591043885,-0.009547159177375697,-0.05133165912713866,-0.061262113666702867
2026-07-06,IVZ,87,54.0,financials,False,27.83,0.01938254713169596,0.02078209990334834,0.0646086871816145,0.07544544059528269,0.10947589289398474,0.09954543835442053
2026-07-06,CHRW,87,45.0,industrials,True,187.52,0.035846098302605434,0.03724565107425781,0.0848708579608386,0.09570761137450678,-0.2250922558541678,-0.23502271039373201
2026-07-06,HPE,95,33.0,technology,True,43.1,0.08735190443822383,0.0887514572098762,0.025664663416952616,0.0365014168306208,0.1564047415078842,0.14647428696832
2026-07-06,DVA,93,44.0,healthcare,False,236.24,-0.014020805036697004,-0.012621252265044625,-0.020215070189282258,-0.00937831677561407,-0.021972963466014295,-0.0319034180055785
2026-07-06,KLAC,95,32.0,technology,True,234.89,0.023627485195037545,0.025027037966689925,-0.04384668978885653,-0.03300993637518834,-0.15829952815656678,-0.168229982696131
2026-07-06,BIIB,84,57.0,healthcare,False,213.15,-0.013357886448134071,-0.011958333676481692,-0.056216386424042364,-0.045379633010374176,-0.047389753880904384,-0.05732020842046859
2026-07-06,GEV,92,36.0,industrials,True,1147.76,-0.049451143215600846,-0.048051590443948466,-0.016100719028930843,-0.005263965615262656,-0.08212679958950786,-0.09205725412907206
2026-07-06,NTAP,92,36.0,technology,True,161.95,0.005367649196982738,0.006767201968635117,-0.01162044003257412,-0.0007836866189059322,0.12183161573091605,0.11190116119135185
2026-07-06,UAL,92,36.0,industrials,True,133.85,-0.08641224458613261,-0.08501269181448023,-0.11385913911984558,-0.10302238570617739,-0.03189561064152724,-0.04182606518109144
2026-07-06,FTNT,95,31.0,technology,True,163.3,-0.010899712292096742,-0.009500159520444362,-0.012500762281709044,-0.001664008868040856,0.005049617139607054,-0.00488083739995715
2026-07-06,ASML,94,32.0,technology,True,1850.48,-0.006384055364625385,-0.004984502592973006,0.0010879818072195846,0.011924735220887772,-0.05324052682212932,-0.06317098136169352
2026-07-06,HUM,97,36.0,healthcare,False,392.81,0.027457943239543425,0.028857496011195805,0.007718634335461605,0.018555387749129792,-0.052258621322145205,-0.06218907586170941
2026-07-06,MAS,82,49.0,industrials,True,81.18,-0.058692736442330085,-0.057293183670677705,-0.04250596785501104,-0.03166921444134285,-0.07660939881447038,-0.08653985335403458
2026-07-06,CSX,79,53.0,industrials,True,48.94,0.01264785565746629,0.014047408429118668,0.02223583295107634,0.03307258636474453,0.01652387304245373,0.006593418502889525
2026-07-06,ANET,90,36.0,technology,True,172.82,0.07125953493811399,0.07265908770976637,0.001478415085608864,0.012315168499277052,0.09337665710352994,0.08344620256396573
2026-07-06,JNJ,81,57.0,healthcare,False,258.55,-0.02687917099272963,-0.02547961822107725,-0.06066668889419957,-0.049829935480531384,-0.03956360772643597,-0.04949406226600017
2026-07-06,LLY,86,49.0,healthcare,False,1203.95,-0.041374709382103414,-0.039975156610451035,-0.06973915663325536,-0.058902403219587174,-0.09045494800143494,-0.10038540254099915
2026-07-06,EIX,73,68.0,utilities,False,74.42,0.027176881572628986,0.028576434344281365,0.04448351752640911,0.0553202709400773,-0.0338020555833789,-0.0437325101229431
2026-07-06,CSCO,90,33.0,technology,True,114.6,0.057274571006481256,0.058674123778133636,-0.01853002753935029,-0.0076932741256821036,0.027218727884452898,0.017288273344888694
2026-07-06,APH,88,36.0,technology,True,167.01,-0.03608721937232506,-0.034687666600672684,-0.0699499969310543,-0.059113243517386116,0.009330748700327796,-0.0005997058392364085
2026-07-06,INCY,85,49.0,healthcare,False,115.41,-0.028077898890819908,-0.02667834611916753,-0.01599589273329538,-0.005159139319627193,0.007657632393657909,-0.0022728221459062947
2026-07-06,SWK,84,42.0,industrials,True,92.38,-0.05740742254075992,-0.05600786976910754,-0.04684096615808675,-0.03600421274441856,0.06873633090229658,0.05880587636273238
2026-07-06,IEX,71,61.0,industrials,True,223.79,-0.007661640546254955,-0.006262087774602576,-0.00873691048887193,0.002099842924796258,0.042609458271799294,0.03267900373223509
2026-07-07,JBHT,91,57.0,industrials,True,275.58,0.018937048348342866,0.007270595191110507,0.06388536360477359,0.05699579870597371,-0.0042445280166006905,-0.042150233494786415
2026-07-07,PANW,97,43.0,technology,True,348.77,0.04777324061353383,0.03610678745630147,0.015884816797571588,0.008995251898771706,0.08770786702961564,0.04980216155142991
2026-07-07,IVZ,89,54.0,financials,True,27.68,0.06604824423656863,0.05438179107933627,0.1168830995879917,0.10999353468919182,0.18738404223571847,0.14947833675753275
2026-07-07,DAL,92,49.0,industrials,True,89.31,-0.01231554980605698,-0.02398200296328934,-0.022480058251091672,-0.029369623149891555,0.07154111612492353,0.03363541064673781
2026-07-07,UAL,92,49.0,industrials,True,129.13,-0.03873800792603921,-0.05040446108327157,-0.05990415481480005,-0.06679371971359993,0.059265162538404415,0.02135945706021869
2026-07-07,ALAB,99,38.0,technology,True,390.99,-0.04967297155385608,-0.06133942471108844,-0.1599726641254725,-0.1668622290242724,-0.04996188208698582,-0.08786758756517155
2026-07-07,AMD,99,38.0,technology,True,523.61,0.08581447977204637,0.07414802661481401,0.07848496525187931,0.07159540035307943,0.027277628410383725,-0.010628077067802
2026-07-07,MU,99,38.0,technology,True,929.78,0.08916066113033505,0.07749420797310269,0.07553397984725518,0.0686444149484553,-0.011045412984670766,-0.04895111846285649
2026-07-07,ARM,98,38.0,technology,True,309.2,-0.055001899047009695,-0.06666835220424205,-0.026232183036335677,-0.03312174793513556,-0.057052131327690825,-0.09495783680587655
2026-07-07,MRVL,98,38.0,technology,True,232.7,-0.011836603491366948,-0.023503056648599308,-0.07616227154796829,-0.08305183644676817,-0.028939800155964646,-0.06684550563415037
2026-07-07,AFRM,94,43.0,financials,True,84.91,0.02475419482441743,0.013087741667185071,-0.09331394369227497,-0.10020350859107485,-0.0520567980207457,-0.08996250349893142
2026-07-07,ASML,93,44.0,technology,True,1756.05,0.024202825688557583,0.012536372531325224,0.03912481891201658,0.032235254013216696,-0.011291626704448166,-0.04919733218263389
2026-07-07,LRCX,97,38.0,technology,True,327.2,0.0633853035463472,0.051718850389114834,-0.010661483389615145,-0.017551048288415028,-0.023750290250937667,-0.06165599572912339
2026-07-07,CAT,93,44.0,industrials,True,921.99,-0.004447946289712124,-0.016114399446944483,-0.048947775759816015,-0.0558373406586159,-0.06329952337635647,-0.1012052288545422
2026-07-07,VLO,85,65.0,energy,False,262.7,0.10815772841497107,0.0964912752577387,0.157310269471026,0.15042070457222612,0.1393813800313053,0.10147567455311957
2026-07-07,AMAT,96,38.0,technology,True,551.0,0.08883209555406224,0.07716564239682988,0.03189545819011674,0.02500589329131686,-0.0008773076672149438,-0.03878301314540067
2026-07-07,CRWD,95,38.0,technology,True,199.76,0.08898765805140263,0.07732120489417027,-0.012195755657820495,-0.019085320556620378,0.09151985539042307,0.05361414991223734
2026-07-07,DELL,99,31.0,technology,True,420.0,0.0819618150273882,0.07029536187015584,-0.042712255986438796,-0.04960182088523868,0.10679658637508282,0.0688908808968971
2026-07-07,WST,89,55.0,healthcare,False,354.12,0.016339862267408245,0.004673409110175886,0.020858181795635256,0.013968616896835373,-0.008275594018113841,-0.046181299496299566
2026-07-07,KLAC,94,38.0,technology,True,219.76,0.06761514444132954,0.055948691284097185,0.008249148243205218,0.0013595833444053351,-0.09421632275890546,-0.13212202823709118
2026-07-07,MRNA,96,44.0,healthcare,False,79.5,-0.1280061335047432,-0.13967258666197557,-0.22860094812050935,-0.23549051301930923,-0.2631238120379106,-0.3010295175160963
2026-07-07,CSX,78,61.0,industrials,True,48.4,0.022322290469729777,0.010655837312497418,0.02170790227695818,0.014818337378158297,0.04505418358708657,0.0071484781089008465
2026-07-07,DDOG,98,31.0,technology,True,265.97,0.07219806331219059,0.060531610154958226,0.00906928034112009,0.002179715442320207,0.14118809463954207,0.10328238916135635
2026-07-07,LUV,86,49.0,industrials,True,49.41,-0.01654260672299246,-0.028209059880224818,0.006823753439866298,-6.581145893358453e-05,0.007030597806915173,-0.030875107671270552
2026-07-07,GEV,89,44.0,industrials,True,1051.43,-0.008362781613372117,-0.020029234770604476,0.003544240552325606,-0.0033453243464742766,-0.05253020530523256,-0.09043591078341828
2026-07-07,CNC,96,42.0,healthcare,False,66.32,0.0360319512086833,0.02436549805145094,0.018995846103625924,0.012106281204826042,-0.03407209518834009,-0.07197780066652582
2026-07-07,HPE,96,33.0,technology,True,44.24,0.14430848400509189,0.13264203084785953,0.07873477129703432,0.07184520639823444,0.2096513761141554,0.17174567063596968
2026-07-07,IBKR,90,42.0,financials,True,94.3,0.030391202817879437,0.018724749660647078,0.017566512198220474,0.010676947299420592,-0.04483249794923294,-0.08273820342741867
2026-07-07,NTAP,94,36.0,technology,True,166.43,0.07582738338668915,0.06416093022945679,0.02165074788112653,0.014761182982326648,0.17388763724073453,0.1359819317625488
2026-07-07,CHRW,89,43.0,industrials,True,190.58,0.04644830929817023,0.03478185614093787,0.09787680017929667,0.09098723528049679,-0.1887286636074611,-0.22663436908564683
2026-07-07,DVA,93,44.0,healthcare,False,236.1,-0.01114749236606083,-0.02281394552329319,0.009573246018321546,0.0026836811195216637,-0.029953594531324734,-0.06785930000951046
2026-07-07,CSCO,91,38.0,technology,True,113.11,0.04844195283744823,0.03677549968021587,0.004477138071261377,-0.0024124268275385052,0.0900788325237023,0.052173127045516576
2026-07-07,ANET,88,42.0,technology,True,168.84,0.09862808623667818,0.08696163307944582,0.050547656309396505,0.04365809141059662,0.14640752740026142,0.10850182192207569
2026-07-07,FTNT,95,31.0,technology,True,161.37,0.06261147663092159,0.05094502347368923,0.007006408302647316,0.00011684340384743308,0.07191078526199246,0.034005079783806735
2026-07-07,CFG,82,50.0,financials,True,71.96,-0.0073404282728931625,-0.019006881430125522,0.01637493299248516,0.009485368093685276,0.04684328619547462,0.008937580717288895
2026-07-07,HUM,97,36.0,healthcare,False,396.94,0.026678385868189602,0.015011932710957243,0.0205451385160631,0.013655573617263217,-0.0859162228574959,-0.12382192833568162
2026-07-07,MS,87,42.0,financials,True,222.13,0.03486358074417106,0.023197127586938704,-0.016363676232688307,-0.02325324113148819,-0.008023896343422154,-0.04592960182160788
2026-07-07,GL,82,48.0,financials,True,178.35,0.012845202901656583,0.0011787497444242234,0.0431190304693978,0.03622946557059792,0.04062920227583211,0.0027234967976463853
2026-07-07,UNH,87,48.0,healthcare,False,426.09,-0.004588476118286833,-0.016254929275519192,0.02153818662388063,0.014648621725080746,-0.04588551481492864,-0.08379122029311437
2026-07-07,VTRS,91,42.0,healthcare,False,17.07,-0.03719014564858103,-0.04885659880581339,0.03837066023887847,0.03148109534007859,0.04486423878033707,0.0069585333021513485
2026-07-07,BEN,90,34.0,financials,True,34.74,-0.023283285276393895,-0.034949738433626254,-0.03831423056246974,-0.045203795461269625,0.05422927212456119,0.016323566646375465
2026-07-07,MAS,79,49.0,industrials,True,79.33,-0.0029457583879604066,-0.014612211545192766,-0.016137287656320942,-0.023026852555120825,-0.012807362290842117,-0.05071306776902784
2026-07-07,APH,86,38.0,technology,True,159.13,0.023061887002079562,0.011395433844847203,0.019444348419796142,0.01255478352099626,0.1067828836183764,0.06887717814019068
2026-07-07,GS,81,45.0,financials,True,1047.67,0.10679613902905571,0.09512968587182336,0.05394176177119947,0.04705219687239959,0.022310644243218825,-0.0155950612349669
2026-07-07,SWK,83,42.0,industrials,True,90.43,-0.009522631167360962,-0.02118908432459332,-0.00022660940775831584,-0.007116174306558198,0.16086619247584077,0.12296048699765505
2026-07-07,BIIB,83,50.0,healthcare,False,208.84,-0.06301866456919769,-0.07468511772643005,-0.00829833517122569,-0.015187900070025573,0.01752414491455001,-0.020381560563635714
2026-07-07,INCY,88,42.0,healthcare,False,117.42,-0.02693545968944755,-0.03860191284667991,-0.005675065075389174,-0.012564629974189057,0.021514492360265702,-0.016391213117920023
2026-07-07,CRL,87,43.0,healthcare,False,231.64,0.022917347089083773,0.011250893931851413,-0.029332411266728586,-0.03622197616552847,0.03579169305659269,-0.0021140124215930367
2026-07-07,EIX,75,61.0,utilities,False,75.71,0.007896794519769434,-0.003769658637462925,0.028823305017817713,0.02193374011901783,-0.0696235941274751,-0.10752929960566082
2026-07-07,AAPL,82,42.0,technology,True,313.2,0.009457847231543193,-0.0022086059256891666,0.05075179453059908,0.0438622296317992,-0.008111332495441714,-0.04601703797362744
2026-07-08,JBHT,91,57.0,industrials,True,270.71,-0.008006961188437578,-0.017988911350900527,0.049297905527970975,0.04921766695100849,-0.02100465187474254,-0.05103072762805516
2026-07-08,DAL,90,57.0,industrials,True,85.51,-0.023070790187309953,-0.0330527403497729,-0.05080124251876672,-0.05088148109572921,0.058529397100933966,0.028503321347621347
2026-07-08,DDOG,98,43.0,technology,True,254.85,0.024601938955854497,0.014619988793391547,-0.047809003058497335,-0.04788924163545982,0.09709050210528858,0.06706442635197596
2026-07-08,NTAP,94,49.0,technology,True,162.88,-0.01804360762674284,-0.02802555778920579,0.008852589978839642,0.008772351401877154,0.13037052381864167,0.10034444806532905
2026-07-08,ALAB,99,38.0,technology,True,378.98,-0.16091512131223396,-0.1708970714746969,-0.2081199430108711,-0.2082001815878336,-0.23795050055373634,-0.26797657630704896
2026-07-08,AMD,99,38.0,technology,True,503.74,-0.015132065045999843,-0.025114015208462792,0.028030593577011986,0.027950355000049498,-0.10277891885063473,-0.13280499460394735
2026-07-08,CSX,79,68.0,industrials,True,48.15,0.012080285218474707,0.0020983350560117575,0.022317783046049477,0.02223754446908699,0.04668300281333271,0.016656927060020088
2026-07-08,MU,99,38.0,technology,True,923.36,-0.11040715722477412,-0.12038910738723707,-0.05610375574169146,-0.05618399431865395,-0.1213170614548621,-0.15134313720817472
2026-07-08,CRWD,95,43.0,technology,True,187.77,0.09805906542516518,0.08807711526270223,0.0006107405413411371,0.000530501964378649,0.11446859495479855,0.08444251920148593
2026-07-08,VTRS,91,58.0,healthcare,False,16.46,-2.4710395951643704e-09,-0.009981952633502544,0.01978415936718303,0.01970392079022054,0.058153408020992,0.028127332267679384
2026-07-08,WST,89,61.0,healthcare,False,349.7,0.007973990945387088,-0.002007959217075861,0.006317389141100138,0.00623715056413765,-0.01378793151960167,-0.04381400727291429
2026-07-08,CAT,94,44.0,industrials,True,927.39,-0.06233336632881703,-0.07231531649127998,-0.08627008492305721,-0.0863503235000197,-0.10500064968820566,-0.13502672544151828
2026-07-08,DELL,99,36.0,technology,True,423.75,-0.07018454178966937,-0.08016649195213232,-0.0029289328925223845,-0.0030091714694848726,0.044239039540439506,0.014212963787126887
2026-07-08,CHRW,89,50.0,industrials,True,188.21,0.03506099777389826,0.025079047611435312,0.08668309261148943,0.08660285403452694,-0.195010695281165,-0.2250367710344776
2026-07-08,MRNA,95,49.0,healthcare,False,73.95,-0.07479680276692702,-0.08477875292938997,-0.21314366810935959,-0.21322390668632207,-0.2377371444190568,-0.2677632201723694
2026-07-08,GEV,92,44.0,industrials,True,1074.28,-0.04929727090371616,-0.05927922106617911,-0.11258555919200453,-0.11266579776896701,-0.08291889912373307,-0.11294497487704569
2026-07-08,AAPL,83,57.0,technology,True,310.27,0.054716451210894856,0.04473450104843191,0.04953143504316837,0.04945119646620588,0.0015780769834494723,-0.028447998769863148
2026-07-08,TXN,91,45.0,technology,True,300.55,-0.027949038285111083,-0.03793098844757403,-0.05054055935946311,-0.0506207979364256,-0.09910618698358853,-0.12913226273690115
2026-07-08,UAL,87,51.0,industrials,True,122.33,-0.052553250849269095,-0.06253520101173204,-0.08161026115319425,-0.08169049973015674,0.039786921910386575,0.009760846157073955
2026-07-08,DVA,94,49.0,healthcare,False,230.82,-0.0014227896334443324,-0.011404739795907282,0.0006036017425834483,0.0005233631656209603,-0.18647063699555666,-0.21649671274886928
2026-07-08,UNH,90,55.0,healthcare,False,427.47,-0.020111912357629436,-0.030093862520092385,0.009833547037735091,0.009753308460772603,-0.03362129459123242,-0.06364737034454504
2026-07-08,PANW,96,36.0,technology,True,319.49,0.11208140066041206,0.1020994504979491,0.05321355354740254,0.05313331497044005,0.13922223985068105,0.10919616409736843
2026-07-08,KLAC,94,38.0,technology,True,216.71,-0.060748034664467876,-0.07072998482693083,-0.10179066758434818,-0.10187090616131067,-0.19337293369349506,-0.22339900944680768
2026-07-08,FTNT,95,36.0,technology,True,156.2,0.07333457246072883,0.06335262229826588,0.011613484241395744,0.011533245664433256,0.07085535530517917,0.04082927955186655
2026-07-08,LRCX,97,33.0,technology,True,328.08,-0.08134091498622642,-0.09132286514868937,-0.12554432588265352,-0.125624564459616,-0.15805326162906663,-0.18807933738237925
2026-07-08,CNC,97,42.0,healthcare,False,66.93,0.0015035103128739902,-0.008478439849588959,-0.009321947476592984,-0.009402186053555472,0.007216895385988797,-0.022809180367323822
2026-07-08,HPE,97,33.0,technology,True,43.92,0.03279936746843504,0.022817417305972088,0.04892671407728799,0.048846475500325504,0.15985625126637126,0.12983017551305864
2026-07-08,AFRM,92,49.0,financials,False,80.17,-0.004750297160740713,-0.014732247323203662,-0.09969546541677177,-0.09977570399373425,-0.04421434008384528,-0.0742404158371579
2026-07-08,ASML,93,38.0,technology,True,1747.53,-0.010999895383858926,-0.020981845546321876,-0.01830604406042935,-0.018386282637391838,-0.08448537770731979,-0.1145114534606324
2026-07-08,AMAT,96,32.0,technology,True,563.0,-0.076325959346348,-0.08630790950881095,-0.11699162055910506,-0.11707185913606755,-0.14836369832748975,-0.17838977408080237
2026-07-08,BIIB,78,67.0,healthcare,False,199.24,-0.008445569531698949,-0.018427519694161898,-0.00593199621276419,-0.006012234789726678,0.03875933432956802,0.008733258576255398
2026-07-08,INCY,89,49.0,healthcare,False,116.73,-0.011509095282769555,-0.021491045445232504,-0.005496859812513355,-0.005577098389475843,0.02894445364381082,-0.0010816221095018008
2026-07-08,FFIV,87,43.0,technology,True,414.11,0.008012068646888526,-0.001969881515574423,-0.04187795362600977,-0.041958192202972255,-0.016263244696209544,-0.046289320449522164
2026-07-08,LUV,82,50.0,industrials,True,47.89,-0.005050531247258294,-0.015032481409721243,-0.03717175781918569,-0.03725199639614818,-0.014343454981835313,-0.04436953073514793
2026-07-08,HUM,97,36.0,healthcare,False,401.29,0.0324590024346223,0.022477052272159348,0.006684258419976663,0.006604019843014175,-0.0788433887091603,-0.10886946446247292
2026-07-08,VLO,91,36.0,energy,True,282.12,0.03820628031956286,0.02822433015709991,0.10298340180017895,0.10290316322321647,0.07686904097020975,0.046842965216897126
2026-07-08,LLY,88,49.0,healthcare,False,1226.57,-0.045401288484006264,-0.05538323864646921,-0.04013571567340379,-0.04021595425036628,-0.03448221169865562,-0.06450828745196824
2026-07-08,MS,86,50.0,financials,False,216.29,0.03416293761272815,0.0241809874502652,-0.011312244458248966,-0.011392483035211454,-0.00691615468080542,-0.03694223043411804
2026-07-08,APH,84,44.0,technology,True,153.79,-0.03951081224776609,-0.04949276241022904,-0.03663612177547648,-0.03671636035243897,0.05345567748990465,0.02342960173659203
2026-07-08,CSCO,91,33.0,technology,True,112.71,-0.030447644518374117,-0.04042959468083707,-0.02663084851282116,-0.026711087089783647,0.05395557479319768,0.02392949903988506
2026-07-08,IBKR,89,44.0,financials,False,92.62,0.027314996635200872,0.017333046472737923,-0.013921112870666996,-0.014001351447629484,-0.06412154148560534,-0.09414761723891796
2026-07-08,ABBV,81,55.0,healthcare,False,254.64,-0.0213075535314311,-0.03128950369389405,0.015537253932186523,0.015457015355224035,-0.012928283432188103,-0.04295435918550072
2026-07-08,ANET,88,36.0,technology,True,172.46,-0.08064172102168277,-0.09062367118414572,-0.06486633627172456,-0.06494657484868704,0.05513367678392389,0.02510760103061127
2026-07-08,HST,84,50.0,real_estate,False,22.86,0.0383943440068657,0.02841239384440275,0.06893538622936712,0.06885514765240464,0.09642224866020577,0.06639617290689315
2026-07-08,PFG,78,58.0,financials,False,110.68,0.017291048052458402,0.007309097889995453,-0.02512614538392144,-0.025206383960883927,0.03431189789274436,0.004285822139431739
2026-07-08,EBAY,83,50.0,consumer_cyclical,False,113.44,-0.02143537958122732,-0.03141732974369027,-0.037143147602307636,-0.037223386179270124,-0.035407418050727,-0.06543349380403962
2026-07-08,EXPD,76,52.0,industrials,True,163.68,0.07736143032596865,0.0673794801635057,0.07584572766864128,0.0757654890916788,0.09985449846561001,0.06982842271229739
2026-07-08,SPG,78,57.0,real_estate,False,223.79,0.01249594034767143,0.002513990185208481,0.03169603740182936,0.03161579882486687,0.025265573028727006,-0.0047605027245856135
2026-07-08,STT,88,42.0,financials,False,174.6,0.04386007795865288,0.03387812779618993,0.03630766425329801,0.03622742567633552,0.04643352986811666,0.016407454114804043
2026-07-08,MAS,72,57.0,industrials,True,76.1,0.02576236303641788,0.01578041287395493,0.025368040415109316,0.02528780183814683,0.01629862012500749,-0.01372745562830513
2026-07-09,CMI,91,54.0,industrials,True,687.54,-0.036196633089366825,-0.03442813753757601,-0.01060746351082531,0.00783542017666905,-0.041924483788054134,-0.06387785314488625
2026-07-09,ARM,98,38.0,technology,True,332.39,-0.18806941476801065,-0.18630091921621983,-0.12290053350436547,-0.10445764981687111,-0.1116207566429871,-0.13357412599981922
2026-07-09,FLEX,97,39.0,technology,True,144.51,-0.12637043219991917,-0.12460193664812835,-0.07717828184757702,-0.058735398160082664,-0.11533466484538535,-0.13728803420221747
2026-07-09,GLW,97,39.0,technology,True,197.14,-0.16434523365568654,-0.16257673810389572,-0.17663816242659736,-0.158195278739103,-0.170729149044354,-0.1926825184011861
2026-07-09,SNOW,95,42.0,technology,True,265.02,-0.007242918090498707,-0.00547442253870789,-0.025221462545923945,-0.006778578858429585,0.16916067288350556,0.14720730352667344
2026-07-09,CAT,93,44.0,industrials,True,958.66,-0.05749558019896006,-0.055727084647169245,-0.03704876919432143,-0.01860588550682707,-0.07750270733612064,-0.09945607669295276
2026-07-09,MU,99,33.0,technology,True,1017.3,-0.11583656710413859,-0.11406807155234777,0.026145663137643993,0.04458854682513835,-0.08654066556392093,-0.10849403492075305
2026-07-09,SNDK,99,33.0,technology,True,1884.01,-0.2068057109657797,-0.2050372154139889,-0.09480357996538502,-0.07636069627789066,-0.29252879742781335,-0.31448216678464547
2026-07-09,STX,99,33.0,technology,True,911.47,-0.13479106998204649,-0.13302257443025567,0.060037321763323215,0.07848020545081758,-0.010073928491506456,-0.032027297848338576
2026-07-09,WDC,99,33.0,technology,True,588.04,-0.1723227231851896,-0.17055422763339878,-0.01010637282342508,0.00833651086406928,-0.1994326552985497,-0.22138602465538182
2026-07-09,VRT,93,42.0,industrials,True,326.15,-0.08179577865163445,-0.08002728309984364,-0.050794511750638205,-0.032351628063143845,-0.14092592057253317,-0.1628792899293653
2026-07-09,VLO,89,47.0,energy,True,279.06,0.06106446105128005,0.06283295660307087,0.07873352643786369,0.09717641012535805,0.07484957769846168,0.05289620834162956
2026-07-09,MRVL,98,33.0,technology,True,247.82,-0.20812478082214192,-0.2063562852703511,-0.11972743498779659,-0.10128455130030223,-0.1145969164783569,-0.13655028583518902
2026-07-09,PANW,96,36.0,technology,True,333.13,0.045822437794335036,0.04759093334612585,-0.03796385513599698,-0.019520971448502622,0.06207155095163208,0.04011818159479996
2026-07-09,ALAB,99,31.0,technology,True,426.5,-0.21896529771672046,-0.21719680216492965,-0.20130441809364807,-0.18286153440615371,-0.19023890750381456,-0.21219227686064668
2026-07-09,AMD,99,31.0,technology,True,553.14,-0.07917135080432536,-0.07740285525253454,-0.007941043816601656,0.010501839870892704,-0.10060478668381001,-0.12255815604064213
2026-07-09,TXN,91,43.0,technology,True,312.7,-0.04266927702803647,-0.04090078147624565,-0.06314935202839655,-0.044706468340902195,-0.08012684273674897,-0.10208021209358109
2026-07-09,DELL,99,31.0,technology,True,452.81,-0.12854304033440966,-0.12677454478261885,-0.020137587405414492,-0.0016947037179201319,-0.02390680915469845,-0.04586017851153057
2026-07-09,UNH,88,56.0,healthcare,False,430.01,-0.019204480195073703,-0.017435984643282887,-0.01878750520766237,-0.0003446215201680092,-0.06416942111408208,-0.0861227904709142
2026-07-09,CRWD,95,36.0,technology,True,196.52,0.03641906501035597,0.03818756056214678,-0.0670397127436031,-0.04859682905610874,0.05488297533648878,0.03292960597965666
2026-07-09,JBHT,91,42.0,industrials,True,285.5,0.037226245358425114,0.03899474091021593,0.005804619649324216,0.024247503336818577,-0.07108105664381081,-0.09303442600064293
2026-07-09,DDOG,98,31.0,technology,True,267.99,-0.02991751868765724,-0.028149023135866424,-0.09622426655847471,-0.07778138287098035,-0.15206541850928723,-0.17401878786611935
2026-07-09,NTAP,94,37.0,technology,True,169.2,-0.0657032286908803,-0.06393473313908948,-0.03674232884726236,-0.018299445159768002,0.12029018124766933,0.0983368118908372
2026-07-09,AMAT,97,32.0,technology,True,607.87,-0.02993571516219007,-0.028167219610399252,-0.026701801236584832,-0.008258917549090472,-0.08778362510494042,-0.10973699446177254
2026-07-09,GEV,89,44.0,industrials,True,1079.16,-0.03786446545670841,-0.03609596990491759,-0.04253487334610029,-0.024091989658605928,-0.07121635302417018,-0.0931697223810023
2026-07-09,LRCX,96,33.0,technology,True,356.21,-0.05976096598779301,-0.0579924704360022,-0.0632177087168172,-0.04477482502932284,-0.10425946970921629,-0.1262128390660484
2026-07-09,FDX,82,54.0,industrials,True,319.82,0.013860217366286287,0.015628712918077103,0.005639617780184514,0.024082501467678874,0.006436179940239928,-0.015517189416592192
2026-07-09,HPE,97,31.0,technology,True,47.58,-0.07954311388387891,-0.0777746183320881,-0.028349996456241033,-0.009907112768746673,0.06934531112092235,0.04739194176409023
2026-07-09,ADM,80,65.0,consumer_defensive,False,80.18,0.0477152094883182,0.049483705040109016,0.09000251781894986,0.10844540150644422,-0.02158547431835045,-0.04353884367518257
2026-07-09,CNC,95,42.0,healthcare,False,66.92,-0.056417069066247105,-0.05464857351445629,-0.05863236537712879,-0.04018948168963443,-0.05183875622050316,-0.07379212557733528
2026-07-09,FTNT,96,31.0,technology,True,163.21,-0.02225738024671653,-0.020488884694925713,-0.07844812067471241,-0.06000523698721805,-0.026331803495305617,-0.04828517285213774
2026-07-09,VTRS,89,50.0,healthcare,False,16.61,0.060587507768389726,0.06235600332018054,0.057527562332641446,0.0759704460201358,-0.0030599217956547298,-0.02501329115248685
2026-07-09,DAL,91,38.0,industrials,True,89.11,-0.014100585157366452,-0.012332089605575636,-0.06788720781172242,-0.049444324124228056,0.045940423053992596,0.023987053697160476
2026-07-09,KLAC,94,32.0,technology,True,235.37,-0.024285043005575657,-0.02251654745378484,-0.0271315915193171,-0.00868870783182274,-0.14059510360532645,-0.16254847296215857
2026-07-09,HUM,97,36.0,healthcare,False,394.88,-0.03055233172100358,-0.028783836169212762,-0.010434966196496753,0.008007917490997607,-0.07881405994859947,-0.10076742930543159
2026-07-09,UAL,91,36.0,industrials,True,130.58,-0.07727553100908169,-0.07550703545729087,-0.1041472243306355,-0.08570434064314114,0.002795904207129052,-0.019157465149703068
2026-07-09,ASML,93,32.0,technology,True,1829.78,0.0005549826236042055,0.0023234781753950218,0.010718213995515757,0.029161097683010118,-0.04333570038447476,-0.06528906974130688
2026-07-09,CSX,79,53.0,industrials,True,49.36,0.030579163748905902,0.03234765930069672,0.06946135064302461,0.08790423433051897,0.026731481631179888,0.004778112274347768
2026-07-09,DVA,92,42.0,healthcare,False,227.34,0.013425104133915289,0.015193599685706105,0.014551126226944433,0.03299400991443879,-0.21757396689785802,-0.23952733625469014
2026-07-09,CSCO,92,33.0,technology,True,117.72,-0.06775476055736673,-0.06598626500557592,-0.04140094419210494,-0.022958060504610578,0.027629029538982053,0.005675660182149933
2026-07-09,BEN,86,50.0,financials,False,34.08,-0.013613483611645494,-0.011844988059854678,-0.04439188421264895,-0.025949000525154586,0.006214824096849592,-0.015738545259982528
2026-07-09,CHRW,89,37.0,industrials,True,193.54,0.06424247020309215,0.06601096575488297,0.06300107655515386,0.08144396024264822,-0.24140067858362002,-0.26335404794045214
2026-07-09,MRNA,95,36.0,healthcare,False,75.87,-0.17689839387134543,-0.1751298983195546,-0.2567972632746711,-0.23835437958717676,-0.29798492577544433,-0.31993829513227645
2026-07-09,TRGP,84,44.0,energy,True,276.9,0.024753191367081318,0.026521686918872134,0.04416812113086399,0.06261100481835835,-0.014678777947946142,-0.03663214730477826
2026-07-09,JNJ,82,55.0,healthcare,False,260.21,-0.039279030684505445,-0.03751053513271463,-0.003535956885891811,0.014906926801602549,-0.01233710528828258,-0.0342904746451147
2026-07-09,BIIB,78,60.0,healthcare,False,200.11,0.05712691902642697,0.058895414578217786,0.015129232204127874,0.033572115891622234,0.043768626639530295,0.021815257282698175
2026-07-09,IBKR,90,42.0,financials,False,96.45,-0.04346474592003757,-0.04169625036824676,-0.04813279171893936,-0.029689908031445,-0.1076763778954899,-0.12962974725232201
2026-07-09,WST,90,42.0,healthcare,False,357.19,0.012628466857586229,0.014396962409377045,-0.006817184234756191,0.01162569945273817,-0.025403157286037703,-0.04735652664286982
2026-07-09,CASY,79,58.0,consumer_cyclical,False,827.91,0.0024120014486557206,0.004180497000446537,0.060844841671446215,0.07928772535894058,0.009689371309402617,-0.012263998047429503
2026-07-09,LLY,85,49.0,healthcare,False,1203.16,-0.033991254533399795,-0.03222275898160898,-0.020193201607532574,-0.0017503179200382135,-0.015177986616089711,-0.03713135597292183
2026-07-10,JBHT,90,57.0,industrials,True,277.89,0.030117677100827356,0.04231754112428643,0.019123992307998883,0.03711808345482592,-0.04919619845993306,-0.07682523222866611
2026-07-10,DDOG,98,43.0,technology,True,257.08,0.007713026575650872,0.019912890599109945,-0.038370110913467204,-0.020376019766640163,-0.08873826316683575,-0.1163672969355688
2026-07-10,CMI,89,54.0,industrials,True,683.19,-0.026657046657435512,-0.01445718263397644,-0.0023864027265045884,0.015607688420322452,-0.0329910017012105,-0.060620035469943545
2026-07-10,MU,99,38.0,technology,True,977.91,-0.08616790935733987,-0.0739680453338808,-0.008665218291677879,0.009328872855149162,-0.05536059491472689,-0.08298962868345994
2026-07-10,SNDK,99,38.0,technology,True,1901.35,-0.2443247340235577,-0.23212487000009863,-0.19873271179508512,-0.18073862064825807,-0.3238680260356208,-0.35149705980435386
2026-07-10,STX,99,38.0,technology,True,921.93,-0.09422723226213481,-0.08202736823867574,-0.020595695624554322,-0.0026016044777272818,-0.0653633878007619,-0.09299242156949494
2026-07-10,DELL,99,38.0,technology,True,442.82,-0.08350104431438021,-0.07130118029092114,0.013349384896072403,0.03134347604289944,0.05103437543154721,0.02340534166281416
2026-07-10,SNOW,96,42.0,technology,True,259.59,0.014716958099941113,0.026916822123400186,0.011547160598466943,0.029541251745293984,0.2471320386202831,0.21950300485155005
2026-07-10,CRWD,95,43.0,technology,True,187.1,0.08680296033245649,0.09900282435591556,-0.01915873819630265,-0.001164647049475609,0.14749008599257696,0.11986105222384391
2026-07-10,ARM,98,38.0,technology,True,325.8,-0.1420543662293685,-0.12985450220590944,-0.1651092833685026,-0.14711519222167557,-0.09266925482545807,-0.12029828859419112
2026-07-10,AMD,99,36.0,technology,True,554.29,-0.07765579578488369,-0.06545593176142461,-0.028930209847383703,-0.010936118700556663,-0.10072560864825586,-0.1283546424169889
2026-07-10,TXN,91,48.0,technology,True,312.17,-0.07941145323347498,-0.06721158921001591,-0.0938026616701032,-0.07580857052327616,-0.06798671401316536,-0.09561574778189841
2026-07-10,MRVL,97,38.0,technology,True,237.06,-0.17527758684097172,-0.16307772281751265,-0.15101845981338635,-0.1330243686665593,-0.043972364770831995,-0.07160139853956504
2026-07-10,CAT,93,44.0,industrials,True,953.72,-0.06274421219891446,-0.05054434817545539,-0.05199192529226282,-0.03399783414543578,-0.10163610961849856,-0.1292651433872316
2026-07-10,CNC,96,48.0,healthcare,False,67.44,-0.021502195164402216,-0.009302331140943143,-0.06612668008196598,-0.04813258893513894,-0.031369732473432776,-0.05899876624216582
2026-07-10,MRNA,94,51.0,healthcare,False,68.39,-0.06799339682995387,-0.055793532806494794,-0.1848334358177347,-0.16683934467090766,-0.10794517510109836,-0.1355742088698314
2026-07-10,VTRS,88,60.0,healthcare,False,16.19,0.061387302026831625,0.0735871660502907,0.05831784679522256,0.0763119379420496,0.008594205591119009,-0.019034828177614038
2026-07-10,NET,93,43.0,technology,True,268.39,0.041055875512168605,0.05325573953562768,-0.017097213095452313,0.0008968780513747276,0.12582954757525933,0.09820051380652628
2026-07-10,ASML,92,44.0,technology,True,1801.19,-0.014637444497932806,-0.002437580474473733,-0.009275307970727509,0.008718783176099532,-0.017083607005440316,-0.04471264077417336
2026-07-10,LRCX,96,38.0,technology,True,351.55,-0.06477623906591412,-0.05257637504245505,-0.08892541856551972,-0.07093132741869268,-0.07059706213701133,-0.09822609590574438
2026-07-10,PANW,97,36.0,technology,True,324.07,0.1032573862285937,0.11545725025205278,-0.004060093094997552,0.013933998051829488,0.11919043322553469,0.09156139945680164
2026-07-10,HPE,97,36.0,technology,True,49.26,-0.04918031846267357,-0.036980454439214494,-0.01037562757776489,0.0076184635690621505,0.10437855675094498,0.07674952298221194
2026-07-10,WDC,99,32.0,technology,True,581.6,-0.13495382146361345,-0.12275395744015438,-0.05777003310854634,-0.0397759419617193,-0.21275400084635754,-0.24038303461509059
2026-07-10,GEV,91,44.0,industrials,True,1086.86,-0.011364517924941642,0.000835346098517431,-0.0516355140186916,-0.03364142287186456,-0.07446728287456195,-0.102096316643295
2026-07-10,UNH,89,56.0,healthcare,False,425.05,-0.000891090938371697,0.011308773085087376,-0.013435940666675528,0.004558150480151513,-0.04546636140825577,-0.07309539517698882
2026-07-10,FTNT,96,36.0,technology,True,157.95,0.024988916643383874,0.03718878066684295,-0.033614531066834874,-0.015620439920007834,0.012494458321691937,-0.01513457544704111
2026-07-10,VLO,88,48.0,energy,True,276.83,0.08337403755082673,0.0955739015742858,0.058358320758363114,0.07635241190519015,0.047732249558044115,0.02010321578931107
2026-07-10,ALAB,99,31.0,technology,True,419.3,-0.24755275515087638,-0.2353528911274173,-0.27739094566296607,-0.25939685451613903,-0.17184207246349625,-0.1994711062322293
2026-07-10,NTAP,95,37.0,technology,True,173.52,-0.025625765479700635,-0.013425901456241562,-0.002675527330460392,0.015318563816366648,0.12682086640961665,0.0991918326408836
2026-07-10,TRGP,83,55.0,energy,True,269.42,0.020672502234786005,0.03287236625824508,0.014972153986797965,0.032966245133625005,-0.0689365563093276,-0.09656559007806065
2026-07-10,CHRW,91,42.0,industrials,True,192.81,0.07501931439975462,0.0872191784232137,-0.03836039896471821,-0.02036630781789117,-0.22995611991437626,-0.2575851536831093
2026-07-10,WST,89,54.0,healthcare,False,354.23,0.019000983332682297,0.03120084735614137,-0.0664466349783388,-0.04845254383151176,0.007797496560566941,-0.019831537208166106
2026-07-10,AMAT,96,32.0,technology,True,603.5,-0.08994700411726797,-0.0777471400938089,-0.07862409368028822,-0.06063000253346118,-0.07365845742760735,-0.1012874911963404
2026-07-10,CSX,81,53.0,industrials,True,49.47,0.02359821966545228,0.03579808368891135,0.0736183717058756,0.09161246285270264,0.01391686507336276,-0.013712168695370286
2026-07-10,BNY,84,57.0,financials,False,151.23,0.03354600146307929,0.04574586548653836,0.04525425615401879,0.06324834730084583,0.04082960158675819,0.013200567818025144
2026-07-10,CDNS,84,48.0,technology,True,384.53,-0.15495091907404812,-0.14275105505058905,-0.1648577257811653,-0.14686363463433827,-0.13157900493199792,-0.15920803870073097
2026-07-10,AAPL,82,50.0,technology,True,314.47,0.05274115185527117,0.06494101587873025,0.05047006230258355,0.06846415344941059,-0.011639593041976037,-0.039268626810709084
2026-07-10,KLAC,94,32.0,technology,True,229.92,-0.03972015932349027,-0.027520295300031195,-0.04978558750820661,-0.03179149636137957,-0.10580006079504478,-0.13342909456377783
2026-07-10,DVA,93,42.0,healthcare,False,231.15,0.015513156299561626,0.0277130203230207,0.008956487179021089,0.02695057832584813,-0.2124705401081527,-0.24009957387688574
2026-07-10,HUM,97,36.0,healthcare,False,392.18,0.0007255473996687911,0.012925411423127864,-0.025993806392070273,-0.007999715245243233,-0.036801660627818755,-0.0644306943965518
2026-07-10,BEN,87,50.0,financials,False,33.9,-0.02973542139195684,-0.017535557368497767,-0.033898319197759874,-0.015904228050932834,0.004162935466187179,-0.023466098302545868
2026-07-10,UAL,85,44.0,industrials,True,127.54,-0.07494387875940767,-0.0627440147359486,-0.05201992130520616,-0.03402583015837912,0.038473832479755554,0.010844798711022507
2026-07-10,IVZ,90,44.0,financials,False,29.15,0.018913353042798065,0.031113217066257137,0.029229762256047342,0.04722385340287438,0.08596974881531994,0.05834071504658689
2026-07-10,BIIB,79,60.0,healthcare,False,198.03,0.033411948030553695,0.04561181205401277,0.014348068951384407,0.03234216009821145,0.043194704917773,0.01556567114903995
2026-07-10,CSCO,92,31.0,technology,True,120.25,-0.06693339261498077,-0.054733528591521696,-0.04834546452796995,-0.03035137338114291,0.012169665373020333,-0.015459368395712714
2026-07-10,DAL,87,38.0,industrials,True,87.49,-0.042761311533956015,-0.030561447510496942,-0.03263963080428989,-0.014645539657462847,0.038780803148867005,0.011151769380133958
2026-07-10,PFG,80,57.0,financials,False,111.65,0.005470658510970061,0.017670522534429134,-0.034677508531499646,-0.016683417384672605,0.0006176139356646182,-0.02701141983306843
2026-07-10,ADM,79,58.0,consumer_defensive,False,79.09,0.058403111329255575,0.07060297535271465,0.0586494523178136,0.07664354346464064,-0.05630863506495776,-0.0839376688336908
2026-07-10,EIX,74,65.0,utilities,False,74.57,0.029575539554514307,0.04177540357797338,0.05769228628766121,0.07568637743448825,-0.08992040639375631,-0.11754944016248936
2026-07-10,FFIV,91,31.0,technology,True,430.67,-0.04174085721852716,-0.029540993195068088,-0.08130333758300534,-0.0633092464361783,-0.06251757144649328,-0.09014660521522633
2026-07-13,TXN,89,60.0,technology,True,300.79,-0.08073909504548493,-0.06899339449780895,-0.09581902181589741,-0.08007818887258467,-0.08783937902080352,-0.1172969952758941
2026-07-13,CNC,97,48.0,healthcare,True,68.33,-0.040233268186903315,-0.02848756763922733,-0.06588916535867773,-0.05014833241536498,-0.029591819598402402,-0.05904943585349298
2026-07-13,VTRS,90,58.0,healthcare,True,16.39,0.04105392239686467,0.05279962294454066,0.08088231603013285,0.0966231489734456,-0.0024509292834440366,-0.031908545538534616
2026-07-13,MRNA,94,51.0,healthcare,True,67.96,-0.107694565586818,-0.09594886503914202,-0.16559168147648873,-0.14985084853317598,-0.10289481002040379,-0.13235242627549437
2026-07-13,DELL,99,43.0,technology,True,428.55,-0.13582256673644533,-0.12407686618876934,-0.032325268985556876,-0.016584436042244133,0.037874275048741746,0.008416658793651166
2026-07-13,WBD,93,61.0,communication_services,False,27.24,-0.04575644847466653,-0.03401074792699055,-0.06715865938026655,-0.051417826436953806,-0.008487067859733188,-0.03794468411482377
2026-07-13,NTAP,94,49.0,technology,True,163.58,-0.031315691578931104,-0.01956999103125512,0.02061674601934249,0.036357578962655235,0.19444615647628627,0.1649885402211957
2026-07-13,UNH,89,56.0,healthcare,True,428.79,-0.02192577916371996,-0.010180078616043975,-0.030997649110595993,-0.01525681616728325,-0.0516474131075324,-0.08110502936262298
2026-07-13,HPE,97,42.0,technology,True,47.38,-0.0880065248329629,-0.07626082428528691,-0.013712696057530893,0.0020281368857818505,0.11911585422947457,0.08965823797438399
2026-07-13,ALAB,99,38.0,technology,True,356.2,-0.21156544830667257,-0.19981974775899658,-0.27934089255061423,-0.2636000596073015,-0.1908016938139453,-0.22025931006903587
2026-07-13,MU,99,38.0,technology,True,932.0,-0.12436510482092389,-0.1126194042732479,-0.08921669018004497,-0.07347585723673222,-0.12887756151837104,-0.15833517777346162
2026-07-13,AMD,99,36.0,technology,True,541.4,-0.11221389701777573,-0.10046819647009975,-0.12741081454961467,-0.11166998160630193,-0.1721730160936895,-0.2016306323487801
2026-07-13,WST,91,48.0,healthcare,True,356.87,-0.01644282534706376,-0.004697124799387775,-0.07526315024059893,-0.05952231729728619,-0.016331147444756833,-0.04578876369984741
2026-07-13,DDOG,98,36.0,technology,True,261.77,0.029794413964545408,0.04154011451222139,-0.01457443122900337,0.001166401714309373,0.020325887391530628,-0.009131728863559951
2026-07-13,DVA,94,42.0,healthcare,True,235.86,0.0007267705427154159,0.012472471090391402,0.010174004861835284,0.025914837805148028,-0.2147650656493879,-0.2442226819044785
2026-07-13,CAT,93,52.0,industrials,False,930.16,-0.09613425215622051,-0.08438855160854453,-0.08674312402451367,-0.07100229108120093,-0.12407740458367267,-0.15353502083876325
2026-07-13,ASML,92,44.0,technology,True,1738.56,-0.027094459171626673,-0.015348758623950687,-0.0739544675096977,-0.05821363456638495,-0.028939592300642247,-0.05839720855573283
2026-07-13,PANW,97,36.0,technology,True,328.62,0.05399037644559512,0.06573607699327111,-0.040749640163791234,-0.02500880722047849,0.16396621146763546,0.13450859521254488
2026-07-13,FFIV,91,43.0,technology,True,424.92,-0.02926894239841238,-0.017523241850736393,-0.03860113358197215,-0.022860300638659403,-0.033817236714328236,-0.06327485296941882
2026-07-13,KLAC,94,38.0,technology,True,220.49,-0.12552647282295804,-0.11378077227528205,-0.14338662982834693,-0.1276457968850342,-0.18812128505929027,-0.21757890131438085
2026-07-13,CRWD,95,36.0,technology,True,187.46,0.03924192029941875,0.05098762084709474,-0.05699099340355651,-0.04125016046024377,0.17887907755886223,0.14942146130377165
2026-07-13,AAPL,85,50.0,technology,True,317.52,0.04089100446311922,0.052636705010795204,0.07378244602058937,0.08952327896390211,-0.016682038551934286,-0.046139654807024866
2026-07-13,BEN,84,60.0,financials,False,32.89,-0.012863778513204083,-0.001118077965528097,0.017457857427321866,0.03319869037063461,0.026646239107981362,-0.0028113771471092175
2026-07-13,LLY,86,48.0,healthcare,True,1186.79,-0.016389223822503962,-0.0046435232748279764,0.027032308662773286,0.04277314160608603,0.0565431659463167,0.02708554969122612
2026-07-13,FTNT,97,31.0,technology,True,161.27,0.009950887033642664,0.02169658758131865,-0.040307305363947776,-0.024566472420635033,0.034198311980830676,0.004740695725740096
2026-07-13,BIIB,81,55.0,healthcare,True,202.58,-0.0019466876149416557,0.00979901293273433,-0.000998287670450404,0.01474254527286234,0.03389242622062327,0.004434809965532693
2026-07-13,HUM,97,31.0,healthcare,True,406.46,-0.028780458031631095,-0.01703475748395511,-0.07036586854516003,-0.05462503560184728,-0.0592682629096799,-0.08872587916477048
2026-07-13,AMAT,96,32.0,technology,True,574.84,-0.14367162484581997,-0.13192592429814398,-0.15802250955653618,-0.14228167661322344,-0.14950328598401352,-0.1789609022391041
2026-07-13,SNOW,96,32.0,technology,True,272.12,0.041968883870818985,0.05371458441849497,0.036575656387543676,0.05231648933085642,0.27122185173967805,0.24176423548458748
2026-07-13,CSCO,93,36.0,technology,True,119.56,-0.07557409995899544,-0.06382839941131946,-0.04325675791461059,-0.027515924971297845,0.023549044725958534,-0.005908571529132045
2026-07-13,IVZ,88,52.0,financials,False,28.36,0.037062886212824386,0.04880858676050037,0.052797213038114243,0.06853804598142699,0.10979018172166777,0.08033256546657719
2026-07-13,INCY,87,42.0,healthcare,True,114.19,0.012165231609143179,0.023910932156819165,0.040346582567494904,0.05608741551080765,0.06380186223728224,0.03434424598219166
2026-07-13,JNJ,83,48.0,healthcare,True,257.79,-0.026259162521410695,-0.01451346197373471,0.040778027717836896,0.05651886066114964,0.02457637676416935,-0.00488123949092123
2026-07-13,VLO,92,34.0,energy,True,291.79,0.046494443428112486,0.05824014397578847,0.01850427101749985,0.034245103960812595,0.05603781743722047,0.026580201182129892
2026-07-13,JBHT,92,42.0,industrials,False,284.57,0.01384995910481579,0.025595659652491776,-0.019815880394480012,-0.0040750474511672685,-0.06995225606706257,-0.09940987232215315
2026-07-13,IBKR,86,50.0,financials,False,92.87,-0.026338175923340645,-0.01459247537566466,-0.020072289046900282,-0.004331456103587539,-0.03717075910601653,-0.0666283753611071
2026-07-13,GEV,89,44.0,industrials,False,1053.07,0.007571968058644574,0.01931766860632056,-0.06955655811552153,-0.053815725172208784,-0.0748970419542283,-0.10435465820931888
2026-07-13,MS,85,50.0,financials,False,219.15,-0.05964691873547179,-0.0479012181877958,-0.043509293771011426,-0.027768460827698682,-0.03479252357858753,-0.06425013983367811
2026-07-13,BNY,84,51.0,financials,False,150.4,0.043140093120041856,0.05488579366771784,0.0528979900044213,0.06863882294773405,0.06397613164069993,0.03451851538560935
2026-07-13,NET,92,30.0,technology,True,271.64,0.01649258741691928,0.028238287964595266,-0.008917965106110093,0.006822867837202651,0.15891789678317392,0.12946028052808334
2026-07-13,CVS,91,31.0,healthcare,True,106.1,0.009569436591042146,0.021315137138718132,0.010722119147087428,0.02646295209040017,-0.09689190656840296,-0.12634952282349354
2026-07-13,MNST,89,42.0,consumer_defensive,False,97.11,-0.0228296821249645,-0.011083981577288515,-0.02405813336178475,-0.008317300418472007,-0.06398443878453619,-0.09344205503962677
2026-07-13,CASY,85,48.0,consumer_cyclical,False,851.3,-0.001751175864421306,0.00999452468325468,-0.016820637186748644,-0.0010798042434359,-0.01483820592659757,-0.04429582218168815
2026-07-13,AFRM,93,36.0,financials,False,82.5,-0.09220201775735348,-0.0804563172096775,-0.11956126338431361,-0.10382043044100087,-0.08955044227867037,-0.11900805853376095
2026-07-13,CDNS,79,48.0,technology,True,384.71,-0.11058098984063724,-0.09883528929296126,-0.08718163038479543,-0.07144079744148268,-0.10524331381645358,-0.13470093007154416
2026-07-13,CRL,87,36.0,healthcare,True,234.05,-0.03796469919131151,-0.026218998643635527,-0.017821921235060545,-0.0020810882917478013,0.2129439327520155,0.18348631649692493
2026-07-13,ELV,83,42.0,healthcare,True,425.01,-0.12380793039298399,-0.112062229845308,-0.1326792922343707,-0.11693845929105795,-0.08834580948732595,-0.11780342574241653
2026-07-13,ADM,83,50.0,consumer_defensive,False,82.27,0.032168685277204956,0.04391438582488094,0.002289209830311112,0.018030042773623856,-0.030240962716749586,-0.059698578971840166
2026-07-13,ANET,90,31.0,technology,True,183.93,-0.07911902270730253,-0.06737332215962655,-0.07145187507208306,-0.055711042128770316,0.04143562060293382,0.01197800434784324
2026-07-13,ABBV,77,50.0,healthcare,True,245.71,0.03737356157411309,0.049119262121789076,0.05182587562993235,0.0675667085732451,0.015224241742475053,-0.014233374512615526
2026-07-14,JBHT,92,55.0,industrials,True,282.04,0.04735716545616553,0.055259108673841095,-0.008500024478706236,0.009239705358348171,-0.05061566159790021,-0.07225336230819501
2026-07-14,CAT,93,52.0,industrials,True,937.88,-0.05003201294061288,-0.04213006972293731,-0.1024634706548273,-0.0847237408177729,-0.09977356205087684,-0.12141126276117165
2026-07-14,TXN,91,53.0,technology,True,308.58,-0.06637613160558209,-0.05847418838790652,-0.11198360823465525,-0.09424387839760084,-0.09400351927795902,-0.11564121998825383
2026-07-14,STX,99,39.0,technology,True,879.41,0.0031607618257398773,0.011062705043415444,-0.15941151793480957,-0.14167178809775516,-0.07705114003840596,-0.09868884074870077
2026-07-14,AMD,99,36.0,technology,True,564.84,-0.020844621503448124,-0.012942678285772558,-0.18236757823854488,-0.16462784840149047,-0.14693717732665101,-0.16857487803694582
2026-07-14,AAPL,84,57.0,technology,True,315.58,0.03186193701771112,0.039763880235386684,0.07071332814257647,0.08845305797963088,-0.03918844556705048,-0.06082614627734528
2026-07-14,DDOG,98,36.0,technology,True,266.48,-0.07010951355425976,-0.062207570336584195,-0.08437954422331206,-0.06663981438625766,-0.0993430701485516,-0.1209807708588464
2026-07-14,HPE,98,36.0,technology,True,49.72,-0.0713575176518032,-0.06345557443412764,-0.09381830940057412,-0.07607857956351971,0.08089842732495023,0.05926072661465542
2026-07-14,MRNA,94,51.0,healthcare,False,66.56,-0.11992920723287748,-0.11202726401520191,-0.1767959942246643,-0.1590562643876099,-0.10650540084370141,-0.12814310155399622
2026-07-14,WBD,92,53.0,communication_services,False,27.4,-0.05798687630065069,-0.050084933082975125,-0.0660101918638295,-0.048270462026775096,-0.012764419419980966,-0.03440212013027577
2026-07-14,ALAB,99,33.0,technology,True,376.23,-0.13935462432013646,-0.1314526811024609,-0.29964742617328455,-0.28190769633623014,-0.16034668007489727,-0.18198438078519208
2026-07-14,MU,99,33.0,technology,True,979.5,-0.005113690418072747,0.0027882527996028195,-0.15912930657629865,-0.14138957673924424,-0.10994966058533484,-0.13158736129562965
2026-07-14,PANW,97,36.0,technology,True,351.33,-0.041086302969136845,-0.03318435975146128,-0.10596675490401519,-0.08822702506696078,0.07564247195720131,0.0540047712469065
2026-07-14,SNDK,99,33.0,technology,True,1757.95,-0.07447199467729693,-0.06657005145962136,-0.3617269356641011,-0.34398720582704667,-0.25985126570581263,-0.28148896641610743
2026-07-14,WDC,99,32.0,technology,True,572.03,-0.02532695534977447,-0.017425012132098905,-0.17618722700358935,-0.15844749716653495,-0.221651497414192,-0.2432891981244868
2026-07-14,DELL,99,31.0,technology,True,460.76,-0.11890776091789079,-0.11100581770021523,-0.1451780835351374,-0.12743835369808298,-0.0386360222410248,-0.06027372295131961
2026-07-14,SNOW,95,37.0,technology,True,273.27,-0.0222021700095989,-0.014300226791923332,-0.027132093236858723,-0.009392363399804315,0.20237503413872737,0.18073733342843257
2026-07-14,UNH,88,56.0,healthcare,False,425.33,0.04019174318759977,0.04809368640527534,0.022169860196794344,0.03990959003384875,-0.0412405095100411,-0.0628782102203359
2026-07-14,ASML,93,39.0,technology,True,1783.59,-0.012903751335261338,-0.005001808117585771,-0.13153699927684848,-0.11379726943979407,-0.012795725269212466,-0.03443342597950727
2026-07-14,WST,89,54.0,healthcare,False,356.83,0.0052045145206178756,0.013106457738293442,-0.05702619703790779,-0.03928646720085338,-0.01617464890021747,-0.037812349610512275
2026-07-14,NTAP,94,37.0,technology,True,174.68,-0.05506785864178332,-0.04716591542410775,-0.005073534368591703,0.012666195468462704,0.13139894705481958,0.10976124634452478
2026-07-14,LRCX,96,33.0,technology,True,347.3,-0.09867039929537502,-0.09076845607769946,-0.24531842644111213,-0.22757869660405772,-0.12831351739476426,-0.14995121810505907
2026-07-14,CRWD,97,31.0,technology,True,206.38,-0.09996238110100086,-0.0920604378833253,-0.1439871980788784,-0.12624746824182398,0.04482526035784229,0.023187559647547484
2026-07-14,FTNT,97,31.0,technology,True,166.4,-0.0666508845080187,-0.05874894129034314,-0.11458766002744036,-0.09684793019038596,-0.044276521795998836,-0.06591422250629364
2026-07-14,AMAT,96,32.0,technology,True,599.09,-0.07508434352083215,-0.06718240030315659,-0.2194042905535063,-0.2016645607164519,-0.13888072222224035,-0.16051842293253515
2026-07-14,CSCO,93,36.0,technology,True,119.23,-0.04283270238928194,-0.034930759171606374,-0.01382245232472612,0.003917277512328288,0.02755978155287342,0.005922080842578614
2026-07-14,IVZ,88,52.0,financials,False,28.58,0.02730375017462139,0.035205693392296955,0.0044368622291171,0.022176592066171508,0.07030717485994176,0.04866947414964695
2026-07-14,ADM,84,57.0,consumer_defensive,False,81.91,0.04853420827343502,0.05643615149111059,0.011799014501936878,0.029538744338991285,-0.02128695134410341,-0.042924652054398216
2026-07-14,BEN,82,60.0,financials,False,32.89,-0.02217553582416687,-0.014273592606491303,-0.0011985227764576,0.016541207060596808,-0.00029961351479024234,-0.021937314225085047
2026-07-14,DVA,94,42.0,healthcare,False,234.37,0.033539493365404294,0.04144143658307986,0.043035128512992626,0.060774858350047034,-0.22319019550697194,-0.24482789621726675
2026-07-14,GEV,90,39.0,industrials,True,1071.36,0.0073769263167973165,0.015278869534472883,-0.11908566100471962,-0.10134593116766522,-0.05512137099554937,-0.07675907170584417
2026-07-14,KLAC,94,32.0,technology,True,232.05,-0.07797938537200555,-0.07007744215432998,-0.19138840360744513,-0.17364867377039073,-0.15040686106695222,-0.17204456177724703
2026-07-14,CNC,97,36.0,healthcare,False,68.88,0.009408561260928483,0.01731050447860405,-0.04554957106873392,-0.02780984123167951,-0.03106334915612352,-0.052701049866418326
2026-07-14,FFIV,91,36.0,technology,True,429.6,-0.05807257239538299,-0.050170629177707426,-0.07024015028539288,-0.05250042044833847,-0.04595105850859804,-0.06758875921889285
2026-07-14,CASY,84,55.0,consumer_cyclical,False,857.02,0.014491735530917538,0.022393678748593104,0.01283684686022335,0.030576576697277758,-0.018283377550986413,-0.03992107826128122
2026-07-14,VLO,92,34.0,energy,True,295.74,0.052842763876405296,0.06074470709408086,-0.0004012546695403296,0.017338475167514078,0.08753128955172529,0.06589358884143048
2026-07-14,CSX,81,50.0,industrials,True,49.94,0.0006015997401505047,0.008503542957826071,0.019654956157735493,0.0373946859947899,0.0016044523881157957,-0.02003324832217901
2026-07-14,EXPD,87,41.0,industrials,True,177.8,5.596968374299571e-05,0.007957912901418562,-0.0400403699502101,-0.02230064011315569,-0.00761606403410342,-0.029253764744398225
2026-07-14,DAL,83,44.0,industrials,True,85.83,-0.0177577337936472,-0.009855790575971635,0.03725625520004838,0.05499598503710279,0.04932683170101848,0.027689130990723676
2026-07-14,EBAY,78,60.0,consumer_cyclical,False,112.55,-0.0025585991108847406,0.005343344106790826,0.03617442355525968,0.05391415339231409,-0.06467260387626839,-0.08631030458656319
2026-07-14,IBKR,86,48.0,financials,False,95.67,-0.025492876443662604,-0.017590933225987038,-0.06171947753676299,-0.04397974769970858,-0.07338223534724064,-0.09501993605753545
2026-07-14,HUM,97,31.0,healthcare,False,406.61,0.0062464471281402645,0.014148390345815831,-0.032650612337583707,-0.014910882500529299,-0.07219465997426178,-0.09383236068455658
2026-07-14,LLY,84,50.0,healthcare,False,1150.26,0.026110913312733963,0.03401285653040953,0.06561325209752678,0.08335298193458118,0.060689613196968306,0.0390519124866735
2026-07-14,CDNS,78,50.0,technology,True,381.54,-0.10100159688710497,-0.0930996536694294,-0.10079295077034278,-0.08305322093328837,-0.14563331778371813,-0.16727101849401294
2026-07-14,ELV,83,50.0,healthcare,False,423.84,0.001680310517191197,0.009582253734866764,-0.017948964435993142,-0.00020923459893873453,-0.006135784502649511,-0.027773485212944315
2026-07-14,CHRW,92,28.0,industrials,True,198.79,0.048883076080094456,0.05678501929777002,-0.15185819332920214,-0.13411846349214773,-0.2732645075295712,-0.294902208239866
2026-07-14,UAL,81,44.0,industrials,True,121.14,-0.03143515306410416,-0.023533209846428593,0.018515471215892143,0.03625520105294655,0.039417388478019344,0.01777968776772454
2026-07-14,TRGP,86,36.0,energy,True,279.5,-0.004900646072508508,0.003001297145167059,-0.07084522608341737,-0.05310549624636296,-0.05293915931829063,-0.07457686002858543
2026-07-14,MPC,91,28.0,energy,True,299.35,0.0604583107491965,0.06836025396687206,0.014990151040187971,0.03272988087724238,0.11570994481614605,0.09407224410585124
2026-07-14,PSX,87,34.0,energy,True,199.82,0.05944302303018234,0.06734496624785791,0.027400684903683636,0.045140414740738044,0.11978432243056347,0.09814662172026867
2026-07-15,AMD,99,38.0,technology,True,515.76,0.08442469842972256,0.09153195288544413,-0.15661749968918004,-0.12566477144212107,-0.0518327893359537,-0.07804293615016966
2026-07-15,DDOG,97,36.0,technology,True,265.07,-0.07193566394111195,-0.06482840948539037,-0.0023411943963449477,0.02861153385071402,-0.09028775394918098,-0.11649790076339694
2026-07-15,PANW,96,36.0,technology,True,355.73,-0.06099814856947894,-0.05389089411375736,-0.1201758918823378,-0.08922316363527882,0.0838794947958752,0.057669347981659236
2026-07-15,CRWD,94,36.0,technology,True,206.33,-0.09050538285331033,-0.08339812839758876,-0.13414101236545994,-0.10318828411840097,0.07052179726543817,0.044311650451222206
2026-07-15,SNOW,90,42.0,technology,True,270.07,-0.01710344200343883,-0.00999618754771725,0.038317561362500197,0.06927028960955917,0.21948183287822798,0.19327168606401202
2026-07-15,FTNT,95,31.0,technology,True,164.49,-0.05497655799232404,-0.04786930353660246,-0.06613034448200472,-0.03517761623494575,-0.019686785165708542,-0.045896931979924505
2026-07-15,NET,83,43.0,technology,True,275.52,-0.01996640909189462,-0.012859154636173042,-0.01486550571773737,0.0160872225293216,0.13477381732705984,0.10856367051284388
2026-07-15,SSO,74,56.0,utilities,True,68.38,-0.014936364346122333,-0.007829109890400754,-0.06267390350205682,-0.031721175254997847,0.04759105593387747,0.021380909119661506
2026-07-15,ANET,78,44.0,technology,True,170.52,0.033449489857247716,0.040556744312969295,-0.06642636396895152,-0.03547363572189255,0.24401626173299484,0.21780611491877888
2026-07-15,AFRM,79,36.0,financials,False,81.77,-0.07663962401430224,-0.06953236955858066,-0.12417241801951406,-0.0932196897724551,-0.08307309521998674,-0.1092832420342027
2026-07-16,AMD,99,38.0,technology,True,508.15,0.13171027704134608,0.13696575724017557,0.017845180503460734,0.018370744603108502,0.012854396955307212,-0.0353884298675049
2026-07-16,DDOG,97,36.0,technology,True,260.96,-0.044978486836118936,-0.03972300663728945,0.049472465666531296,0.049998029766179064,-0.014302416923076766,-0.06254524374588888
2026-07-16,PANW,96,36.0,technology,True,356.92,-0.06158500033771619,-0.0563295201388867,-0.061440943297460415,-0.06091537919781265,0.1412103746397695,0.09296754781695737
2026-07-16,CRWD,95,36.0,technology,True,205.77,-0.08473052018309934,-0.07947503998426986,-0.07574846875305996,-0.07522290465341219,0.12539922978138063,0.07715640295856852
2026-07-16,SNOW,91,42.0,technology,True,271.92,0.009596053736785404,0.014851533935614891,0.1351434550534769,0.13566901915312468,0.2847188747646192,0.2364760479418071
2026-07-16,FTNT,94,36.0,technology,True,162.15,-0.05582558700228779,-0.0505701068034583,-0.0389408099688473,-0.03841524586919953,0.030778831410630758,-0.017463995412181355
2026-07-16,SSO,75,61.0,utilities,True,68.42,-0.010556515950306045,-0.005301035751476557,-0.003167021614741028,-0.0026414575150932595,0.09365103923830542,0.04540821241549331
2026-07-16,ANET,78,44.0,technology,True,165.85,0.08279945578964432,0.0880549359884738,0.04852707613041862,0.04905264023006639,0.2483982738169912,0.2001554469941791
2026-07-16,NET,83,30.0,technology,True,274.36,-0.0013704330805537346,0.003885047118275753,0.07884126142114711,0.07936682552079488,0.2594411291178924,0.2111983022950803
2026-07-16,AFRM,79,31.0,financials,False,82.31,-0.07495458587741455,-0.06969910567858506,-0.04845418542837243,-0.04792862132872466,0.017407070400834668,-0.030835756421977445
2026-07-17,DDOG,96,42.0,technology,True,257.47,-0.045361367004359554,-0.03447868018307876,0.03627365720117015,0.036313732396159426,-0.012104063066436632,-0.05129774170905743
2026-07-17,PANW,99,36.0,technology,True,363.95,-0.08719551355813437,-0.07631282673685358,-0.06452981103311273,-0.06448973583812345,0.08330510738407182,0.04411142874145102
2026-07-17,SNOW,91,42.0,technology,True,265.67,0.0035190268740228348,0.01440171369530363,0.09793352852762971,0.09797360372261898,0.23135676639794323,0.19216308775532243
2026-07-17,CRWD,95,31.0,technology,True,207.59,-0.09749853689793508,-0.08661585007665429,-0.06017333617550946,-0.06013326098052019,0.0682981829433218,0.029104504300700995
2026-07-17,FTNT,94,31.0,technology,True,162.77,-0.05148160049727846,-0.04059891367599766,0.00815486531107501,0.008194940506064285,-0.003921843159899185,-0.043115521802519985
2026-07-17,ANET,79,44.0,technology,True,164.3,0.029892287076942026,0.04077497389822282,0.06753879186231648,0.06757886705730576,0.1768675532793118,0.137673874636691
2026-07-17,NET,84,30.0,technology,True,277.86,-0.059855123585576875,-0.04897243676429608,0.0005021325859861925,0.0005422077809754677,0.13247741689339065,0.09328373825076985
2026-07-17,AFRM,70,44.0,financials,False,75.86,-0.07433767214279585,-0.06345498532151506,-0.057466725352767756,-0.05742665015777848,0.03268743426598575,-0.006506244376635051
2026-07-20,AMD,99,39.0,technology,True,513.08,-0.059030395043666806,-0.04938273901116863,-0.07863115085848382,-0.09387992824615421,-0.03802281368821292,-0.07337099682371873
2026-07-20,PANW,97,36.0,technology,True,358.31,-0.0919184835530481,-0.08227082752054993,-0.006610569890266316,-0.021859347277936703,0.07532053325415156,0.03997235011864575
2026-07-20,DDOG,96,36.0,technology,True,264.7,-0.0256866514106322,-0.016038995378134024,0.05841395011031181,0.04316517272264142,-0.04324948810747098,-0.07859767124297679
2026-07-20,FTNT,95,36.0,technology,True,162.42,-0.06732770027697066,-0.057680044244472484,-0.001040507796943979,-0.016289285184614366,-0.04608886371804133,-0.08143704685354713
2026-07-20,SNOW,89,42.0,technology,True,271.95,0.004601170310364333,0.014248826342862508,0.13199831994377043,0.11674954255610004,0.21511381100355953,0.17976562786805372
2026-07-20,CRWD,92,36.0,technology,True,202.89,-0.09859364991216324,-0.08894599387966506,0.013662958615163978,-0.0015858187725064088,0.07051697367524756,0.03516879053974176
2026-07-20,NET,84,36.0,technology,True,277.4,-0.02696272790499743,-0.017315071872499255,0.03579143850965738,0.020542661121986994,0.12470237898925629,0.08935419585375048
2026-07-20,ANET,82,38.0,technology,True,169.49,-0.021096124071692812,-0.011448468039194637,0.05990596653283298,0.04465718914516259,0.1568447616798314,0.1214965785443256
2026-07-20,AFRM,72,39.0,financials,False,76.48,-0.028977804172527155,-0.01933014814002898,0.005316946412810664,-0.009931830974859723,-0.009437813135518724,-0.04478599627102453
2026-07-21,DDOG,97,50.0,technology,True,256.3,-0.003534969911210273,0.004179796822180726,0.144496917848298,0.11140108817733685,-0.02291775896471271,-0.05081687239741561
2026-07-21,AMD,99,39.0,technology,True,533.86,-0.1371469957029341,-0.1294322289695431,-0.015753089348712,-0.04884891901967314,-0.08064452976124148,-0.10854364319394438
2026-07-21,FTNT,92,44.0,technology,True,157.38,-0.05417172983486218,-0.04645696310147118,0.061297758169615246,0.028201928498654105,-0.0035316440153640993,-0.031430757448067004
2026-07-21,PANW,95,38.0,technology,True,337.39,-0.06991664300600897,-0.06220187627261797,0.06810888274329696,0.03501305307233582,0.09085078623824372,0.06295167280554081
2026-07-21,SNOW,89,42.0,technology,True,272.25,0.0015187002259398064,0.009233466959330805,0.1734394320780146,0.14034360240705346,0.20514899744757975,0.17724988401487685
2026-07-21,CRWD,91,38.0,technology,True,192.03,-0.055878659343884696,-0.0481638926104937,0.09690488106924366,0.06380905139828252,0.10573328244957136,0.07783416901686846
2026-07-21,ANET,82,36.0,technology,True,175.27,-0.008326688513212499,-0.0006119217798215004,0.11321471716426812,0.08011888749330698,0.12881642490755874,0.10091731147485583
2026-07-21,NET,83,30.0,technology,True,274.3,-0.028150851505002294,-0.020436084771611296,0.10884999658607408,0.07575416691511294,0.10896038767824279,0.08106127424553988
2026-07-22,DDOG,96,50.0,technology,True,248.04,0.07150101131169029,0.08490426860356248,0.14843656980303255,0.10729346994029543,-0.05292615753787999,-0.09308190502010938
2026-07-22,FTNT,93,44.0,technology,True,155.49,-0.013329848379963427,7.340891190876775e-05,0.056925828957899105,0.015782729095161985,-0.0157124559733951,-0.05586820345562449
2026-07-22,PANW,95,38.0,technology,True,334.9,-0.06385956711744012,-0.050456309825567924,0.08069616238575117,0.03955306252301405,0.07205442565375497,0.031898678171525585
2026-07-22,AMD,99,31.0,technology,True,555.33,-0.21144031049790368,-0.1980370532060315,-0.11508243118782924,-0.15622553105056636,-0.14377497193283606,-0.18393071941506545
2026-07-22,SNOW,89,42.0,technology,True,267.76,0.03304724334951392,0.04645050064138612,0.1569837110689154,0.11584061120617828,0.18681761008532116,0.14666186260309177
2026-07-22,CRWD,91,38.0,technology,True,188.4,-0.053453590405006524,-0.04005033311313433,0.10738223150959758,0.06623913164686046,0.06395446534372295,0.023798717861493568
2026-07-22,NET,84,36.0,technology,True,268.7,-0.00937934174432098,0.004023915547551216,0.07334941318456867,0.03220631332183155,0.06939254880922863,0.02923680132699924
2026-07-22,ANET,82,36.0,technology,True,175.91,-0.08566303574559142,-0.07225977845371923,0.1420385059864493,0.10089540612371217,0.07918036891524127,0.039024621433011886
2026-07-22,NVDA,70,48.0,technology,True,212.5,-0.09285784132646269,-0.07945458403459049,0.04659599653009461,0.0054528966673574875,0.03867086778757556,-0.001484879694653829
2026-07-23,DDOG,97,50.0,technology,True,243.12,0.08098532812538006,0.07667936958313204,-0.07708102144214846,-0.11777108507236811,-0.06395910172878072,-0.09657884163145514
2026-07-23,AMD,99,38.0,technology,True,539.46,-0.112502688115944,-0.11680864665819202,-0.10539015931390461,-0.14608022294412426,-0.14162947757533784,-0.17424921747801225
2026-07-23,FTNT,93,44.0,technology,True,152.28,0.010150642323085268,0.005844683780837245,0.04852654754551833,0.007836483915298675,-0.012508210217952898,-0.045127950120627314
2026-07-23,PANW,96,38.0,technology,True,325.89,-0.0073455566735030065,-0.01165151521575103,0.09570542914129687,0.05501536551107722,0.06543936560196673,0.03281962569929231
2026-07-23,SNOW,92,44.0,technology,True,262.9,0.10859060197030757,0.10428464342805954,0.18259578734842652,0.14190572371820687,0.19483085101372488,0.16221111111105047
2026-07-23,CRWD,91,38.0,technology,True,182.74,0.0011891957875844739,-0.003116762754663549,0.12102702372782947,0.08033696009760982,0.028864845069679124,-0.0037548948329952925
2026-07-23,NET,84,38.0,technology,True,262.52,0.06553626016454195,0.061230301622293926,0.06944654013429985,0.028756476504080197,0.04869158002367646,0.016071840121002046
2026-07-23,ANET,82,38.0,technology,True,174.7,-0.017126412227235988,-0.02143237076948401,0.10528739841505019,0.06459733478483054,0.056034482758620774,0.023414742855946358
2026-07-24,DDOG,97,50.0,technology,True,243.62,0.05298937296111528,0.05014329681407892,-0.08077099980459201,-0.11882931822893772,-0.07413012730777302,-0.10206636454973439
2026-07-24,AMD,99,44.0,technology,True,530.47,-0.09736311144495646,-0.10020918759199282,-0.08369514055985128,-0.12175345898419698,-0.10286062588600542,-0.1307968631279668
2026-07-24,FTNT,92,45.0,technology,True,152.66,0.030675185614768008,0.02782910946773165,0.015973998783414434,-0.02208431964093127,-0.023038313902404295,-0.050974551144365665
2026-07-24,PANW,96,38.0,technology,True,326.95,0.000965210090841051,-0.0018808660561953072,0.09758370677497386,0.05952538835062815,0.07951490022940422,0.05157866298744285
2026-07-24,SNOW,93,42.0,technology,True,269.72,0.0664727228338069,0.06362664668677054,0.20178178267045443,0.16372346424610873,0.21010908647017046,0.1821728492282091
2026-07-24,CRWD,91,33.0,technology,True,183.78,0.015726041618112863,0.012879965471076504,0.1411085365578355,0.1030502181334898,0.02152682576420628,-0.006409411477755089
2026-07-24,NET,86,38.0,technology,True,264.91,0.04299386693455687,0.04014779078752051,0.12258851757344869,0.08453019914910298,0.09593241591208446,0.06799617867012309
2026-07-24,ANET,82,38.0,technology,True,175.35,0.02933622049363027,0.026490144346593913,0.0768220474819079,0.0387637290575622,0.0767078743656795,0.048771637123718126
2026-07-27,DDOG,99,50.0,technology,True,253.77,0.07222639051150526,0.047226060966958805,0.02198534565430088,-0.02379449638368536,-0.11521728301702205,-0.1480639717097577
2026-07-27,SNOW,95,42.0,technology,True,270.08,0.12640103711928896,0.10140070757474251,0.22591760924241577,0.18013776720442953,0.18225775316082515,0.1494110644680895
2026-07-27,FTNT,93,44.0,technology,True,153.74,0.06952817946255063,0.04452784991800418,0.07608125914802355,0.03030141711003731,-0.0039973826078208985,-0.03684407130055656
2026-07-27,PANW,96,38.0,technology,True,324.6,0.09328838211762824,0.06828805257308179,0.2126862042212314,0.16690636218324517,0.1051619889259765,0.07231530023324084
2026-07-27,CRWD,91,33.0,technology,True,184.37,0.11696901362654533,0.09196868408199887,0.24171400975273327,0.19593416771474703,0.0515633968472462,0.018716708154510542
2026-07-27,NET,83,38.0,technology,True,262.62,0.0735875074451493,0.04858717790060285,0.17933632143577238,0.13355647939778614,0.06451253682017377,0.03166584812743811
2026-07-28,DDOG,99,45.0,technology,True,252.0,0.13947322181528898,0.09709312474488319,-0.024122136925544768,-0.06546168684616804,-0.11819835025509351,-0.15325376935171942
2026-07-28,FTNT,93,50.0,technology,True,151.81,0.1350238648195028,0.092643767749097,0.09185941002712461,0.050519860106501335,0.036352594822508966,0.0012971757258830596
2026-07-28,SNOW,96,42.0,technology,True,274.22,0.14398698445653424,0.10160688738612844,0.20671730593591708,0.1653777560152938,0.14488983749196427,0.10983441839533836
2026-07-28,PANW,95,38.0,technology,True,320.27,0.14703485107750813,0.10465475400710234,0.20170324355087077,0.1603636936302475,0.06424944799284193,0.02919402889621603
2026-07-28,CRWD,91,39.0,technology,True,181.49,0.1565776932002909,0.11419759612988511,0.21505814590819639,0.1737185959875731,0.01508558457392195,-0.019969834522703955
2026-07-28,DD,80,44.0,utilities,True,141.88,0.013113007528929188,-0.02926708954147661,0.024170634399458546,-0.01716891552116473,-0.035724509531357196,-0.0707799286279831
2026-07-28,NET,84,38.0,technology,True,266.71,0.13898544508992972,0.09660534801952392,0.16030391613802686,0.11896436621740358,0.04921374785992838,0.014158328763302475
2026-07-29,DDOG,99,45.0,technology,True,258.5,0.07340657413467877,0.027567274588865986,-0.08678755008177585,-0.1362950602712163,-0.1369761585643915,-0.17777504556990642
2026-07-29,SNOW,97,37.0,technology,True,284.14,0.11171928539610754,0.06587998585029475,0.16582459566885954,0.1163170854794191,0.10656138637609658,0.06576249937058165
2026-07-29,PANW,96,38.0,technology,True,315.86,0.14754929931628769,0.1017099997704749,0.22459896611238417,0.17509145592294373,0.07366388909033517,0.03286500208482024
2026-07-29,CRWD,92,39.0,technology,True,180.0,0.16214419361170673,0.11630489406589395,0.22815370766685272,0.17864619747741228,0.04762427044813333,0.006825383442618405
2026-07-29,NET,83,38.0,technology,True,264.47,0.0795393512854099,0.033700051739597114,0.14767392798537538,0.09816641779593493,0.049801988570935096,0.009003101565420168
2026-07-30,DDOG,99,48.0,technology,True,267.11,-0.15546963798846114,-0.18753709026096022,-0.07093920628668848,-0.11552213089472785,-0.1052302295551335,-0.14070852004162115
2026-07-30,FTNT,93,50.0,technology,True,155.09,0.03960785871753836,0.007540406445039283,0.07421601416954138,0.029633089561502013,0.1218752349973482,0.08639694451086055
2026-07-30,CRWD,92,45.0,technology,True,182.76,0.10773420594719485,0.07566675367469577,0.2046255598162947,0.16004263520825535,0.21760498465726408,0.18212669417077643
2026-07-30,SNOW,97,37.0,technology,True,293.1,0.06176961602671116,0.029702163754212085,0.12647747874060933,0.08189455413256996,0.09886472571473282,0.06338643522824516
2026-07-30,PANW,96,33.0,technology,True,321.32,0.08169342900540011,0.049625976732901034,0.1915508345778103,0.14696790996977094,0.15198294012819136,0.1165046496417037
2026-07-30,NET,86,36.0,technology,True,283.57,-0.001719853744417299,-0.033787306016916374,0.16113284774983216,0.1165499231417928,0.0818124261548443,0.046334135668356646
2026-07-31,DDOG,99,48.0,technology,True,271.39,-0.14056361153037256,-0.1723473285531718,-0.061464401989343775,-0.09735787693090314,-0.12935819243194568,-0.15592466084966483
2026-07-31,FTNT,93,50.0,technology,True,159.29,-0.022472587250076725,-0.05425630427287598,-0.020206987331402138,-0.056100462272961504,0.016471756056704923,-0.010094712361014224
2026-07-31,CRWD,91,50.0,technology,True,188.95,0.10502991954220486,0.07324620251940561,0.11806846245519154,0.08217498751363217,0.12554113303039616,0.09897466461267701
2026-07-31,SNOW,97,37.0,technology,True,298.54,0.11486299930016708,0.08307928227736783,0.10956689623138183,0.07367342128982246,0.10646335615528746,0.07989688773756831
2026-07-31,PANW,96,38.0,technology,True,327.09,0.0813397007682859,0.04955598374548664,0.14199530495993873,0.10610183001837936,0.10431218497485606,0.07774571655713691
2026-07-31,NET,84,36.0,technology,True,276.62,0.07683475658224581,0.04505103955944656,0.1324570904871989,0.09656361554563953,0.07529270750875017,0.04872623909103102
2026-07-31,ANET,80,37.0,technology,True,178.9,0.08169934726290551,0.04991563024010626,0.139892268154018,0.10399879321245864,0.1201697450630923,0.09360327664537316
2026-08-03,SNOW,99,37.0,technology,True,314.01,0.09737708920338117,0.08107478194436002,0.08232782082479506,0.06649883523497402,0.08665571369108616,0.07821534049352019
2026-08-03,PANW,96,38.0,technology,True,339.38,0.09510808265333504,0.07880577539431388,0.06871445745935612,0.05288547186953507,0.0868316218695071,0.07839124867194114
2026-08-03,FTNT,93,42.0,technology,True,162.77,0.0006093845782930707,-0.015692922680728083,-0.05033206066733098,-0.06616104625715202,0.041557443422491236,0.03311707022492527
2026-08-03,MDB,88,48.0,technology,True,358.3,0.16751895435835662,0.15121664709933547,0.2292475172749231,0.21341853168510205,0.2703531465637252,0.26191277336615926
2026-08-03,DDOG,97,34.0,technology,True,273.58,-0.04135573300916473,-0.057658040268185884,-0.09083553860221794,-0.10666452419203898,-0.12862554001462212,-0.13706591321218808
2026-08-03,CRWD,91,42.0,technology,True,197.98,0.0940719160508594,0.07776960879183825,0.039358555513186566,0.023529569923365523,0.12244896294731578,0.11400858974974981
2026-08-03,ANET,82,37.0,technology,True,182.1,0.020351664285173765,0.004049357026152611,0.07511990587513795,0.059290920285316906,0.04256795750171105,0.03412758430414509
2026-08-03,NET,83,25.0,technology,True,283.89,0.10924998692103793,0.09294767966201678,0.09646432059151788,0.08063533500169684,0.08967851911272318,0.08123814591515721
2026-08-04,SNOW,99,37.0,technology,True,315.65,0.052442675127399196,0.05926095556534783,0.024693680364861414,0.03552046580427781,0.007275812244941893,0.025410698199252013
2026-08-04,AMD,93,44.0,technology,True,522.42,-0.021011336792118196,-0.014193056354169564,-0.00022700794956143078,0.010599777489854967,-0.051372579253740946,-0.033237693299430826
2026-08-04,FTNT,91,42.0,technology,True,165.75,-0.04966249727473648,-0.04284421683678785,-0.07243916145903218,-0.06161237601961578,-0.049897268538017236,-0.031762382583707116
2026-08-04,DDOG,96,34.0,technology,True,284.14,-0.15321001619129138,-0.14639173575334274,-0.15588646953823504,-0.14505968409881864,-0.2319253269620919,-0.21379044100778177
2026-08-04,MDB,87,47.0,technology,True,372.77,0.1526206461931403,0.15943892663108894,0.14070492632080778,0.15153171176022417,0.139628829495001,0.15776371544931111
2026-08-04,PANW,97,31.0,technology,True,359.42,0.026560014993096015,0.03337829543104465,0.0007222284076724428,0.01154901384708884,-0.03150827542500301,-0.013373389470692887
2026-08-04,CRWD,92,34.0,technology,True,209.43,0.03910086970451965,0.04591915014246828,-0.0029501515982643944,0.007876633841152003,0.007117790918937716,0.025252676873247837
2026-08-04,ANET,82,34.0,technology,True,193.33,-0.05870876918292345,-0.051890488744974816,-0.08092682605285573,-0.07010004061343933,-0.09957661016919628,-0.08144172421488616
2026-08-04,NET,83,31.0,technology,True,296.51,0.022960593697501475,0.029778874135450106,0.0042655253151600014,0.015092310754576399,-0.048553643890316134,-0.030418757936006013
2026-08-04,AVGO,75,40.0,technology,True,415.78,-0.01332707259134458,-0.006508792153395948,-0.09888548816130649,-0.08805870272189009,-0.12335785430547497,-0.10522296835116485
2026-08-05,FTNT,91,55.0,technology,True,165.43,0.004810326597363579,0.0018501764931320164,-0.04510527200813552,-0.0436120848111885,-0.03454747163773786,-0.02799075619790259
2026-08-05,SNOW,99,37.0,technology,True,318.05,0.09156014907183008,0.08859999896759851,0.06774202215865399,0.06923520935560101,0.004763565227748456,0.011320280667583726
2026-08-05,DDOG,97,34.0,technology,True,285.61,0.05917787159579557,0.05621772149156401,0.026687216555997706,0.028180403752944727,-0.08010552413790184,-0.07354880869806657
2026-08-05,MDB,87,47.0,technology,True,376.35,0.22298878930800448,0.2200286392037729,0.230530722847198,0.23202391004414502,0.048603334906381024,0.055160050346216294
2026-08-05,PANW,96,31.0,technology,True,364.21,0.10533231762058248,0.10237216751635092,0.02750408347903699,0.02899727067598401,-0.06183415758306854,-0.05527744214323327
2026-08-05,CRWD,93,31.0,technology,True,212.21,0.0925123092576201,0.08955215915338854,-0.006748744419642905,-0.0052555572226958835,0.002068956497267571,0.008625671937102841
2026-08-05,DD,79,47.0,utilities,True,145.5,-0.023207104576025928,-0.02616725468025749,-0.054939223188038455,-0.053446035991091434,-0.09665216519201503,-0.09009544975217976
2026-08-05,ANET,84,31.0,technology,True,197.76,0.09401796161107301,0.09105781150684145,-0.030975555326808957,-0.029482368129861936,-0.03279453998491011,-0.02623782454507484
2026-08-05,AVGO,76,40.0,technology,True,419.54,-0.010700289083498515,-0.013660439187730078,-0.138081092729327,-0.13658790553237998,-0.12676259372937426,-0.12020587828953899
2026-08-05,NET,82,31.0,technology,True,295.75,0.09983056805717538,0.09687041795294382,0.03072255255332279,0.03221573975026981,-0.03686701995701802,-0.03031030451718275
2026-08-05,NVDA,70,42.0,technology,True,219.22,0.011555956592087524,0.008595806487855961,-0.017920811594440367,-0.016427624397493346,0.013000519654235765,0.019557235094071035
2026-08-06,FTNT,89,57.0,technology,True,159.95,0.0025451348810527907,-0.006352190282114645,-0.08623203622533704,-0.0753114104152498,-0.052478508289280024,-0.055267002123885245
2026-08-06,SNOW,99,37.0,technology,True,319.58,0.038092322716346105,0.02919499755317867,-0.011415358323317304,-0.0004947325132300673,0.09683077298677878,0.09404227915217356
2026-08-06,PANW,97,36.0,technology,True,355.89,0.08344733242134073,0.07455000725817329,-0.04361149778770523,-0.032690871977618,-0.09181941876496236,-0.09460791259956758
2026-08-06,CRWD,92,42.0,technology,True,206.68,0.05474103588500445,0.04584371072183702,-0.10983281162415393,-0.09891218581406669,0.005354866310313122,0.002566372475707901
2026-08-06,MDB,85,40.0,technology,True,375.05,0.23487428514570463,0.2259769599825372,0.099121488545455,0.11004211435554223,0.005203212875631857,0.002414719041026636
2026-08-06,DD,80,47.0,utilities,True,145.88,-0.004834241896479963,-0.013731567059647398,-0.04378451738495548,-0.03286389157486824,-0.09042188488378133,-0.09321037871838656
2026-08-06,ANET,83,41.0,technology,True,192.87,0.028383813723169116,0.01948648856000168,-0.07196969696969702,-0.06104907115960978,-0.03313130080097848,-0.0359197946355837
2026-08-06,NET,81,36.0,technology,True,286.02,0.0403458697241057,0.03144854456093826,-0.12292451678581962,-0.11200389097573238,-0.10531443469929247,-0.10810292853389769
2026-08-06,AVGO,75,40.0,technology,True,423.49,-0.02469651720508459,-0.033593842368252025,-0.15025674947702605,-0.13933612366693882,-0.1662931662023578,-0.169081660036963
2026-08-07,SNOW,99,37.0,technology,True,324.22,0.0014309672803631823,-0.003409923026123529,0.01318309152485675,0.0220880684824849,0.026579327581961687,0.02969857169224943
2026-08-07,PANW,97,36.0,technology,True,361.57,0.05169955629322942,0.04685866598674271,-0.02055397029192574,-0.011648993334297586,-0.08790846430550925,-0.0847892201952215
2026-08-07,FTNT,89,44.0,technology,True,160.53,0.0006879337995646662,-0.004152956506922045,-0.039962474256160285,-0.031057497298532133,-0.022576615060339478,-0.019457370950051733
2026-08-07,CRWD,93,36.0,technology,True,211.22,0.00762627631697832,0.0027853860104916084,-0.10848645593594808,-0.09958147897831993,-0.010255041928219688,-0.007135797817931944
2026-08-07,ANET,81,49.0,technology,True,189.97,0.03288483375974294,0.028043943453256226,-0.01994914794065017,-0.011044170983022017,0.006701611768506144,0.009820855878793888
2026-08-07,DD,76,55.0,utilities,True,144.55,0.023871119081347203,0.01903022877486049,-0.03164154073595804,-0.022736563778329888,-0.07477126496003772,-0.07165202084974998
2026-08-07,MDB,85,37.0,technology,True,391.12,0.16713567682890162,0.1622947865224149,0.09234041371160862,0.10124539066923677,-0.06508459012040135,-0.06196534601011361
2026-08-07,NET,88,31.0,technology,True,303.0,0.06862943749339045,0.06378854718690374,-0.00798641404928091,0.0009185629083472424,-0.05610824559142347,-0.05298900148113572
2026-08-07,ABNB,80,38.0,technology,True,176.26,0.030052017705626044,0.025211127399139333,0.0481840085775076,0.05708898553513575,0.01818792297048466,0.021307167080772405
2026-08-10,FTNT,89,48.0,technology,True,165.15,-0.04527076170649791,-0.04286921635261398,-0.06891692980536634,-0.05463716875619118,-0.03534675372638707,-0.024281915967552248
2026-08-10,SNOW,99,32.0,technology,True,332.04,-0.0031105552071940545,-0.0007090098533101274,-0.025246166272041237,-0.010966405222866071,0.013166591649128812,0.024231429407963634
2026-08-10,PANW,97,31.0,technology,True,377.85,-0.021967730799701934,-0.019566185445818007,-0.08667365240114233,-0.07239389135196717,-0.12290473638834243,-0.1118398986295076
2026-08-10,MDB,92,37.0,technology,True,413.48,0.030054046710453752,0.03245559206433768,-0.0544963413658075,-0.04021658031663233,-0.16412302159711623,-0.1530581838382814
2026-08-10,CRWD,95,31.0,technology,True,223.43,-0.045089312962123373,-0.042687767608239446,-0.14875003269740517,-0.13447027164823,-0.06241069521222797,-0.05134585745339315
2026-08-10,ABNB,81,44.0,technology,True,181.55,-0.0010864825670982015,0.0013150627867857256,0.059754330818979184,0.07403409186815435,-0.027551089547332097,-0.016486251788497275
2026-08-10,ANET,80,42.0,technology,True,190.79,0.0371855190787993,0.03958706443268323,-0.0329710300641235,-0.01869126901494833,0.002030191799678338,0.01309502955851316
2026-08-10,DD,71,55.0,utilities,True,142.07,0.012240106679482388,0.014641652033366315,-0.03304086583977561,-0.018761104790600447,-0.06680516883966692,-0.055740331080832095
2026-08-10,NET,85,31.0,technology,True,302.58,-0.001918063479140697,0.0004834818747432301,-0.08858907496519897,-0.0743093139160238,-0.07574778234141455,-0.06468294458257973
2026-08-11,FTNT,91,61.0,technology,True,163.1,-0.02148873738241841,-0.012117512445177447,-0.04842700193418481,-0.03706784641324601,-0.02638094265263491,-0.010491169332600081
2026-08-11,DDOG,88,50.0,technology,True,254.44,0.024189173152663113,0.033560398089904075,-0.07160996200263614,-0.06025080648169734,-0.06211748206541201,-0.04622770874537718
2026-08-11,CRWD,95,38.0,technology,True,223.96,-0.031873754104880136,-0.022502529167639174,-0.15709538918551247,-0.14573623366457367,-0.055153867266777734,-0.039264093946742906
2026-08-11,SNOW,99,32.0,technology,True,337.15,-0.01127529138192851,-0.0019040664446875466,-0.036530571417150215,-0.025171415896211413,0.007415519019089434,0.02330529233912426
2026-08-11,PANW,97,31.0,technology,True,383.74,-0.017747386076052307,-0.008376161138811344,-0.10763980219737779,-0.09628064667643899,-0.1202415030896945,-0.10435172976965967
2026-08-11,MDB,93,37.0,technology,True,436.39,0.013525459852397947,0.02289668478963891,-0.055734325563812304,-0.0443751700428735,-0.16426472934633518,-0.14837495602630035
2026-08-11,NET,89,31.0,technology,True,311.32,-0.02459867398274651,-0.015227449045505548,-0.10156656444423506,-0.09020740892329626,0.016895395407408698,0.032785168727443526
2026-08-11,ABNB,80,44.0,technology,True,184.32,0.010209622244902183,0.019580847182143146,0.05017698792716985,0.06153614344810865,-0.06487387091914354,-0.04898409759910871
2026-08-11,DD,71,47.0,utilities,True,145.24,-0.03904465495047149,-0.02967343001323053,-0.05822088747079668,-0.04686173194985788,-0.11053802952995528,-0.09464825620992046
2026-08-11,ANET,79,34.0,technology,True,196.64,-0.05981412601307534,-0.05044290107583438,-0.07071591323781445,-0.05935675771687565,-0.061030848641754676,-0.04514107532171985
2026-08-12,FTNT,89,54.0,technology,True,163.96,-0.060194253091935934,-0.052696149590522046,-0.03135763725193563,-0.020013757459793835,-0.02330295929879367,-0.0013121469848828005
2026-08-12,PANW,97,38.0,technology,True,383.95,-0.0871815329779092,-0.07968342947649532,-0.13906931451751536,-0.12772543472537357,-0.14114991772054475,-0.11915910540663388
2026-08-12,CRWD,95,38.0,technology,True,223.57,-0.10378696456641623,-0.09628886106500234,-0.15912527216470052,-0.14778139237255872,-0.07165079306299549,-0.04965998074908462
2026-08-12,SNOW,99,32.0,technology,True,338.74,-0.03557860603672103,-0.02808050253530714,-0.06418399075018544,-0.05284011095804364,-0.021602370264975912,0.00038844204893495604
2026-08-12,MDB,92,37.0,technology,True,440.78,-0.007792949235751134,-0.0002948457343372457,-0.08531724974884292,-0.07397336995670112,-0.15793147741950742,-0.13594066510559655
2026-08-12,FF,84,50.0,consumer_cyclical,False,5.84,-0.02226031697051356,-0.014762213469099672,-0.09075346149149344,-0.07940958169935164,-0.08217241029844025,-0.06018159798452938
2026-08-12,NET,91,31.0,technology,True,318.9,-0.0697792667980901,-0.06228116329667621,-0.09205634550207697,-0.08071246570993518,-0.008302065235986866,0.013688747077924002
2026-08-12,DD,72,55.0,utilities,True,142.51,-0.03208372490711808,-0.024585621405704194,-0.04386390030839238,-0.03252002051625058,-0.11385108601585703,-0.09186027370194616
2026-08-12,ABNB,79,44.0,technology,True,180.57,0.030348290096159802,0.03784639359757369,0.039635233110274504,0.0509791129024163,-0.07324488914898464,-0.05125407683507377
2026-08-12,ANET,81,31.0,technology,True,207.61,-0.11125409735848157,-0.10375599385706769,-0.035940671754772446,-0.02459679196263065,-0.09914671079949755,-0.07715589848558668
2026-08-13,SNOW,99,42.0,technology,True,336.37,-0.0522418626993455,-0.03176766735950354,-0.02917408450866521,-0.019617758575823485,-0.02952805240597345,-0.011224557640000743
2026-08-13,FTNT,85,54.0,technology,True,163.86,-0.0902564507623963,-0.06978225542255434,0.04241326563678349,0.05196959156962522,-0.0584011624481523,-0.040097667682179594
2026-08-13,MDB,95,37.0,technology,True,461.42,-0.10527210452428326,-0.0847979091844413,-0.06225656266301549,-0.052700236730173766,-0.22906157161732,-0.2107580768513473
2026-08-13,DDOG,87,45.0,technology,True,249.79,-0.07860848839442702,-0.05813429305458506,-0.03748170187703237,-0.027925375944190645,-0.1235389387502811,-0.1052354439843084
2026-08-13,PANW,96,31.0,technology,True,395.12,-0.11896363304082325,-0.09848943770098129,-0.03505898608664293,-0.025502660153801204,-0.16662469563954618,-0.14832120087357348
2026-08-13,CRWD,92,36.0,technology,True,223.93,-0.16016591576736383,-0.13969172042752187,0.005824246945700606,0.015380572878542331,-0.0878044208880866,-0.06950092612211389
2026-08-13,DD,73,62.0,utilities,True,144.18,-0.03633064944144049,-0.015856454101598527,-0.03396424101728268,-0.024407915084440956,-0.11227241311923097,-0.09396891835325827
2026-08-13,FF,83,55.0,consumer_cyclical,False,5.74,-0.021052576147491453,-0.0005783808076494923,-0.08947362319046537,-0.07991729725762364,-0.03853680193109388,-0.020233307165121173
2026-08-13,NET,89,31.0,technology,True,327.32,-0.15737159014468471,-0.13689739480484275,-0.06879150759417485,-0.059235181661333125,-0.07392749613505478,-0.05562400136908208
2026-08-13,ABNB,80,44.0,technology,True,182.25,0.0,0.02047419533984196,-0.003243276235219583,0.006313049697622142,-0.08005404085726353,-0.061750546091290826
2026-08-13,ANET,81,38.0,technology,True,207.88,-0.1048375496884425,-0.08436335434860054,-0.020363462013778033,-0.010807136080936308,-0.027670910587749953,-0.009367415821777247
2026-08-14,SNOW,99,49.0,technology,True,328.79,0.015285138766673478,0.028761427357225422,0.0007017451079651682,0.009501251904404318,0.01397326553180167,0.03368521062745089
2026-08-14,FTNT,85,56.0,technology,True,160.57,-0.04086228316288709,-0.02738599457233515,0.037175862760327805,0.045975369556766954,0.0632926549882511,0.08300460008390032
2026-08-14,DDOG,91,45.0,technology,True,252.31,-0.059851569277168615,-0.04637528068661667,-0.054425024560672,-0.04562551776423285,-0.08207642034232487,-0.062364475246675655
2026-08-14,PANW,95,36.0,technology,True,386.21,-0.06622310471705806,-0.05274681612650611,-0.030424014773931862,-0.021624507977492713,-0.02429223107265166,-0.004580285977002441
2026-08-14,MDB,93,37.0,technology,True,463.68,-0.05065889643672883,-0.037182607846176885,-0.01586534769474679,-0.00706584089830764,-0.15761755238832897,-0.13790560729267975
2026-08-14,CRWD,92,36.0,technology,True,219.34,-0.11351776645095912,-0.10004147786040718,0.008636194188933244,0.017435700985372393,0.08705494023822968,0.1067668853338789
2026-08-14,NET,89,36.0,technology,True,319.65,-0.05981588051368658,-0.04633959192313464,-0.038327117224827734,-0.029527610428388584,0.05955924275221003,0.07927118784785925
2026-08-14,FF,83,49.0,consumer_cyclical,False,5.66,-1.910487457124077e-08,0.013476269485677372,-0.03956836954518439,-0.03076886274874524,-0.012525361133883806,0.007186583961765414
2026-08-14,DD,71,55.0,utilities,True,145.82,-0.05207967019336435,-0.0386033816028124,-0.06133077951290111,-0.05253127271646196,-0.14454313572430544,-0.12483119062865622
2026-08-14,ANET,79,43.0,technology,True,200.44,-0.062189349462521415,-0.04871306087196947,-0.02873333999837069,-0.01993383320193154,-0.06636511165479886,-0.04665316655914964
2026-08-14,ABNB,80,37.0,technology,True,185.73,0.017602985635880142,0.031079274226432085,0.029175242792655265,0.037974749589094414,-0.0728566980331532,-0.05314475293750398
2026-08-17,AMD,96,48.0,technology,True,511.59,-0.06319221780472484,-0.056388427581447687,-0.034539331409908836,-0.032392799946918016,0.03412916303995539,0.04884233339027699
2026-08-17,SNOW,97,42.0,technology,True,330.6,-0.013327675227459257,-0.006523885004182106,0.013113583894510672,0.015260115357501491,-0.01271627888926996,0.001996891461051642
2026-08-17,FTNT,85,56.0,technology,True,156.28,-0.025705092992538092,-0.01890130276926094,0.09570508125500798,0.0978516127179988,0.10493586613581729,0.1196490364861389
2026-08-17,MDB,92,42.0,technology,True,446.44,-0.06496856087943792,-0.05816477065616077,0.052708526207297934,0.054855057670288754,-0.12306405913467044,-0.10835088878434884
2026-08-17,NET,87,49.0,technology,True,306.92,-0.07711295618016256,-0.07030916595688541,0.004394671983873222,0.006541203446864041,0.07721180992875398,0.09192498027907559
2026-08-17,PANW,95,36.0,technology,True,374.7,-0.05249231148036626,-0.04568852125708911,0.031835633908050553,0.03398216537104137,0.012826051863072951,0.027539222213394554
2026-08-17,CRWD,93,36.0,technology,True,214.97,-0.10478876678036975,-0.0979849765570926,0.08450704225352124,0.08665357371651206,0.13845073001485475,0.15316390036517635
2026-08-17,ABNB,77,49.0,technology,True,181.4,0.053853404204540656,0.06065719442781781,0.01512546758519795,0.01727199904818877,-0.06742754611643165,-0.052714375766110044
2026-08-17,DD,72,55.0,utilities,True,143.73,-0.039699365065251624,-0.03289557484197447,-0.05015376972166874,-0.04800723825867792,-0.09637931304811742,-0.08166614269779582
2026-08-17,FF,81,49.0,consumer_cyclical,False,5.76,-0.03169012015032413,-0.02488632992704698,-0.07218308961991438,-0.07003655815692356,-0.015748539317150922,-0.0010353689668293198
2026-08-17,ANET,80,36.0,technology,True,199.8,-0.040051051548549155,-0.033247261325272004,-0.0015816201969068855,0.0005649112660839339,-0.016122467663823303,-0.0014092973135017006
2026-08-18,SNOW,99,49.0,technology,True,324.14,-0.025003859865981748,-0.019227336350381763,-0.01645396341363259,-0.005316413630404471,0.01805319153429319,0.039225042894195705
2026-08-18,FTNT,88,56.0,technology,True,156.45,-0.02728364578900122,-0.021507122273401236,0.024561656345065686,0.0356992061282938,0.08735837782565792,0.10853022918556043
2026-08-18,DDOG,92,50.0,technology,True,248.97,-0.09596204418033649,-0.09018552066473651,-0.0925160422663378,-0.08137849248310969,-0.06433961785598741,-0.04316776649608489
2026-08-18,NET,87,49.0,technology,True,302.5,-0.07504171633865953,-0.06926519282305954,-0.0486171144323736,-0.03747956464914548,0.08180602230477985,0.10297787366468236
2026-08-18,PANW,95,36.0,technology,True,370.67,-0.09422804175490296,-0.08845151823930297,-0.03509570187337552,-0.0239581520901474,0.00103923711749343,0.022211088477395946
2026-08-18,MDB,91,42.0,technology,True,439.23,-0.07408760942525039,-0.0683110859096504,-0.007111533469894349,0.004026016313333769,-0.139440249622787,-0.11826839826288449
2026-08-18,CRWD,93,36.0,technology,True,211.24,-0.1312212923388838,-0.12544476882328381,0.00792015372918553,0.01905770351241365,0.1311275428215759,0.15229939418147842
2026-08-18,ANET,79,49.0,technology,True,194.18,-0.02102128274128723,-0.015244759225687243,-0.02963494143899681,-0.01849739165576869,0.012817883952304987,0.0339897353122075
2026-08-18,FF,81,49.0,consumer_cyclical,False,5.62,-0.04270456799107558,-0.0369280444754756,-0.028469743820431104,-0.017332194037202986,-0.03554682014946675,-0.014374968789564235
2026-08-18,ABNB,80,42.0,technology,True,184.76,0.029729729729729648,0.03550625324532963,-0.013270280167863135,-0.0021327303846350176,-0.0945405702333193,-0.07336871887341678
2026-08-18,DD,71,55.0,utilities,True,139.81,-0.031123202666757277,-0.025346679151157292,-0.05497317624571052,-0.0438356264624824,-0.08744931450337845,-0.06627746314347593
2026-08-19,SNOW,97,44.0,technology,True,318.45,-0.022775179956971647,-0.02293177840231453,-0.05230541899777863,-0.0512609058289365,0.0485560652220558,0.05294277770094635
2026-08-19,MDB,92,49.0,technology,True,426.65,-0.06409021758754019,-0.06424681603288307,-0.1348636101593318,-0.13381909699048966,-0.09333517410287628,-0.08894846162398573
2026-08-19,CRWD,89,44.0,technology,True,198.96,-0.041082752545194,-0.04123935099053688,0.031097115305040335,0.032141628473882466,0.24540635318157955,0.2497930656604701
2026-08-19,PANW,93,38.0,technology,True,353.86,-0.04182197493166895,-0.04197857337701183,-0.0724047907048413,-0.07136027753599916,0.05913250516813284,0.0635192176470234
2026-08-19,ABNB,83,49.0,technology,True,187.92,0.025184030814020764,0.025027432368677882,-0.0010357178771709386,8.795291671193084e-06,-0.09550288669344575,-0.0911161742145552
2026-08-19,NET,81,51.0,technology,True,287.98,-0.019716401366118963,-0.019872999811461844,-0.061523656951417593,-0.06047914378257546,0.1490606567065378,0.15344736918542834
2026-08-19,FF,84,49.0,consumer_cyclical,False,5.66,-0.06514085537444347,-0.06529745381978636,-0.05281688302002063,-0.0517723698511785,-0.03338747496544414,-0.02900076248655359
2026-08-19,ANET,79,44.0,technology,True,186.04,0.09141440108243448,0.0912578026370916,0.004263172820301087,0.005307685989143218,0.07673628734578575,0.0811229998246763
2026-08-20,SNOW,97,42.0,technology,True,321.52,0.023161044595644054,0.01656877409707147,0.10821985065684525,0.09892539632933794,0.03348252468772994,0.036704969885284044
2026-08-20,MDB,92,48.0,technology,True,430.84,0.034346693146996676,0.027754422648424093,-0.09742927294442494,-0.10672372727193224,-0.09951875439279012,-0.09629630919523602
2026-08-20,MRVL,99,37.0,technology,True,242.81,-0.04334562568985423,-0.04993789618842681,-0.17259002996923156,-0.18188448429673887,-0.03225167165629894,-0.02902922645874484
2026-08-20,CRWD,89,44.0,technology,True,196.98,0.19388291504720834,0.18729064454863575,0.125851044684421,0.11655659035691368,0.24463177363482025,0.24785421883237435
2026-08-20,PANW,93,38.0,technology,True,359.2,0.08640752762321502,0.07981525712464244,-0.05805900059433067,-0.06735345492183797,0.0317252919109452,0.0349477371084993
2026-08-20,NET,80,51.0,technology,True,287.88,0.09745078353011238,0.0908585130315398,0.012995886222430864,0.003701431894923557,0.15217554290780844,0.15539798810536254
2026-08-20,ABNB,81,49.0,technology,True,185.75,-0.014641474308541791,-0.021233744807114374,-0.010099387601862908,-0.019393841929370215,-0.11178795680867404,-0.10856551161111994
2026-08-20,FF,83,49.0,consumer_cyclical,False,5.66,-0.058076256244558144,-0.06466852674313073,-0.03811250860509019,-0.047406962932597496,0.010981843782276401,0.014204288979830504
2026-08-20,ANET,75,44.0,technology,True,185.78,0.09424819972116194,0.08765592922258936,0.041736942866767546,0.03244248853926024,0.08499752274059369,0.08821996793814779
2026-08-21,MRVL,99,49.0,technology,True,237.48,-0.054969051725044626,-0.06094460687990855,-0.024736053305775774,-0.03181000597833028,0.12285142444875774,0.10893794908756327
2026-08-21,SNOW,97,44.0,technology,True,320.08,-0.012494336813920648,-0.01846989196878457,0.01514375695236203,0.008069804279807524,0.02179744357969038,0.007883968218495907
2026-08-21,PANW,93,39.0,technology,True,350.34,0.0436162413238832,0.03764068616901928,-0.064034117702921,-0.07110807037547551,0.04409372666034361,0.03018025129914914
2026-08-21,MDB,91,42.0,technology,True,425.12,0.05459266851756195,0.04861711336269803,-0.1293034469082054,-0.1363773995807599,-0.038252685258633456,-0.05216616061982793
2026-08-21,FF,84,55.0,consumer_cyclical,False,5.57,-0.029090890455157115,-0.035066445610021035,-0.041828442694782475,-0.04890239536733698,-0.012682568874916145,-0.026596044236110616
2026-08-21,ABNB,83,42.0,technology,True,187.45,0.002275093522652094,-0.0037004616322118267,-0.037354484437003954,-0.04442843710955846,-0.11724869662491733,-0.1311621719861118
2026-08-21,NET,81,44.0,technology,True,281.67,0.038586711672428775,0.032611156517564854,-0.033875990182790416,-0.04094994285534492,0.21811568603449305,0.20420221067329858
2026-08-21,ANET,75,50.0,technology,True,185.36,0.05043013377856176,0.04445457862369784,0.041827950426327254,0.03475399775377275,0.10440859230615751,0.09049511694496304
2026-08-21,MMSI,71,42.0,technology,True,90.31,-0.005604419079455747,-0.011579974234319668,-0.015384632152515398,-0.022458584825069905,-0.06054947402451061,-0.07446294938570508
2026-08-21,HOOD,77,34.0,financials,False,106.6,-0.02428525702287332,-0.03026081217773724,0.14276352790389102,0.1356895752313365,0.1539001373655109,0.13998666200431642
2026-08-24,SNOW,97,42.0,technology,True,328.84,0.02883832372542172,0.027676646001195016,0.04147260428401833,0.0417335801503429,0.04485621478977975,0.03292592626486157
2026-08-24,PANW,93,44.0,technology,True,351.39,0.08016512635288753,0.07900344862866082,-0.04746015362737532,-0.04719917776105076,0.058795316042885126,0.04686502751796695
2026-08-24,MDB,92,38.0,technology,True,410.26,0.11472549148639022,0.11356381376216351,-0.12468341698135821,-0.12442244111503364,0.05158469530406262,0.03965440677914445
2026-08-24,ABNB,85,42.0,technology,True,193.02,-0.03634357273786637,-0.037505250462093076,-0.08199658757852901,-0.08173561171220445,-0.14895075262672985,-0.16088104115164803
2026-08-24,NET,81,44.0,technology,True,285.28,0.06823748535664809,0.06707580763242138,-0.004621550825519627,-0.004360574959195063,0.2359078707188096,0.2239775821938914
2026-08-24,ANET,76,50.0,technology,True,188.77,0.01741710599614721,0.016255428271920502,0.013621765757829696,0.01388274162415426,0.0668088091305854,0.054878520605667225
2026-08-24,FF,84,45.0,consumer_cyclical,False,5.5,-0.03656306027914802,-0.037724738003374725,-0.021920504208146063,-0.0216595283418215,-0.03107858659504481,-0.043008875119962986
2026-08-24,MMSI,73,37.0,technology,True,90.99,0.0057688515196578916,0.004607173795431185,-0.030619060959827582,-0.030358085093503018,-0.03195026928021816,-0.04388055780513633
2026-08-24,HOOD,74,41.0,financials,False,107.06,0.01560078156939304,0.014439103845166334,0.13701550201343582,0.13727647787976038,0.20397290382009414,0.19204261529517597
2026-08-25,MRVL,99,42.0,technology,True,243.89,-0.1233750025431315,-0.11951753461437342,-0.020791689554850223,-0.01774497190171087,0.08708330790201813,0.08056248420926382
2026-08-25,TEAM,95,43.0,technology,True,168.55,0.15464874498387782,0.1585062129126359,0.09729602531990666,0.10034274297304602,0.20434625865277822,0.19782543496002392
2026-08-25,PANW,93,44.0,technology,True,347.07,0.09571508110116311,0.09957254902992119,0.014041078401069385,0.017087796054208737,0.19015916589840165,0.18363834220564734
2026-08-25,SNOW,97,38.0,technology,True,316.72,0.0334797869371275,0.03733725486588557,0.07122546655581563,0.07427218420895498,0.08198679846504797,0.07546597477229366
2026-08-25,MDB,92,33.0,technology,True,410.73,0.10987279616832302,0.11373026409708109,-0.08395424808815144,-0.08090753043501209,0.09491974865794028,0.08839892496518598
2026-08-25,ABNB,85,42.0,technology,True,189.69,-0.040751470091691444,-0.03689400216293337,-0.10861796025995585,-0.1055712426068165,-0.21397793256802045,-0.22049875626077475
2026-08-25,NET,81,44.0,technology,True,280.48,0.04269228737389019,0.046549755302648266,0.14739604218830493,0.15044275984144428,0.2867211202543227,0.2802002965615684
2026-08-25,FF,82,50.0,consumer_cyclical,False,5.45,0.01865665639938041,0.022514124328138485,0.0037595031967656567,0.006806220849905009,-0.029886035372900133,-0.03640685906565444
2026-08-25,ANET,77,44.0,technology,True,191.3,-0.008616873748616194,-0.00475940581985812,0.010607338254277288,0.01365405590741664,0.06581809026348506,0.059297266570730756
2026-08-25,MMSI,73,37.0,technology,True,90.74,-0.004282413428739695,-0.00042494549998162157,-0.04260455985966671,-0.03955784220652736,-0.04392225775122438,-0.05044308144397869
2026-08-25,HOOD,74,34.0,financials,False,110.35,-0.059897379952151164,-0.05603991202339309,0.04700054733741044,0.05004726499054979,0.11439074708057273,0.10786992338781842
2026-08-26,FTNT,93,66.0,technology,True,156.63,-0.03557171749644261,-0.03122554842751002,-0.008674484161246054,0.005209726771446488,0.1150149278830841,0.1142536581387048
2026-08-26,MRVL,99,42.0,technology,True,240.5,-0.18529042874644086,-0.18094425967750827,-0.1044823053679581,-0.09059809443526556,0.021740884282460016,0.020979614538080726
2026-08-26,TEAM,96,36.0,technology,True,167.62,0.10319528071838024,0.10754144978731284,0.06254442203679744,0.07642863296948998,0.13970414562338207,0.13894287587900278
2026-08-26,SNOW,89,44.0,technology,True,314.75,-0.051658926084060086,-0.04731275701512749,0.02238760068435086,0.036271811617043404,0.0356589147286821,0.03489764498430281
2026-08-26,MDB,92,38.0,technology,True,403.68,-0.1061904907226563,-0.1018443216537237,-0.10983334495907737,-0.09594913402638483,0.0033333188011532844,0.002572049056773995
2026-08-26,ABNB,84,42.0,technology,True,189.17,-0.02448635200984961,-0.020140182940917017,-0.10758014823914341,-0.09369593730645087,-0.19413393538918966,-0.19489520513356895
2026-08-26,FF,82,50.0,consumer_cyclical,False,5.34,0.011278166393968725,0.015624335462901318,0.007540042038762129,0.02142425297145467,-0.03200826656579181,-0.0327695363101711
2026-08-26,ANET,80,42.0,technology,True,195.99,-0.09616312957698836,-0.09181696050805577,-0.08212719234863974,-0.0682429814159472,-0.0009713305204989142,-0.0017326002648782035
2026-08-26,MMSI,76,44.0,technology,True,89.61,0.006139712113430784,0.010485881182363377,-0.034717576990196286,-0.020833366057503744,-0.02545209569873519,-0.026213365443114478
2026-08-26,NET,78,39.0,technology,True,283.58,-0.0604568458918594,-0.05611067682292681,0.07192808663127437,0.08581229756396691,0.23607425940287574,0.23531298965849645
2026-08-26,HOOD,70,47.0,financials,False,110.38,-0.033513994460246166,-0.029167825391313573,0.023757949009177937,0.03764215994187048,0.09141827484705023,0.09065700510267094
2026-08-27,FTNT,93,48.0,technology,True,172.78,-0.09398540415233925,-0.09581236453297659,-0.09566574534515426,-0.08598650148574505,0.00509911272149588,0.0031485516214329046
2026-08-27,CRWD,95,43.0,technology,True,227.96,-0.058099262827247866,-0.05992622320788521,-0.09415935957878974,-0.08448011571938052,0.10471896596714325,0.10276840486708028
2026-08-27,MRVL,99,36.0,technology,True,241.45,-0.07293790764645802,-0.07476486802709537,0.04812222259177368,0.05780146645118289,0.16283409761628653,0.16088353651622356
2026-08-27,TEAM,92,43.0,technology,True,185.62,0.052324284733952675,0.05049732435331533,-0.02864866514463682,-0.018969421285227606,0.014810840503589606,0.012860279403526631
2026-08-27,PANW,96,36.0,technology,True,382.85,-0.12012937006595015,-0.12195633044658749,-0.12354878508882339,-0.11386954122941417,-0.006679795011444667,-0.008630356111507642
2026-08-27,SNOW,86,42.0,technology,True,329.11,0.07900235036253078,0.07717538998189344,-0.004177149569297267,0.005502094290111947,0.01685990679099958,0.014909345690936604
2026-08-27,ABNB,85,42.0,technology,True,184.4,0.0031407474782345624,0.0013137870975972188,-0.0784101146429429,-0.06873087078353368,-0.1472897450475863,-0.14924030614764927
2026-08-27,ANET,81,42.0,technology,True,201.09,-0.042799987792968786,-0.04462694817360613,-0.002050018310546853,0.007629225548862362,0.032750015258788956,0.03079945415872598
2026-08-27,NET,84,36.0,technology,True,308.23,-0.07086634105679268,-0.07269330143743002,0.0010450584015828657,0.01072430226099208,0.13980601140793958,0.1378554503078766
2026-08-27,FF,78,50.0,consumer_cyclical,False,5.19,0.013384420040531753,0.011557459659894409,0.04786618247950569,0.05754542633891491,-0.01918191221935539,-0.021132473319418366
2026-08-27,MMSI,76,44.0,technology,True,89.54,-0.015451305066635501,-0.017278265447272845,-0.04001776912803978,-0.030338525268630567,-0.027345476984306227,-0.029296038084369203
2026-08-27,MDB,80,36.0,technology,True,440.58,-0.12814227321584915,-0.1299692335964865,-0.17857830734448998,-0.16889906348508077,-0.06920203889305254,-0.07115259999311552
2026-08-28,CRWD,93,55.0,technology,True,218.4,-0.03937611443634037,-0.04310333984839987,0.06105888502267032,0.06946470353312661,0.16866135710669128,0.16842529830444253
2026-08-28,FTNT,91,56.0,technology,True,166.0,-0.06188482856943456,-0.06561205398149406,0.021488514052281804,0.029894332562738102,0.05840333355986438,0.05816727475761563
2026-08-28,PANW,95,44.0,technology,True,371.59,-0.0992972709037162,-0.1030244963157757,0.010648655247043948,0.019054473757500245,0.05970269280510987,0.05946663400286112
2026-08-28,TEAM,92,43.0,technology,True,190.41,0.006209851633162566,0.002482626221103068,0.023141025028430517,0.031546843538886815,-0.05238580852467489,-0.052621867326923644
2026-08-28,ABNB,86,42.0,technology,True,189.43,-0.03336520422148481,-0.03709242963354431,-0.09334824784968787,-0.08494242933923157,-0.17075761970674785,-0.1709936785089966
2026-08-28,SNOW,84,44.0,technology,True,328.0,0.03271054418309727,0.02898331877103777,0.017917323441089206,0.026323141951545503,0.004961700205780906,0.004725641403532155
2026-08-28,FF,85,50.0,consumer_cyclical,False,5.34,-0.024084534313720818,-0.027811759725780316,0.0167331821032628,0.025139000613719098,-0.05748093621590056,-0.05771699501814931
2026-08-28,ANET,78,44.0,technology,True,195.38,-0.008797960208200117,-0.012525185620259616,-0.03933505085118283,-0.03092923234072653,0.04818413385649767,0.04794807505424892
2026-08-28,NET,81,38.0,technology,True,299.84,-0.06773395824063866,-0.07146118365269816,0.10419970268349865,0.11260552119395495,0.18318095199625772,0.18294489319400897
2026-08-28,MMSI,80,37.0,technology,True,90.49,-0.005880381620413044,-0.009607607032472543,-0.03450572179212641,-0.02609990328167011,-0.034727586250972275,-0.034963645053221026
2026-08-28,MDB,77,36.0,technology,True,446.62,-0.16896171522946923,-0.17268894064152873,-0.1384237093889613,-0.13001789087850502,-0.24572356016088326,-0.245959618963132
2026-08-31,CRWD,95,42.0,technology,True,231.92,-0.07885963038394328,-0.08404327646789955,0.06355265567177226,0.06961557490620829,0.15236837822094307,0.1470040650659803
2026-08-31,FTNT,91,48.0,technology,True,172.3,-0.05943135262850463,-0.0646149987124609,0.029566342147770763,0.03562926138220679,0.05100948893992974,0.04564517578496696
2026-08-31,TEAM,93,43.0,technology,True,194.8,-0.07429952527055772,-0.07948317135451399,-0.004040320416952903,0.0020225988174831233,-0.0767131649528886,-0.08207747810785138
2026-08-31,PANW,92,42.0,technology,True,381.85,-0.10047510709908836,-0.10565875318304463,0.0012546079409245792,0.007317527175360605,0.03681065806593731,0.03144634491097453
2026-08-31,ABNB,85,44.0,technology,True,182.51,-0.04377365664054511,-0.048957302724501384,-0.07785017010962625,-0.07178725087519022,-0.14008651858014431,-0.1454508317351071
2026-08-31,SNOW,86,42.0,technology,True,332.17,0.029535864978903037,0.024352218894946764,-0.008883740740074808,-0.002820821505638782,0.013609505358170404,0.00824519220320763
2026-08-31,FF,81,56.0,consumer_cyclical,False,5.24,0.013275499032372906,0.008091852948416633,0.05881592616692255,0.06487884540135858,-0.039855089772053987,-0.04521940292701676
2026-08-31,ANET,77,44.0,technology,True,196.02,-0.004137495739472086,-0.009321141823428358,-0.014966582574583276,-0.00890366334014725,0.036215948220664096,0.03085163506570132
2026-08-31,MDB,82,36.0,technology,True,452.59,-0.19673278269162575,-0.20191642877558202,-0.14783724509294227,-0.14177432585850624,-0.23917507032215635,-0.24453938347711912
2026-08-31,NET,80,36.0,technology,True,307.5,-0.05742327300777739,-0.06260691909173366,0.08490821657626002,0.09097113581069605,0.16789342705467014,0.16252911389970737
2026-08-31,MMSI,78,37.0,technology,True,90.57,-0.03893533861438714,-0.04411898469834341,-0.05213372150494089,-0.04607080227050486,-0.03354592481068741,-0.038910237965650185
2026-08-31,HOOD,73,42.0,financials,False,105.2,0.11391684466656482,0.10873319858260855,0.0485095954812893,0.05457251471572533,0.10328465218390148,0.09792033902893871
2026-09-01,FTNT,91,66.0,technology,True,162.16,-0.03064308000425997,-0.030577517234750662,0.05906653731333167,0.07008367572343122,0.1021640780319728,0.09944423881047149
2026-09-01,CRWD,93,57.0,technology,True,214.99,-0.029969181833450875,-0.029903619063941567,0.12669218203246624,0.13770932044256579,0.23587899585173489,0.23315915663023357
2026-09-01,PANW,92,50.0,technology,True,359.26,-0.03150287253319184,-0.03143730976368253,0.08569362397827862,0.09671076238837817,0.14829479063177375,0.14557495141027244
2026-09-01,TEAM,95,43.0,technology,True,186.9,-0.052381824009580025,-0.052316261240070716,0.01447496229334555,0.025492100703445097,-0.04411808731673428,-0.0468379265382356
2026-09-01,ABNB,86,44.0,technology,True,183.06,-0.07447617845590182,-0.07441061568639251,-0.08604323645511891,-0.07502609804501936,-0.12347231030955663,-0.12619214953105795
2026-09-01,SNOW,85,44.0,technology,True,320.94,0.06743093277907586,0.06749649554858517,0.06594957140856583,0.07696670981866538,0.09345008119774656,0.09073024197624524
2026-09-01,ANET,77,51.0,technology,True,190.55,0.026223365296708767,0.026288928066218076,0.05074464513900434,0.06176178354910389,0.08292551243558832,0.080205673214087
2026-09-01,MMSI,81,44.0,technology,True,90.4,-0.03572213882933262,-0.03565657605982331,-0.04733464793153286,-0.03631750952143331,-0.046339249025231344,-0.04905908824673266
2026-09-01,FF,84,44.0,consumer_cyclical,False,5.48,-0.01642572464636405,-0.01636016187685474,-0.009099293672023667,0.00191784473807588,-0.06404752597957664,-0.06676736520107796
2026-09-01,MDB,78,36.0,technology,True,436.97,-0.05502965093523404,-0.054964088165724734,-0.007673048548739292,0.0033440898613602554,-0.08079107356212922,-0.08351091278363054
2026-09-01,NET,76,38.0,technology,True,286.62,0.10595609520651195,0.10602165797602126,0.14281191650893854,0.1538290549190381,0.22247259643175932,0.219752757210258
2026-09-01,HOOD,70,48.0,financials,False,104.27,0.11145388953472457,0.11151945230423388,0.006748909949901405,0.017766048360000952,0.08465097065139959,0.08193113142989827
2026-09-02,CRWD,93,57.0,technology,True,203.28,0.00242377141497907,0.015537511087223121,0.17923736884878116,0.18613937007536374,0.2770991902965949,0.2797205118685395
2026-09-02,TEAM,95,36.0,technology,True,187.31,-0.05791927627502069,-0.04480553660277664,0.010072914132507771,0.016974915359090348,-0.003672404102621707,-0.0010510825306770943
2026-09-02,SNOW,85,44.0,technology,True,306.38,-0.12597912367723052,-0.11286538400498647,-0.10299667582516259,-0.09609467459858001,-0.09345387040021802,-0.09083254882827341
2026-09-02,ANET,76,57.0,technology,True,185.06,0.020188963525851866,0.03330270319809592,0.07708501365342446,0.08398701488000704,0.10385967877551461,0.10648100034745922
2026-09-02,ABNB,88,39.0,technology,True,183.16,-0.09011972834544724,-0.07700598867320319,-0.09945462387133575,-0.09255262264475317,-0.12908742249491023,-0.12646610092296562
2026-09-02,FF,86,50.0,consumer_cyclical,False,5.45,-0.012870489162419396,0.00024325050982465513,0.011115856943077596,0.018017858169660173,-0.0737588385215151,-0.07113751694957049
2026-09-02,MMSI,81,44.0,technology,True,90.41,-0.04779205433950495,-0.0346783146672609,-0.05770287418396314,-0.05080087295738056,-0.05131589206032139,-0.048694570488376776
2026-09-02,HOOD,73,48.0,financials,False,105.46,-0.00413006334006305,0.008983676332181001,-0.03506155875364392,-0.02815955752706134,-0.023286480270775067,-0.020665158698830455
2026-09-02,WDAY,70,36.0,technology,True,199.06,-0.09707794829995775,-0.0839642086277137,-0.027855049323649128,-0.02095304809706655,-0.08897997465428786,-0.08635865308234325
2026-09-03,CRWD,92,50.0,technology,True,213.21,-0.02710585650275732,-0.017105909892280113,0.11835291245404411,0.1292706479188377,0.2707765107996323,0.2713708652936774
2026-09-03,SNOW,93,37.0,technology,True,369.38,-0.06967738683996239,-0.05967744022948518,-0.05994969859544752,-0.049031963130653944,-0.03560217222535389,-0.03500781773130879
2026-09-03,TEAM,96,31.0,technology,True,194.38,-0.05276479580079685,-0.04276484919031964,0.01217646659028282,0.023094202055076396,-0.009593628484573347,-0.008999273990528245
2026-09-03,ABNB,85,44.0,technology,True,186.01,-0.07076162646449802,-0.06076167985402081,-0.09243785552813077,-0.0815201200633372,-0.11313132356648603,-0.11253696907244093
2026-09-03,FF,80,56.0,consumer_cyclical,False,5.25,0.03013179833074675,0.04013174494122396,0.047080979791712885,0.05799871525650646,-0.02824860583499622,-0.02765425134095112
2026-09-03,MMSI,76,50.0,technology,True,89.11,-0.015054740992585303,-0.0050547943821080965,-0.026345774983504322,-0.015428039518710746,-0.026345774983504322,-0.02575142048945922
2026-09-03,HOOD,88,37.0,financials,False,122.96,-0.06561526357682357,-0.05561531696634636,-0.0054368025531668085,0.005480932911626768,-0.06420419762041418,-0.06360984312636908
2026-09-03,ANET,77,44.0,technology,True,191.43,0.03511040740854465,0.04511035401902186,0.03407318647375912,0.0449909219385527,0.07535524441125707,0.07594959890530217
2026-09-03,NVDA,70,50.0,technology,True,227.42,-0.05433270266686807,-0.044332756056390865,-0.03709065608407491,-0.026172920619281337,0.013508947408049421,0.014103301902094523
2026-09-03,NET,74,44.0,technology,True,284.4,0.0860230249045062,0.0960229715149834,0.14650135023389055,0.15741908569868412,0.236740504248782,0.23733485874282712
2026-09-03,WDAY,72,36.0,technology,True,207.33,-0.102638471260181,-0.09263852464970379,-0.06315843804978905,-0.05224070258499547,-0.1005122393271799,-0.0999178848331348
2026-09-04,CRWD,93,57.0,technology,True,213.49,0.12165831802122207,0.13230756024871748,0.18822968239760396,0.17997196014186412,,
2026-09-04,TEAM,96,43.0,technology,True,189.95,0.045447176693699465,0.05609641892119488,0.06117467767576845,0.05291695542002861,,
2026-09-04,SNOW,91,49.0,technology,True,342.88,-0.0037171085703632256,0.006932133657132189,0.01738666738876682,0.009128945133026978,,
2026-09-04,MRVL,99,33.0,technology,True,220.88,-0.036035210025468056,-0.02538596779797264,0.13383262062913004,0.1255748983733902,,
2026-09-04,FF,80,63.0,consumer_cyclical,False,5.27,0.049808474967829586,0.060457717195325,0.03831423259404998,0.03005651033831014,,
2026-09-04,NET,73,63.0,technology,True,281.23,0.1878325584335041,0.19848180066099952,0.264454262914668,0.25619654065892816,,
2026-09-04,ABNB,84,44.0,technology,True,182.38,-0.060478437209621205,-0.04982919498212579,-0.08145455785717826,-0.0897122801129181,,
2026-09-04,ANET,78,44.0,technology,True,192.25,-0.04577791601634762,-0.035128673788852205,0.043694698326882664,0.03543697607114282,,
2026-09-04,HOOD,86,37.0,financials,False,123.43,-0.08587189485868352,-0.0752226526311881,-0.014152048032184172,-0.022409770287924013,,
2026-09-04,NVDA,74,34.0,technology,True,230.63,-0.09400684097578638,-0.08335759874829096,-0.02348918104590214,-0.03174690330164198,,
2026-09-04,SHOP,72,44.0,consumer_cyclical,False,146.24,-0.05514979951606469,-0.044500557288569276,-0.02671044503158737,-0.03496816728732721,,
2026-09-07,CRWD,93,50.0,technology,True,213.1,0.12165831802122207,0.13230756024871748,0.18822968239760396,0.17997196014186412,,
2026-09-07,MRVL,99,33.0,technology,True,223.55,-0.036035210025468056,-0.02538596779797264,0.13383262062913004,0.1255748983733902,,
2026-09-07,SNOW,88,49.0,technology,True,337.18,-0.0037171085703632256,0.006932133657132189,0.01738666738876682,0.009128945133026978,,
2026-09-07,TEAM,96,36.0,technology,True,189.58,0.045447176693699465,0.05609641892119488,0.06117467767576845,0.05291695542002861,,
2026-09-07,FF,80,63.0,consumer_cyclical,False,5.26,0.049808474967829586,0.060457717195325,0.03831423259404998,0.03005651033831014,,
2026-09-07,ABNB,84,44.0,technology,True,181.94,-0.060478437209621205,-0.04982919498212579,-0.08145455785717826,-0.0897122801129181,,
2026-09-07,ANET,78,44.0,technology,True,193.78,-0.04577791601634762,-0.035128673788852205,0.043694698326882664,0.03543697607114282,,
2026-09-07,MMSI,72,50.0,technology,True,89.6,-0.01638978814999048,-0.005740545922495066,-0.03368377207884832,-0.04194149433458816,,
2026-09-07,HOOD,85,37.0,financials,False,122.11,-0.08587189485868352,-0.0752226526311881,-0.014152048032184172,-0.022409770287924013,,
2026-09-07,NVDA,74,34.0,technology,True,230.36,-0.09400684097578638,-0.08335759874829096,-0.02348918104590214,-0.03174690330164198,,
2026-09-08,CRWD,93,63.0,technology,True,211.08,0.15208100729468432,0.16083666397404073,0.1880463827179566,0.17336149230552755,,
2026-09-08,TEAM,96,51.0,technology,True,177.19,0.07663071056708781,0.08538636724644422,0.07005099620503619,0.055366105792607145,,
2026-09-08,AMD,97,40.0,technology,True,509.89,-0.006502439000923621,0.002253217678432784,0.22910348676108372,0.21441859634865468,,
2026-09-08,MRVL,99,33.0,technology,True,229.22,-0.009383405160320546,-0.0006277484809641409,0.1722966120375209,0.15761172162509185,,
2026-09-08,ABNB,85,50.0,technology,True,175.48,-0.026911395375301406,-0.018155738695945,-0.06454694696319452,-0.07923183737562356,,
2026-09-08,SNOW,88,42.0,technology,True,340.01,-0.03794826101528492,-0.029192604335928518,0.002591430698272834,-0.012093459714156207,,
2026-09-08,NET,77,56.0,technology,True,288.61,0.10737736374391926,0.11613302042327567,0.1945854483925551,0.17990055798012605,,
2026-09-08,VRT,92,30.0,technology,True,292.78,-0.18712977534218822,-0.17837411866283182,-0.12181879688302955,-0.1365036872954586,,
2026-09-08,ANET,84,42.0,technology,True,198.54,-0.010341019906238147,-0.001585363226881742,0.053039475201951625,0.03835458478952258,,
2026-09-08,FF,80,56.0,consumer_cyclical,False,5.42,0.03333330095550213,0.04208895763485854,-0.020370394735505948,-0.03505528514793499,,
2026-09-08,NVDA,73,48.0,technology,True,225.98,-0.05714039896456902,-0.04838474228521261,0.017072508589752733,0.0023876181773236915,,
2026-09-08,HOOD,82,37.0,financials,False,120.37,-0.08545168486942001,-0.0766960281900636,0.02881513168555161,0.014130241273122568,,
2026-09-09,CRWD,93,63.0,technology,True,208.2,0.17315964660515593,0.17841010534699986,0.27586453182807547,0.26044745195234187,,
2026-09-09,TEAM,96,38.0,technology,True,178.13,0.09067976302085179,0.09593022176269572,0.11819324959104516,0.10277616971531156,,
2026-09-09,SNOW,88,49.0,technology,True,334.74,0.004003569177339905,0.009254027919183838,0.01549889342543831,8.181354970471233e-05,,
2026-09-09,AMD,97,34.0,technology,True,522.41,0.006737762245727419,0.011988220987571352,0.20731918303748542,0.19190210316175182,,
2026-09-09,MRVL,99,31.0,technology,True,236.55,0.007367486486707042,0.012617945228550975,0.14414767922268568,0.12873059934695208,,
2026-09-09,ABNB,84,50.0,technology,True,171.1,-0.001668745399014293,0.00358171334282964,-0.10852847120641196,-0.12394555108214556,,
2026-09-09,NET,85,48.0,technology,True,312.52,0.0360618719414858,0.041312330683329734,0.12439757366997761,0.10898049379424402,,
2026-09-09,ANET,78,44.0,technology,True,194.84,0.043253165664752125,0.04850362440659606,0.074570872257951,0.05915379238221741,,
2026-09-09,NVDA,73,48.0,technology,True,224.26,-0.030063959187011657,-0.024813500445167724,0.022581942389266363,0.007164862513532766,,
2026-09-09,PLTR,74,44.0,technology,True,170.85,0.0417686882547903,0.04701914699663423,0.14604114903646703,0.13062406916073344,,
2026-09-09,HOOD,77,36.0,financials,False,116.48,-0.07338720466139814,-0.06813674591955421,0.08882770689476804,0.07341062701903445,,
2026-09-10,AMD,97,55.0,technology,True,506.33,0.06731811786653608,0.0700903350694575,0.23212786178861067,0.2264197747811223,,
2026-09-10,CRWD,93,56.0,technology,True,211.41,0.1810512299521878,0.18382344715510923,0.2482034698809179,0.24249538287342953,,
2026-09-10,MRVL,99,44.0,technology,True,230.09,0.026126196549691505,0.028898413752612928,0.10365258840771685,0.09794450140022848,,
2026-09-10,SNOW,88,57.0,technology,True,331.4,0.02585954549104752,0.028631762693968943,0.012550824083815693,0.006842737076327321,,
2026-09-10,TEAM,96,36.0,technology,True,181.77,0.07793515548612873,0.08070737268905015,0.07838306898918757,0.0726749819816992,,
2026-09-10,NET,86,48.0,technology,True,313.91,0.06754900753724957,0.070321224740171,0.14708612296512902,0.14137803595764065,,
2026-09-10,ABNB,84,50.0,technology,True,169.53,-0.024113427824213107,-0.021341210621291684,-0.1096277099539571,-0.11533579696144547,,
2026-09-10,ANET,78,50.0,technology,True,189.55,0.037975358757769584,0.04074757596069101,0.07007231712055528,0.06436423011306691,,
2026-09-10,WDAY,73,45.0,technology,True,184.97,0.07474922202147272,0.07752143922439414,0.030039949192231408,0.024331862184743036,,
2026-09-10,PLTR,70,44.0,technology,True,166.13,0.04842355201721915,0.051195769220140575,0.1456870276333846,0.13997894062589622,,
2026-09-10,HOOD,76,42.0,financials,False,114.72,-0.031230709864857764,-0.02845849266193634,0.06590208488100324,0.06019399787351487,,
2026-09-11,CRWD,93,56.0,technology,True,205.66,0.0851597894816638,0.07912361055669326,0.15127856110873283,0.13248354008304863,,
2026-09-11,SNOW,89,57.0,technology,True,326.5,0.010425509652830511,0.004389330727859964,0.02109423234469987,0.0022992113190156704,,
2026-09-11,TEAM,96,44.0,technology,True,178.76,0.030758554902769797,0.02472237597779925,0.007783629069136877,-0.011011391956547323,,
2026-09-11,MRVL,99,36.0,technology,True,238.62,0.13178259933803393,0.1257464204130634,0.2137528631883141,0.1949578421626299,,
2026-09-11,AMD,97,34.0,technology,True,515.92,0.15122976213195805,0.1451935832069875,0.29684545213843005,0.27805043111274585,,
2026-09-11,NET,86,48.0,technology,True,306.49,0.03379981298696433,0.02776363406199378,0.11500862968347891,0.09621360865779471,,
2026-09-11,ABNB,84,45.0,technology,True,169.34,-0.024931072737528925,-0.030967251662499473,-0.0762597519030298,-0.095054772928714,,
2026-09-11,ANET,78,42.0,technology,True,198.13,0.05041614000722183,0.044379961082251285,0.08813610305558406,0.06934108202989986,,
2026-09-11,PLTR,76,44.0,technology,True,166.98,0.04681924465962628,0.04078306573465573,0.11771112868725964,0.09891610766157544,,
2026-09-11,WDAY,74,38.0,technology,True,185.31,0.011161526299147795,0.005125347374177247,-0.011891716633306015,-0.030686737658990215,,
2026-09-11,HOOD,73,36.0,financials,False,113.29,0.06734364345922161,0.061307464534251066,0.06360234503633677,0.04480732401065257,,
2026-09-14,SNOW,88,57.0,technology,True,331.31,0.044630488307529026,0.024501078725033043,0.009941765899592614,0.00021809126849636762,,
2026-09-14,ABNB,82,50.0,technology,True,169.88,-0.012050354771928173,-0.032179764354424156,-0.07576608834312548,-0.08548976297422173,,
2026-09-14,AMD,97,48.0,technology,True,497.12,0.22686865568033876,0.20673924609784278,0.2116204511199895,0.20189677648889326,,
2026-09-14,PANW,92,48.0,technology,True,375.54,0.009038398491010291,-0.011091011091485692,0.06421845162570738,0.05449477699461114,,
2026-09-14,FTNT,91,48.0,technology,True,169.51,0.038892497953447736,0.018763088370951753,0.04541414445523895,0.0356904698241427,,
2026-09-14,MMSI,74,45.0,technology,True,86.81,-0.015205618384371733,-0.035335027966867716,0.002188716124292167,-0.007534958506804079,,
2026-09-14,WDAY,81,44.0,technology,True,193.51,0.0021932019266073244,-0.01793620765588866,-0.015143571261015065,-0.02486724589211131,,
2026-09-14,TEAM,96,42.0,technology,True,190.13,0.04551383740965176,0.025384427827155776,-0.046016071659043645,-0.05573974629013989,,
2026-09-14,ANET,77,44.0,technology,True,190.49,0.07053706151904016,0.05040765193654417,0.06793133405564444,0.0582076594245482,,
2026-09-14,PLTR,72,44.0,technology,True,172.58,0.0738416207500916,0.053712211167595614,0.09958941775682728,0.08986574312573103,,
2026-09-14,MRVL,99,38.0,technology,True,222.69,0.16135732584379814,0.14122791626130216,0.13663026552854807,0.12690659089745182,,
2026-09-14,CRWD,95,37.0,technology,True,236.55,0.07017170001508855,0.05004229043259256,0.11266094420600847,0.10293726957491223,,
2026-09-14,MDB,73,39.0,technology,True,381.87,0.0927187810915131,0.07258937150901712,-0.10210870460843768,-0.11183237923953393,,
2026-09-14,NET,86,37.0,technology,True,332.73,0.09173605724101841,0.07160664765852243,0.09893827021074286,0.08921459557964662,,
2026-09-15,SNOW,86,57.0,technology,True,321.74,0.05799327604181248,0.03718953600537089,0.03825354356510213,0.02956670698851216,,
2026-09-15,ABNB,81,50.0,technology,True,168.02,-0.033883649467575494,-0.05468738950401708,-0.06284141181675384,-0.07152824839334382,,
2026-09-15,AMD,96,48.0,technology,True,503.71,0.20560892531932007,0.18480518528287848,0.1742978993072719,0.16561106273068193,,
2026-09-15,FTNT,91,48.0,technology,True,173.18,0.02960114922798196,0.008797409191540373,0.03964553449847674,0.03095869792188677,,
2026-09-15,CRWD,95,44.0,technology,True,242.68,0.05546175709607448,0.034658017059632895,0.10898190218209325,0.10029506560550328,,
2026-09-15,WDAY,82,44.0,technology,True,193.12,0.0072238378074374054,-0.013579902229004182,0.012253816493470238,0.003566979916880264,,
2026-09-15,TEAM,97,42.0,technology,True,191.34,0.01698109917242241,-0.003822640864019178,-0.05142853523521729,-0.06011537181180726,,
2026-09-15,PANW,93,42.0,technology,True,377.24,0.019210354469246127,-0.00159338556719546,0.05686918271916763,0.04818234614257766,,
2026-09-15,NET,88,40.0,technology,True,330.88,0.08943896046211308,0.0686352204256715,0.08715518088225593,0.07846834430566596,,
2026-09-15,MRVL,99,38.0,technology,True,222.45,0.15714722487288335,0.13634348483644176,0.16116082554000855,0.15247398896341857,,
2026-09-16,FTNT,91,63.0,technology,True,171.69,0.05091723641155421,0.042312665844430386,0.051034763536769834,0.04923469448031903,,
2026-09-16,SNOW,88,55.0,technology,True,332.64,0.0024251423909993353,-0.006179428176124491,0.01664669927722673,0.014846630220775925,,
2026-09-16,CRWD,95,44.0,technology,True,241.65,0.1120572686857304,0.10345269811860658,0.12163195869550925,0.11983188963905844,,
2026-09-16,MMSI,76,45.0,technology,True,86.61,0.007754608299915811,-0.0008499622672080154,-0.001967571365081411,-0.0037676404215322146,,
2026-09-16,WDAY,82,44.0,technology,True,189.18,0.02482422561158293,0.016219655044459103,0.014596236284606823,0.012796167228156019,,
2026-09-16,TEAM,97,42.0,technology,True,189.52,0.03424879059006258,0.025644220022938757,-0.04946454285113333,-0.051264611907584134,,
2026-09-16,PANW,92,42.0,technology,True,378.85,0.07614848408709585,0.06754391351997202,0.08712068358973957,0.08532061453328876,,
2026-09-16,MDB,74,44.0,technology,True,380.93,0.13949768581264688,0.13089311524552305,-0.07264850792899291,-0.07444857698544372,,
2026-09-16,PLTR,72,44.0,technology,True,172.57,0.09002555619566244,0.08142098562853861,0.06308613978993605,0.06128607073348524,,
2026-09-16,ANET,81,42.0,technology,True,198.87,0.0017724415797830684,-0.006832128987340758,0.002363230397797622,0.0005631613413468184,,
2026-09-16,NET,86,40.0,technology,True,326.87,0.09900493027524848,0.09040035970812466,0.08325276130349346,0.08145269224704266,,
2026-09-16,MRVL,99,38.0,technology,True,230.44,0.08676630123201678,0.07816173066489296,0.10055393591194384,0.09875386685549303,,
2026-09-16,ABNB,78,39.0,technology,True,168.65,-0.11653178200957115,-0.12513635257669498,-0.05114880271091127,-0.05294887176736207,,
2026-09-16,AMD,96,34.0,technology,True,523.8,0.15181786632705374,0.14321329575992992,0.14647683237590337,0.14467676331945256,,
2026-09-17,FTNT,92,56.0,technology,True,173.23,0.03600829881319245,0.028297911275905863,0.036298238798181615,0.03277800041384982,,
2026-09-17,PANW,91,55.0,technology,True,374.74,0.039564965838585264,0.031854578301298675,0.056441330344495944,0.052921091960164146,,
2026-09-17,MMSI,70,50.0,technology,True,85.76,0.026696510702686638,0.01898612316540005,0.013171854200411115,0.009651615816079318,,
2026-09-17,CRWD,95,44.0,technology,True,246.88,0.051380751152795945,0.043670363615509356,0.07737469001915898,0.07385445163482718,,
2026-09-17,SNOW,89,43.0,technology,True,337.86,-0.013614440066722078,-0.021324827604008667,0.009982000026677262,0.006461761642345465,,
2026-09-17,TEAM,97,42.0,technology,True,192.55,-0.004445136739160471,-0.01215552427644706,-0.018400772916379093,-0.02192101130071089,,
2026-09-17,ARM,93,42.0,technology,True,262.46,0.137668543977014,0.1299581564397274,0.08567611789462126,0.08215587951028946,,
2026-09-17,WDAY,84,42.0,technology,True,197.95,-0.041792100767410245,-0.049502488304696834,-0.06306445345334588,-0.06658469183767768,,
2026-09-17,ANET,78,42.0,technology,True,199.42,0.016555427445911874,0.008845039908625285,0.01057573177711535,0.007055493392783552,,
2026-09-17,NET,88,40.0,technology,True,331.77,0.06159765480538093,0.05388726726809434,0.03846153846153855,0.03494130007720675,,
2026-09-17,PLTR,76,39.0,technology,True,175.23,0.08697372332726006,0.07926333578997347,0.07258156192547016,0.06906132354113836,,
2026-09-17,MRVL,99,36.0,technology,True,241.88,0.06977614979256974,0.06206576225528315,0.10749396544703105,0.10397372706269925,,
2026-09-17,MDB,80,38.0,technology,True,393.13,0.06290673202577657,0.05519634448848998,-0.11282344103520525,-0.11634367941953705,,
2026-09-17,AMD,96,34.0,technology,True,546.94,0.14960632730865253,0.14189593977136594,0.12488807563689552,0.12136783725256373,,
2026-09-18,FTNT,92,63.0,technology,True,168.3,0.019213844676844394,0.0125580853477254,0.06322342295365102,0.05879926028032312,,
2026-09-18,PANW,91,50.0,technology,True,361.04,0.029250992896274752,0.02259523356715576,0.10752834269072187,0.10310418001739396,,
2026-09-18,CRWD,93,49.0,technology,True,238.09,0.08855025558241647,0.08189449625329748,0.1658752017859939,0.161451039112666,,
2026-09-18,SNOW,89,48.0,technology,True,333.58,0.0009236288594101083,-0.005732130469708885,0.01611895117660378,0.011694788503275877,,
2026-09-18,NET,86,48.0,technology,True,319.1,0.06733941594395065,0.06068365661483166,0.0674923771382836,0.0630682144649557,,
2026-09-18,WDAY,85,44.0,technology,True,194.94,-0.02405727532666635,-0.030713034655785343,-0.041108571647766934,-0.04553273432109484,,
2026-09-18,TEAM,99,42.0,technology,True,192.23,-0.03455724050545306,-0.04121299983457205,-0.0337859050570023,-0.0382100677303302,,
2026-09-18,PLTR,80,44.0,technology,True,175.37,0.061239287685856736,0.05458352835673774,0.05609172501959803,0.051667562346270124,,
2026-09-18,MRVL,97,36.0,technology,True,236.51,0.04192525378207357,0.035269494452954575,0.0830947301336813,0.07867056746035339,,
2026-09-18,ARM,95,35.0,technology,True,268.05,0.05421940062129971,0.047563641292180714,0.044605264085507246,0.04018110141217934,,
2026-09-18,AMD,96,34.0,technology,True,545.66,0.08006782148565428,0.07341206215653528,0.0856853597371603,0.08126119706383239,,
2026-09-21,PANW,89,48.0,technology,True,371.4,0.046131294311761106,0.05700948201329148,,,,
2026-09-21,NVDA,70,48.0,technology,True,227.6,0.008860456040361564,0.019738643741891937,,,,
2026-09-21,FTNT,92,45.0,technology,True,174.66,0.0013629706295383848,0.012241158331068758,,,,
2026-09-21,WDAY,81,44.0,technology,True,192.66,-0.03917666435194922,-0.028298476650418847,,,,
2026-09-21,SNOW,86,42.0,technology,True,333.6,-0.050853388686939116,-0.03997520098540874,,,,
2026-09-21,PLTR,82,42.0,technology,True,181.62,0.012721111289880183,0.023599298991410556,,,,
2026-09-21,CRWD,93,37.0,technology,True,249.65,0.04447843756299297,0.05535662526452334,,,,
2026-09-21,NET,91,37.0,technology,True,348.89,0.0043409147602271325,0.015219102461757505,,,,
2026-09-21,MDB,78,38.0,technology,True,400.34,-0.182331253397076,-0.17145306569554564,,,,
2026-09-21,ANET,80,34.0,technology,True,205.3,0.002789293116737035,0.013667480818267408,,,,
2026-09-21,TEAM,99,31.0,technology,True,195.51,-0.10730003356933593,-0.09642184586780556,,,,
2026-09-21,AMD,97,31.0,technology,True,612.3,0.0021431784909764495,0.013021366192506822,,,,
2026-09-21,MRVL,96,31.0,technology,True,259.31,-0.013935695309717389,-0.0030575076081870156,,,,
2026-09-21,ARM,95,31.0,technology,True,321.58,-0.11295831901373787,-0.1020801313122075,,,,
2026-09-21,ZS,76,31.0,technology,True,204.91,-0.05056899859516839,-0.03969081089363802,,,,
2026-09-21,HOOD,72,31.0,financials,False,124.54,-0.053170739150628865,-0.04229255144909849,,,,
2026-09-22,FTNT,89,50.0,technology,True,174.04,-0.002889978485341005,0.00822554586739399,,,,
2026-09-22,PANW,91,43.0,technology,True,373.02,0.022669868735841092,0.03378539308857609,,,,
2026-09-22,WDAY,77,44.0,technology,True,190.4,-0.001846802952855775,0.00926872139987922,,,,
2026-09-22,CRWD,93,42.0,technology,True,249.0,0.042660361549548,0.053775885902282994,,,,
2026-09-22,SNOW,88,42.0,technology,True,338.98,-0.023184966669822393,-0.012069442317087398,,,,
2026-09-22,PLTR,82,42.0,technology,True,184.81,0.003650265495076077,0.014765789847811073,,,,
2026-09-22,DDOG,84,40.0,technology,True,249.04,0.06736614962491605,0.07848167397765105,,,,
2026-09-22,TEAM,99,37.0,technology,True,190.09,-0.07399219683435942,-0.06287667248162443,,,,
2026-09-22,NET,92,37.0,technology,True,355.17,-0.008835070863208672,0.002280453489526324,,,,
2026-09-22,MDB,85,36.0,technology,True,433.32,-0.21463174799107776,-0.20351622363834276,,,,
2026-09-22,ANET,78,34.0,technology,True,204.16,-0.012630508858757272,-0.0015149845060222766,,,,
2026-09-22,AMD,97,31.0,technology,True,619.2,-0.022413503903107368,-0.011297979550372372,,,,
2026-09-22,MRVL,96,31.0,technology,True,262.87,0.0034685306941528715,0.014584055046887867,,,,
2026-09-22,ARM,95,31.0,technology,True,334.26,-0.11486522843986635,-0.10374970408713136,,,,
2026-09-22,ZS,76,31.0,technology,True,209.14,-0.068755888603103,-0.057640364250368004,,,,
2026-09-22,HOOD,73,31.0,financials,False,124.49,-0.05342887786133366,-0.04231335350859866,,,,
2026-09-23,SNOW,88,42.0,technology,True,335.3,0.02015920484313094,0.02204385209744364,,,,
2026-09-23,ANET,80,42.0,technology,True,202.69,0.018408246752879887,0.020292894007192586,,,,
2026-09-23,AMD,97,38.0,technology,True,612.9,0.01914136948459877,0.02102601673891147,,,,
2026-09-23,TEAM,99,37.0,technology,True,194.56,-0.08483492453321317,-0.08295027727890047,,,,
2026-09-23,CRWD,95,37.0,technology,True,261.46,0.011364745192934844,0.013249392447247543,,,,
2026-09-23,PANW,92,37.0,technology,True,387.58,0.01240952779250537,0.01429417504681807,,,,
2026-09-23,FTNT,91,37.0,technology,True,177.86,0.0006157325167068795,0.0025003797710195785,,,,
2026-09-23,NET,89,37.0,technology,True,355.35,-0.007204085482025113,-0.005319438227712414,,,,
2026-09-23,PLTR,82,37.0,technology,True,190.55,-0.01136360428733263,-0.00947895703301993,,,,
2026-09-23,MDB,85,36.0,technology,True,431.31,-0.17594086065137682,-0.17405621339706412,,,,
2026-09-23,DDOG,84,34.0,technology,True,252.54,0.09715544634218842,0.09904009359650112,,,,
2026-09-23,WDAY,81,33.0,technology,True,192.18,-0.019662302292729694,-0.017777655038416995,,,,
2026-09-23,MRVL,96,31.0,technology,True,259.09,0.03978742663801382,0.04167207389232652,,,,
2026-09-23,ARM,93,31.0,technology,True,330.06,-0.09262915862094545,-0.09074451136663275,,,,
2026-09-23,ZS,78,31.0,technology,True,211.8,-0.06583912651467472,-0.06395447926036202,,,,
2026-09-23,HOOD,72,31.0,financials,False,124.8,-0.05857740585774063,-0.05669275860342793,,,,
2026-09-24,SNOW,88,50.0,technology,True,334.29,0.024106090118332535,0.030336791853497247,,,,
2026-09-24,CRWD,95,44.0,technology,True,261.05,0.025276452007277683,0.031507153742442395,,,,
2026-09-24,WDAY,80,44.0,technology,True,190.57,-0.017932286476858295,-0.011701584741693583,,,,
2026-09-24,PANW,93,42.0,technology,True,390.69,0.021420831845895716,0.027651533581060428,,,,
2026-09-24,SMCI,70,42.0,technology,True,41.39,-0.0019048055013021203,0.004325896233862592,,,,
2026-09-24,TEAM,99,37.0,technology,True,193.35,-0.010936882999867947,-0.004706181264703235,,,,
2026-09-24,NET,92,37.0,technology,True,362.42,-0.027161829613453592,-0.02093112787828888,,,,
2026-09-24,FTNT,91,37.0,technology,True,179.31,0.008009013787387165,0.014239715522551877,,,,
2026-09-24,MRVL,96,36.0,technology,True,256.86,0.017149753587575534,0.023380455322740246,,,,
2026-09-24,PLTR,86,37.0,technology,True,192.06,-0.013855084503726744,-0.0076243827685620325,,,,
2026-09-24,ARM,89,36.0,technology,True,309.73,-0.08213501934728218,-0.07590431761211747,,,,
2026-09-24,ANET,78,37.0,technology,True,204.05,-0.02089962090286468,-0.014668919167699968,,,,
2026-09-24,MDB,82,36.0,technology,True,417.91,-0.15773466033154104,-0.15150395859637633,,,,
2026-09-24,DDOG,84,34.0,technology,True,253.88,0.05047973507482495,0.05671043680998966,,,,
2026-09-24,AMD,97,31.0,technology,True,617.77,-0.029643518469979147,-0.023412816734814434,,,,
2026-09-24,ZS,81,31.0,technology,True,214.47,-0.03504854961506376,-0.02881784787989905,,,,
2026-09-25,SNOW,88,48.0,technology,True,339.68,0.06571669053320939,0.0640377172742903,,,,
2026-09-25,NVDA,72,48.0,technology,True,225.04,0.018280726651761503,0.016601753392842422,,,,
2026-09-25,FTNT,89,45.0,technology,True,174.79,0.060046866920026254,0.05836789366110717,,,,
2026-09-25,TEAM,99,42.0,technology,True,191.77,0.031739052001125145,0.030060078742206064,,,,
2026-09-25,CRWD,95,42.0,technology,True,255.42,0.0848901392950685,0.08321116603614942,,,,
2026-09-25,PANW,92,42.0,technology,True,378.87,0.08804405216405464,0.08636507890513556,,,,
2026-09-25,WDAY,74,44.0,technology,True,190.35,0.009162388015004908,0.007483414756085827,,,,
2026-09-25,NET,86,42.0,technology,True,350.52,0.02894622645311351,0.02726725319419443,,,,
2026-09-25,AMD,97,38.0,technology,True,630.2,0.014418224321429474,0.012739251062510393,,,,
2026-09-25,PLTR,84,37.0,technology,True,191.84,0.013526196790042633,0.011847223531123552,,,,
2026-09-25,SMCI,81,37.0,technology,True,43.51,0.0219882719698008,0.020309298710881718,,,,
2026-09-25,MDB,82,36.0,technology,True,416.71,0.14972133823125366,0.14804236497233458,,,,
2026-09-25,MRVL,96,31.0,technology,True,264.91,0.048680974178943126,0.047002000920024045,,,,
2026-09-25,ARM,93,31.0,technology,True,315.21,0.005427864287327333,0.003748891028408252,,,,
2026-09-25,DDOG,91,29.0,technology,True,271.42,0.07867704755137406,0.07699807429245498,,,,
2026-09-25,ANET,80,26.0,technology,True,208.49,0.008560775314828017,0.0068818020559089366,,,,
2026-09-28,MMSI,72,56.0,technology,True,87.0,,,,,,
2026-09-28,SNOW,85,50.0,technology,True,328.12,,,,,,
2026-09-28,PLTR,84,49.0,technology,True,187.48,,,,,,
2026-09-28,FTNT,91,45.0,technology,True,176.33,,,,,,
2026-09-28,CRWD,95,42.0,technology,True,259.25,,,,,,
2026-09-28,WDAY,77,44.0,technology,True,188.6,,,,,,
2026-09-28,PANW,93,42.0,technology,True,392.09,,,,,,
2026-09-28,ARM,92,42.0,technology,True,283.33,,,,,,
2026-09-28,NET,88,42.0,technology,True,353.99,,,,,,
2026-09-28,ANET,81,42.0,technology,True,204.92,,,,,,
2026-09-28,SMCI,80,42.0,technology,True,41.78,,,,,,
2026-09-28,NVDA,73,42.0,technology,True,228.86,,,,,,
2026-09-28,TEAM,96,39.0,technology,True,178.54,,,,,,
2026-09-28,AMD,99,36.0,technology,True,607.87,,,,,,
2026-09-28,MRVL,97,36.0,technology,True,251.9,,,,,,
2026-09-28,DDOG,89,29.0,technology,True,268.7,,,,,,
2026-09-29,MMSI,73,56.0,technology,True,86.68,,,,,,
2026-09-29,SNOW,85,50.0,technology,True,330.51,,,,,,
2026-09-29,PLTR,81,49.0,technology,True,185.98,,,,,,
2026-09-29,NVDA,74,49.0,technology,True,228.4,,,,,,
2026-09-29,FTNT,91,45.0,technology,True,175.35,,,,,,
2026-09-29,CRWD,95,42.0,technology,True,260.87,,,,,,
2026-09-29,PANW,93,42.0,technology,True,384.37,,,,,,
2026-09-29,WDAY,72,44.0,technology,True,187.53,,,,,,
2026-09-29,NET,86,42.0,technology,True,351.96,,,,,,
2026-09-29,ANET,82,42.0,technology,True,203.4,,,,,,
2026-09-29,SMCI,78,42.0,technology,True,41.4,,,,,,
2026-09-29,TEAM,96,39.0,technology,True,173.71,,,,,,
2026-09-29,AMD,99,36.0,technology,True,610.07,,,,,,
2026-09-29,MRVL,97,36.0,technology,True,264.11,,,,,,
2026-09-29,ARM,92,36.0,technology,True,297.16,,,,,,
2026-09-29,DDOG,89,34.0,technology,True,266.55,,,,,,
2026-09-30,SNOW,85,48.0,technology,True,340.95,,,,,,
2026-09-30,SMCI,78,48.0,technology,True,40.58,,,,,,
2026-09-30,FTNT,92,45.0,technology,True,179.68,,,,,,
2026-09-30,PANW,93,42.0,technology,True,398.57,,,,,,
2026-09-30,ARM,89,42.0,technology,True,287.95,,,,,,
2026-09-30,NET,88,42.0,technology,True,349.82,,,,,,
2026-09-30,PLTR,80,42.0,technology,True,187.94,,,,,,
2026-09-30,NVDA,74,42.0,technology,True,230.47,,,,,,
2026-09-30,TEAM,97,39.0,technology,True,180.02,,,,,,
2026-09-30,CRWD,95,37.0,technology,True,264.55,,,,,,
2026-09-30,AMD,99,36.0,technology,True,608.71,,,,,,
2026-09-30,MRVL,96,36.0,technology,True,262.31,,,,,,
2026-09-30,ANET,81,37.0,technology,True,203.87,,,,,,
2026-09-30,DDOG,91,26.0,technology,True,274.98,,,,,,
2026-10-01,FTNT,92,50.0,technology,True,177.97,,,,,,
2026-10-01,SNOW,85,48.0,technology,True,341.27,,,,,,
2026-10-01,TEAM,99,42.0,technology,True,190.87,,,,,,
2026-10-01,CRWD,95,42.0,technology,True,266.87,,,,,,
2026-10-01,PANW,93,42.0,technology,True,393.24,,,,,,
2026-10-01,ARM,89,42.0,technology,True,291.48,,,,,,
2026-10-01,NET,86,42.0,technology,True,351.44,,,,,,
2026-10-01,SMCI,81,42.0,technology,True,41.85,,,,,,
2026-10-01,PLTR,78,42.0,technology,True,190.62,,,,,,
2026-10-01,NVDA,76,42.0,technology,True,231.53,,,,,,
2026-10-01,AMD,97,36.0,technology,True,615.41,,,,,,
2026-10-01,MRVL,96,36.0,technology,True,266.5,,,,,,
2026-10-01,ANET,80,36.0,technology,True,205.58,,,,,,
2026-10-01,SHOP,72,36.0,consumer_cyclical,False,149.96,,,,,,
2026-10-01,DDOG,91,31.0,technology,True,278.25,,,,,,
2026-10-02,SNOW,86,48.0,technology,True,338.89,,,,,,
2026-10-02,TEAM,97,44.0,technology,True,187.45,,,,,,
2026-10-02,CRWD,95,42.0,technology,True,268.29,,,,,,
2026-10-02,PANW,93,42.0,technology,True,401.34,,,,,,
2026-10-02,FTNT,92,42.0,technology,True,180.38,,,,,,
2026-10-02,NET,85,42.0,technology,True,349.94,,,,,,
2026-10-02,PLTR,77,42.0,technology,True,189.66,,,,,,
2026-10-02,AMD,99,36.0,technology,True,632.81,,,,,,
2026-10-02,MRVL,96,36.0,technology,True,273.78,,,,,,
2026-10-02,SMCI,84,37.0,technology,True,43.74,,,,,,
2026-10-02,DDOG,89,36.0,technology,True,277.92,,,,,,
2026-10-02,ANET,81,36.0,technology,True,206.87,,,,,,
2026-10-02,NVDA,76,34.0,technology,True,234.53,,,,,,
2026-10-02,ARM,91,31.0,technology,True,308.3,,,,,,
2026-10-02,SHOP,72,31.0,consumer_cyclical,False,151.52,,,,,,
