symbol,status,entry_date,exit_date,entry_price,exit_price,shares,exit_reason,pnl_usd,pnl_pct,hold_days,rs_rank,thesis_score,trend_score,confidence,sector,weight_version,fail,above_50ma,atr_pct,ret_5d,ret_20d,gap_at_open,from_high,spy_above_50ma
META,CLOSED,2023-10-03,2023-10-03,301.6749,297.7869,16,PRICE_BELOW_50MA,-62.21,-1.289,0,99,58.0,81,0.85,communication_services,1,True,0.018228864094798736,0.02662100269854067,0.019912071566006606,0.03522531236859572,-0.008343834637102643,-0.057330689170449145,-0.0346199431128682
PLTR,CLOSED,2023-10-03,2023-10-03,15.6256,14.8851,226,PRICE_BELOW_50MA,-167.36,-4.739,0,98,42.0,77,0.85,technology,1,True,0.007639796878432081,0.04057215431105786,0.11673697723206566,0.04611329349094051,-0.017002547595584727,-0.20560278658008946,-0.0346199431128682
FLEX,CLOSED,2023-10-03,2023-10-03,20.0728,19.852,179,PRICE_BELOW_50MA,-39.52,-1.1,0,85,65.0,76,0.85,technology,1,True,0.004078023378691897,0.02076754062254523,0.03409535543674025,-0.02980734198178303,-0.0029973378913127346,-0.07294202168862374,-0.0346199431128682
HPE,CLOSED,2023-10-03,2023-10-03,16.0146,15.7226,139,PRICE_BELOW_50MA,-40.59,-1.824,0,86,61.0,74,0.85,technology,1,True,0.016442104758573883,0.01857387698770555,0.027695958296285905,-0.023170202929183037,-0.013188120706077111,-0.02803560596055077,-0.0346199431128682
FLEX,CLOSED,2023-10-05,2023-10-05,20.02,19.6036,112,PRICE_BELOW_50MA,-46.64,-2.08,0,84,58.0,72,0.85,technology,1,True,0.0037949333466307245,0.02163527260995571,0.05805175844689425,-0.0015008709097161788,-0.0026306385450133307,-0.07572072769446014,-0.03799046828044905
PCAR,CLOSED,2023-10-06,2023-10-13,77.1712,74.9764,46,PRICE_BELOW_50MA,-100.96,-2.844,7,89,55.0,75,0.85,industrials,1,True,0.018144619551122787,0.019507622076984667,0.006067188152480307,0.03829021524115217,-0.0020877371563396974,-0.032603918871151105,-0.037069791896386595
TSLA,CLOSED,2023-10-06,2023-10-18,254.234,242.4373,8,PRICE_BELOW_50MA,-94.37,-4.64,12,92,44.0,73,0.85,consumer_cyclical,1,True,0.03837739223776171,0.03552888096150653,0.05548332916325016,0.03403706752886193,-0.02334163564838221,-0.11348608768159929,-0.037069791896386595
DD,CLOSED,2023-10-09,2023-10-18,88.7702,87.8237,40,PRICE_BELOW_50MA,-37.86,-1.066,9,89,61.0,80,0.85,basic_materials,1,True,0.0002444579827010074,0.01732118498899362,0.009518748339298888,-0.0014586370025039264,-0.005710598668133726,-0.03560436478228679,-0.024691997991340253
FERG,CLOSED,2023-10-03,2023-10-19,154.8795,147.7811,14,PRICE_BELOW_50MA,-99.38,-4.583,16,91,58.0,73,0.85,industrials,1,True,0.03357149704780271,0.017543405760823184,0.08100042034020616,0.006903572091415899,-0.0010406665978978102,-0.027678561165413118,-0.0346199431128682
SMCI,CLOSED,2023-10-05,2023-10-19,27.993,26.4785,127,PRICE_BELOW_50MA,-192.34,-5.41,14,99,36.0,78,0.85,technology,1,True,0.014078509701124009,0.046166197305511567,0.08876295842114734,0.023245668008439413,-0.0026747774782674982,-0.20631769781407228,-0.03799046828044905
DUOL,CLOSED,2023-10-05,2023-10-19,163.0729,149.88,22,STOP,-290.24,-8.09,14,99,36.0,77,0.85,consumer_cyclical,1,True,0.1043414405890728,0.04124187011272724,0.05763744212290267,0.052383785973352026,-0.0013486251095324864,-0.023466016745481655,-0.03799046828044905
VRT,CLOSED,2023-10-05,2023-10-19,37.4624,37.2383,58,PRICE_BELOW_50MA,-13.0,-0.598,14,99,42.0,71,0.85,industrials,1,True,0.07289745717002405,0.03765196033375542,0.055555649640073534,-0.006503631724867787,-0.016234600259594667,-0.042137086723903594,-0.03799046828044905
MU,CLOSED,2023-10-06,2023-10-19,68.132,66.8282,32,PRICE_BELOW_50MA,-41.72,-1.914,13,81,60.0,69,0.7,technology,1,True,0.01461460807318371,0.02733008912669511,0.05904919217956217,-0.01173616960008339,-0.0032640144516196123,-0.06425092994712,-0.037069791896386595
PKG,CLOSED,2023-10-03,2023-10-20,140.7925,133.7179,25,PRICE_BELOW_50MA,-176.86,-5.025,17,90,61.0,75,0.85,consumer_cyclical,1,True,0.03230766793332096,0.014855517562411482,0.016108655384700965,0.03349656898624764,-0.009525076194083715,-0.004189371759020344,-0.0346199431128682
ANET,CLOSED,2023-10-06,2023-10-20,47.1546,46.481,76,PRICE_BELOW_50MA,-51.2,-1.429,14,97,42.0,79,0.85,technology,1,True,0.028080713234672983,0.023770130881669613,0.019519634801722585,-0.038406437376964586,0.002127287661975119,-0.04814212225400305,-0.037069791896386595
ARES,CLOSED,2023-10-06,2023-10-20,96.0701,92.9937,23,PRICE_BELOW_50MA,-70.76,-3.202,14,95,61.0,69,0.7,financials,1,True,0.04333605235312632,0.02165983411087441,0.010010451028104939,0.03400715065661064,-0.005380507753610653,-0.003011484759024019,-0.037069791896386595
SLB,CLOSED,2023-10-19,2023-10-20,55.6285,53.8342,64,PRICE_BELOW_50MA,-114.84,-3.226,1,90,58.0,77,0.85,energy,1,True,0.027900681866279697,0.024261433893032116,0.031143624349145416,0.013380071197088617,-0.009242431441144339,-0.024315787126812927,-0.017228890629365612
ROST,CLOSED,2023-10-20,2023-10-20,113.0003,112.1925,20,PRICE_BELOW_50MA,-16.16,-0.715,0,87,61.0,73,0.85,consumer_cyclical,1,True,0.0037990372968454977,0.019494488807809122,0.027031913938107888,0.027667405772666687,-2.3525652093070448e-08,-0.04470005542094879,-0.025073159676065382
HAL,CLOSED,2023-10-16,2023-10-24,40.0773,37.5342,91,PRICE_BELOW_50MA,-231.43,-6.346,8,90,58.0,78,0.85,energy,1,True,0.05433893160073411,0.026160728229831794,0.09666598185379627,0.007599033471074046,0.010369938840202542,-0.004924696967331221,-0.01604736906540216
MPC,CLOSED,2023-10-19,2023-10-24,145.2321,139.9514,36,PRICE_BELOW_50MA,-190.1,-3.636,5,95,55.0,84,0.85,energy,1,True,0.03761357810948884,0.02295140845956722,0.03683007271881422,0.008646116807937476,-0.0003896855194887028,-0.015031233914355457,-0.017228890629365612
SNPS,CLOSED,2023-10-03,2023-10-25,461.3609,454.8047,7,PRICE_BELOW_50MA,-45.89,-1.421,22,87,55.0,75,0.85,technology,1,True,0.03477203640579041,0.023070838088437903,0.03570556066230046,0.007318916338028503,-0.006295574536726023,-0.006511541195920789,-0.0346199431128682
META,CLOSED,2023-10-05,2023-10-25,302.0418,296.3918,11,PRICE_BELOW_50MA,-62.15,-1.871,20,99,58.0,77,0.85,communication_services,1,True,0.012739565558423704,0.027156787412104817,0.026331918601252058,0.021425710667428932,-0.0031088404823841342,-0.06114065021795412,-0.03799046828044905
PLTR,CLOSED,2023-10-05,2023-10-25,15.5756,15.5744,142,PRICE_BELOW_50MA,-0.16,-0.007,20,98,42.0,72,0.85,technology,1,True,0.000967213449126092,0.04386523492816044,0.059259201222963576,0.028104532427513096,-0.0108073189807264,-0.21310656716648613,-0.03799046828044905
GOOG,CLOSED,2023-10-05,2023-10-25,134.9876,125.356,16,PRICE_BELOW_50MA,-154.11,-7.135,20,89,61.0,70,0.7,communication_services,1,True,0.024470816891984937,0.02030632130696746,0.03658902673681008,0.006648218799187866,-0.0010272744417054724,-0.019570041571986718,-0.03799046828044905
GOOGL,CLOSED,2023-10-05,2023-10-25,133.9306,124.3016,16,PRICE_BELOW_50MA,-154.07,-7.19,20,89,61.0,70,0.7,communication_services,1,True,0.022298064100618298,0.020608865157742837,0.03600443168501388,0.0058010686100633535,-0.0012570126063465858,-0.021488902798285192,-0.03799046828044905
NWSA,CLOSED,2023-10-20,2023-10-25,21.2147,20.078,169,PRICE_BELOW_50MA,-192.1,-5.358,5,86,64.0,76,0.85,communication_services,1,True,0.04942855724794648,0.02547244123285051,0.038923778885773475,0.08534126323357927,0.0023126603093539533,-0.0274402911224495,-0.025073159676065382
ADBE,CLOSED,2023-10-20,2023-10-25,556.2957,520.6189,4,PRICE_BELOW_50MA,-142.71,-6.413,5,96,58.0,74,0.85,technology,1,True,0.043007770613187946,0.02584585557823287,-0.006951047325012616,0.08145867703318888,0.0,-0.016180453493540914,-0.025073159676065382
AVGO,CLOSED,2023-10-20,2023-10-25,84.7805,82.1672,26,PRICE_BELOW_50MA,-67.94,-3.082,5,97,52.0,70,0.85,technology,1,True,0.019410804997719078,0.028130108717770802,-0.041706916327699295,0.07356910798258465,0.00814673626114204,-0.054538808905569613,-0.025073159676065382
ANET,CLOSED,2023-10-25,2023-10-25,48.003,46.476,46,PRICE_BELOW_50MA,-70.24,-3.181,0,97,61.0,71,0.85,technology,1,True,0.014143418895569804,0.03384092934574263,-0.02517782138448077,0.07064977210871382,0.006982003216449151,-0.0356889138026697,-0.028378900371673565
WSM,CLOSED,2023-10-03,2023-10-26,73.5236,69.0916,30,PRICE_BELOW_50MA,-132.96,-6.028,23,88,49.0,73,0.85,consumer_cyclical,1,True,0.0945044563870383,0.02499839544679716,-0.013245484682335995,0.06727089990939494,-0.0011023438437947064,-0.01889570349802916,-0.0346199431128682
LLY,CLOSED,2023-10-20,2023-10-26,578.547,555.9592,4,PRICE_BELOW_50MA,-90.35,-3.904,6,98,56.0,72,0.85,healthcare,1,True,0.048340197993692824,0.02984087971903399,-0.03226871463286762,0.07392777220368396,-0.0013540757671188786,-0.04190465085637929,-0.025073159676065382
NWS,CLOSED,2023-10-23,2023-10-26,21.52,20.7918,103,PRICE_BELOW_50MA,-75.01,-3.384,3,88,65.0,70,0.7,communication_services,1,True,0.032892831764282704,0.02637913264586283,0.010584574206499608,0.0785853923805786,-0.0009106403837809696,-0.04480197351259041,-0.03603254628036656
TRGP,CLOSED,2023-10-23,2023-10-27,80.6799,79.0113,27,PRICE_BELOW_50MA,-45.05,-2.068,4,85,61.0,69,0.7,energy,1,True,0.02102125976806324,0.021043768994836693,-0.006076341654613349,0.026646245073959074,-0.00795970760238307,-0.014101883516146163,-0.03603254628036656
VST,CLOSED,2023-10-26,2023-10-27,32.3556,31.1808,68,PRICE_BELOW_50MA,-79.88,-3.631,1,96,52.0,74,0.85,utilities,1,True,0.02447406024247356,0.02136536597168369,0.011104496154573651,-0.016206331655907014,0.011592381334347923,-0.031624170847114,-0.04127786543118028
MPC,CLOSED,2023-11-01,2023-11-06,143.8169,141.1661,15,PRICE_BELOW_50MA,-39.76,-1.843,5,93,55.0,70,0.7,energy,1,True,0.013324226663701033,0.02237544611919792,0.017627418599073463,0.02702486415896188,0.007801720574189375,-0.032557266836010235,-0.03586281501009736
ACGL,CLOSED,2023-10-06,2023-11-29,77.4901,78.2567,28,PRICE_BELOW_50MA,21.47,0.989,54,96,56.0,69,0.7,financials,1,False,0.04799411767720585,0.018207095820266982,0.0,0.0484139839815263,-0.0028171597640785917,-0.007657636175874782,-0.037069791896386595
DELL,CLOSED,2023-11-01,2023-12-04,64.5558,66.3705,34,PRICE_BELOW_50MA,61.7,2.811,33,98,50.0,70,0.7,technology,1,False,0.013350592825996488,0.025294032586853518,-0.0005976007033282604,0.0007101776372742119,0.005679171928150817,-0.06752032667794039,-0.03586281501009736
CEG,CLOSED,2023-10-31,2023-12-06,111.0745,110.6281,20,PRICE_BELOW_50MA,-8.93,-0.402,36,93,60.0,70,0.7,utilities,1,False,0.028042653923726846,0.022317727158363727,0.00820619900436692,0.0792513328714608,0.0007963621776378993,-0.035168537722023,-0.042745014799133396
PLTR,CLOSED,2023-11-07,2023-12-06,18.8789,17.3526,286,STOP,-436.5,-8.084,29,99,43.0,83,0.85,technology,1,True,0.16526094759771182,0.04742255897451722,0.26208314806797195,0.052810918395375106,0.017259961112311206,-0.07253621171550984,0.00576058827919157
MDB,CLOSED,2023-11-30,2023-12-06,437.6472,402.2374,13,STOP,-460.33,-8.091,6,98,42.0,80,0.85,technology,1,True,0.16846473634811154,0.029513476059236994,0.03699045557141645,0.22031984165114982,0.039713636540450015,-0.02481385381017498,0.04753711927729687
CME,CLOSED,2023-10-23,2023-12-07,187.6414,186.2181,11,PRICE_BELOW_50MA,-15.66,-0.759,45,86,61.0,68,0.7,financials,1,False,0.03315797648107921,0.016557339589017325,-0.029948091103010888,0.054977161900588545,0.0009398903308666107,-0.032945553806714045,-0.03603254628036656
PGR,CLOSED,2023-10-26,2023-12-14,143.3957,140.2503,24,PRICE_BELOW_50MA,-75.49,-2.194,49,95,42.0,76,0.85,financials,1,False,0.10729654507945652,0.016538679771211512,-0.017276279669376948,0.11322912468991397,0.0015982339304001503,-0.017276279669376948,-0.04127786543118028
NU,CLOSED,2023-10-24,2023-12-20,8.2382,8.0919,271,PRICE_BELOW_50MA,-39.66,-1.776,57,97,61.0,72,0.85,financials,1,False,0.11499778974145469,0.03299193951514209,0.03291136062101341,0.17579247552344723,0.008578394133967882,-0.008505431192915691,-0.03666151105660609
CVNA,CLOSED,2023-12-07,2023-12-26,7.4454,10.7492,310,STOP,1024.18,44.374,19,99,42.0,72,0.85,consumer_cyclical,1,False,0.11294382545919524,0.07130627780206167,0.16776005780440228,0.09394201216485953,-0.005082882668206334,-0.3308270785802203,0.04188146713372931
COIN,CLOSED,2023-11-02,2023-12-29,81.7917,171.2785,44,STOP,3937.42,109.408,57,90,62.0,78,0.85,financials,1,False,0.012478661973025051,0.06445189213248552,0.00025705929850960985,0.05907167913136857,0.050122113459032835,-0.2935996688087845,-0.024953570263972824
CBOE,CLOSED,2023-10-04,2024-01-04,152.7325,169.0846,23,PRICE_BELOW_50MA,376.1,10.706,92,87,50.0,76,0.85,financials,1,False,0.05111435978603063,0.015921989203389268,0.008401270602477418,0.05530228933888148,-0.001971563339166482,0.0,-0.04620610344201004
MSTR,CLOSED,2023-10-30,2024-01-08,42.3423,61.5983,53,STOP,1020.57,45.477,70,93,49.0,72,0.85,technology,1,False,0.17923185321544532,0.0519049485319574,0.16871617311473686,0.23906420690654517,0.03992527784709865,-0.11924301430393813,-0.05489815380585439
PDD,CLOSED,2023-10-04,2024-01-17,97.8477,136.0638,22,STOP,840.75,39.057,105,99,45.0,70,0.7,consumer_cyclical,1,False,0.0859533972959945,0.024967168165290307,0.04226552973282982,-0.03126851483330695,-0.0015321912516952363,-0.06476880740858815,-0.04620610344201004
INTC,CLOSED,2023-11-02,2024-01-26,36.9988,43.0301,95,PRICE_BELOW_50MA,572.97,16.301,85,87,50.0,78,0.85,technology,1,False,0.04340968082818697,0.03168218287064899,0.13585140778979232,0.037851357339434344,0.00777691072886566,-0.040401359730145914,-0.024953570263972824
LULU,CLOSED,2023-10-24,2024-01-31,406.0156,453.3662,5,PRICE_BELOW_50MA,236.75,11.662,99,86,52.0,68,0.7,consumer_cyclical,1,False,0.04720404603576922,0.025507421285825393,-0.034034232658436636,0.04717301672062879,0.007826849782249568,-0.034034232658436636,-0.03666151105660609
NET,CLOSED,2023-12-05,2024-01-31,79.1791,78.971,47,PRICE_BELOW_50MA,-9.78,-0.263,57,95,49.0,76,0.85,technology,1,False,0.2351448371917495,0.03371068209045848,0.07937799849661209,0.23905622420993367,-0.009020310992932878,0.0,0.04886241361884114
WSM,CLOSED,2023-12-07,2024-01-31,93.2729,93.0517,25,PRICE_BELOW_50MA,-5.53,-0.237,55,96,42.0,71,0.85,consumer_cyclical,1,False,0.18919218172380692,0.02584308116463527,0.03606917916293173,0.29320345365724876,0.00221773077934162,-0.02223911434768089,0.04188146713372931
VRT,CLOSED,2023-11-01,2024-02-13,39.2374,56.923,56,STOP,990.4,45.074,104,99,46.0,72,0.85,industrials,1,False,0.03044930392924572,0.06413655013930555,0.0061495308524917025,0.06596102751317057,0.0020369418512304893,-0.060750798662056016,-0.03586281501009736
ADBE,CLOSED,2024-01-29,2024-02-13,616.3257,601.2881,4,PRICE_BELOW_50MA,-60.15,-2.44,15,87,58.0,74,0.85,technology,1,True,0.02023552716256316,0.021688137475935197,0.0038917585321220916,0.029945603063635362,0.002899401101283283,-0.03113654215973305,0.04432204669733886
SMCI,CLOSED,2023-12-15,2024-02-16,29.5295,92.2776,130,STOP,8157.26,212.493,63,99,42.0,78,0.85,technology,1,False,0.08047880735601565,0.04903435710695088,0.14932659758413425,0.023003706266453428,0.002038025300745927,-0.166690205516837,0.07005553884148519
STX,CLOSED,2023-10-30,2024-02-21,64.9904,80.5715,34,PRICE_BELOW_50MA,529.76,23.975,114,93,52.0,69,0.7,technology,1,False,0.032440257396398664,0.03035190097606796,0.022641949136204653,0.03411680008596152,0.010557240125768752,-0.06469192170386084,-0.05489815380585439
PANW,CLOSED,2023-12-07,2024-02-21,144.2341,137.4624,16,STOP,-108.35,-4.695,76,93,42.0,72,0.85,technology,1,False,0.1284438285526841,0.030869476184252446,-0.005918768590228662,0.18638470767802362,0.0034121881166340184,-0.03025388757524672,0.04188146713372931
ZS,CLOSED,2024-01-09,2024-02-21,216.176,213.7061,10,PRICE_BELOW_50MA,-24.7,-1.143,43,96,38.0,72,0.85,technology,1,False,0.11738544519254535,0.021544835862029165,-0.015616498886100172,0.0902274570177728,-0.00981200976506491,-0.030752813250178312,0.04793253056826585
CVNA,CLOSED,2024-02-14,2024-02-21,10.6486,9.7902,630,STOP,-540.82,-8.061,7,99,42.0,81,0.85,consumer_cyclical,1,True,0.1115769190890421,0.06422524880724191,0.0784395678879497,0.22889569973850077,0.023475031744032204,-0.13093645315605196,0.03588315638077133
VRT,CLOSED,2024-02-14,2024-02-21,63.3533,54.7932,70,STOP,-599.21,-13.512,7,99,36.0,78,0.85,industrials,1,True,0.21765737119921602,0.04104315086416911,0.05767942841912599,0.2516015938525762,0.015512640266498234,-0.01558562004453512,0.03588315638077133
CRWD,CLOSED,2024-02-20,2024-02-21,81.8317,70.6867,54,STOP,-601.83,-13.619,1,99,42.0,78,0.85,technology,1,True,0.17663369180789412,0.03220466746236137,-0.0003036561141301908,0.13320018087446828,-0.0068035181047734206,-0.015872060237167807,0.04144925290374424
NOW,CLOSED,2024-02-01,2024-03-05,153.9718,147.882,16,PRICE_BELOW_50MA,-97.44,-3.955,33,92,55.0,73,0.85,technology,1,False,0.08179618635581432,0.019521071164814927,0.002593566312579787,0.11327673578382735,0.00482095194787302,-0.02774246906918365,0.029242174575097035
MSTR,CLOSED,2024-02-22,2024-03-05,68.4384,119.9399,40,STOP,2060.06,75.252,12,98,36.0,73,0.85,technology,1,False,0.16724373168095963,0.06350220853285653,-0.01927055547603862,0.4944800478517024,0.01620101050924161,-0.12609757772567176,0.033006671222207684
DELL,CLOSED,2024-01-02,2024-03-13,72.3843,107.8421,33,STOP,1170.11,48.985,71,90,50.0,74,0.85,technology,1,False,0.0708003761290319,0.01783380903234643,0.015666248350462375,0.008303471480404667,-0.01372531763465401,-0.00983705538488966,0.06123966065336606
AMD,CLOSED,2023-12-21,2024-03-14,138.2781,190.0498,17,STOP,880.12,37.44,84,96,42.0,73,0.85,technology,1,False,0.16257118130554704,0.035316214260178086,-0.01968305356862865,0.13687476550304956,0.019709147005878114,-0.03339274262999914,0.05764976675247757
MSTR,CLOSED,2024-03-06,2024-03-14,114.114,158.791,44,STOP,1965.79,39.151,8,99,36.0,77,0.85,technology,1,False,0.6335178783422093,0.08404841073972111,0.20556317454572137,1.1422950465309851,0.08467095699283633,-0.21214235908716994,0.037716832624567154
SMCI,CLOSED,2024-02-22,2024-03-19,86.5855,87.7921,37,STOP,44.64,1.394,26,99,37.0,71,0.85,technology,1,False,0.607290932673094,0.10538429772475641,-0.07242039833749392,0.6051642284841747,0.178187623643693,-0.2687549930169004,0.033006671222207684
UBER,CLOSED,2024-02-22,2024-04-04,79.6696,74.8451,35,PRICE_BELOW_50MA,-168.86,-6.056,42,98,37.0,72,0.85,technology,1,False,0.16923287557378552,0.03474713009414776,0.1079867344299359,0.18843287941677844,0.04120871004548898,-0.060818245304861795,0.033006671222207684
CRWD,CLOSED,2024-03-15,2024-04-04,81.4764,77.2202,36,PRICE_BELOW_50MA,-153.22,-5.224,20,97,43.0,72,0.85,technology,1,True,0.08152781844983092,0.042559339968090235,-0.0033062253157793986,-0.017814950448500344,-0.009160381628081526,-0.017814950448500344,0.042012348728299065
MSTR,CLOSED,2024-03-20,2024-04-05,142.4433,144.4354,21,STOP,41.83,1.399,16,99,31.0,74,0.85,technology,1,False,0.7292165163638014,0.12594759425218294,-0.11036499182785509,1.0106953075404146,0.003887089051477055,-0.20470608620553565,0.04092889247157738
VST,CLOSED,2023-10-31,2024-04-09,31.9653,68.1018,68,STOP,2457.28,113.049,161,96,52.0,74,0.85,utilities,1,False,0.01289787968892031,0.022702350855448885,0.021636917804243705,0.0015371678216729023,0.005524761661609645,-0.037532636622938376,-0.042745014799133396
NVDA,CLOSED,2023-12-27,2024-04-09,49.4173,85.1747,79,STOP,2824.84,72.358,104,98,36.0,75,0.85,technology,1,False,0.0630230613910503,0.025004855941578398,-0.01593551018125594,0.021585583850760814,0.004708054398076866,-0.02233081284052474,0.06827170489766954
CDNS,CLOSED,2024-01-18,2024-04-10,277.227,304.2854,13,PRICE_BELOW_50MA,351.76,9.76,83,86,61.0,79,0.85,technology,1,False,0.03212991754593886,0.022051847252700978,0.05211084870463223,0.014253188683543971,0.005664684540524156,-0.007818067910517645,0.02694173250551013
PHM,CLOSED,2024-03-14,2024-04-10,112.2684,107.1846,43,PRICE_BELOW_50MA,-218.61,-4.528,27,94,44.0,79,0.85,consumer_cyclical,1,True,0.08099929436505193,0.021032316281182517,0.025484679465299642,0.12039213768749857,0.0024545261643416083,0.0,0.04586674298101667
NOW,CLOSED,2024-04-10,2024-04-10,153.9538,153.6842,31,PRICE_BELOW_50MA,-8.36,-0.175,0,83,61.0,79,0.85,technology,1,True,0.01398412618904099,0.02293839325999786,0.03331576321664165,0.03367069799066269,-0.016900598222090224,-0.037788750026160556,0.023987728721083457
ANET,CLOSED,2023-11-01,2024-04-12,50.7832,68.8711,44,STOP,795.86,35.618,163,97,50.0,73,0.85,technology,1,False,0.06683403958814504,0.036498917930234555,0.051866183732028004,0.08372543554892653,0.01277635185396142,0.0,-0.03586281501009736
MRVL,CLOSED,2024-04-10,2024-04-12,71.7617,69.6532,67,PRICE_BELOW_50MA,-141.27,-2.938,2,91,48.0,78,0.85,technology,1,True,0.04473533921817374,0.03321127287920341,-0.003397041655446742,0.013543481132528346,-0.015544184934673022,-0.13808893898762797,0.023987728721083457
MSFT,CLOSED,2023-10-25,2024-04-15,337.4611,405.3371,7,PRICE_BELOW_50MA,475.13,20.114,173,82,61.0,74,0.85,technology,1,False,0.015037198075018576,0.019120807418946204,-0.004607538145726231,0.058915913098945616,0.043838475627791196,-0.07861201572541554,-0.028378900371673565
KKR,CLOSED,2024-02-01,2024-04-15,85.598,94.2367,30,PRICE_BELOW_50MA,259.16,10.092,74,96,42.0,74,0.85,financials,1,False,0.08867035040067872,0.019404005353786048,0.03887686892077258,0.06481349466955044,0.005197581386933603,-0.013558170457350305,0.029242174575097035
DDOG,CLOSED,2024-04-15,2024-04-15,128.0379,125.6942,23,PRICE_BELOW_50MA,-53.91,-1.83,0,92,52.0,72,0.85,technology,1,True,0.005891319586577959,0.03072757251273232,0.02500000459971541,0.03962495352538675,0.0031370207762331237,-0.0634593620828432,0.004021454114705447
COIN,CLOSED,2024-03-15,2024-04-16,225.2851,207.0527,13,STOP,-237.02,-8.093,32,99,36.0,73,0.85,financials,1,False,0.41338586507405073,0.08061735813416203,-0.03688895032711237,0.45697712342436225,-0.03684683818128198,-0.08943183456052162,0.042012348728299065
LRCX,CLOSED,2024-02-01,2024-04-17,81.4399,89.3257,32,PRICE_BELOW_50MA,252.34,9.683,76,94,55.0,74,0.85,technology,1,False,0.0864529055778056,0.02360810977593754,-0.027105702564583667,0.10125438429647571,0.008095199186581192,-0.046707317380892954,0.029242174575097035
AMAT,CLOSED,2024-03-06,2024-04-17,206.0803,195.8137,23,PRICE_BELOW_50MA,-236.13,-4.982,42,94,42.0,77,0.85,technology,1,False,0.19699517622926188,0.025598742984353225,0.022330589280590063,0.2142233265821165,0.01234396149173067,-0.01360281805118857,0.037716832624567154
AVGO,CLOSED,2024-04-15,2024-04-17,133.9355,125.1434,22,PRICE_BELOW_50MA,-193.43,-6.564,2,95,50.0,68,0.7,technology,1,True,0.036694611814417355,0.03204552576714236,0.0034642985950110727,0.06933869249991798,0.019292058806378076,-0.04066494133054277,0.004021454114705447
DDOG,CLOSED,2024-04-17,2024-04-17,127.3552,123.4265,23,PRICE_BELOW_50MA,-90.36,-3.085,0,91,52.0,71,0.85,technology,1,True,0.002808950339107108,0.03315310911249273,0.012037583525568607,0.05030192821628021,0.002189837610181433,-0.06757251091202388,-0.011433001331698556
ASML,CLOSED,2024-04-17,2024-04-17,924.5567,888.2598,3,PRICE_BELOW_50MA,-108.89,-3.926,0,93,66.0,69,0.7,technology,1,True,0.018652135280184057,0.025119028020792286,-0.0130426337364844,0.03779707123064591,-0.03491601964743596,-0.06728157105829535,-0.011433001331698556
MU,CLOSED,2024-04-11,2024-04-18,122.1472,112.2676,25,STOP,-246.99,-8.088,7,96,49.0,71,0.85,technology,1,True,0.24962654963748898,0.04431459051369214,-0.04538722213825075,0.2555732452017876,0.005728369769951058,-0.04538722213825075,0.012760991759712681
MPC,CLOSED,2024-04-11,2024-04-18,202.2267,185.864,15,STOP,-245.44,-8.091,7,93,42.0,70,0.85,energy,1,True,0.15019683115795357,0.02184248655157683,-0.017398618494729456,0.1656734095676835,0.004308249862544633,-0.03609735382390844,0.012760991759712681
SMCI,CLOSED,2024-04-17,2024-04-18,99.3002,92.7552,31,PRICE_BELOW_50MA,-202.9,-6.591,1,99,44.0,71,0.85,technology,1,True,0.04149172903846576,0.05930627801694859,0.07973898728687323,-0.02436346804880407,0.016091357059347056,-0.1782470906138225,-0.011433001331698556
SPOT,CLOSED,2023-10-26,2024-04-19,162.9127,279.0007,32,STOP,3714.82,71.258,176,96,49.0,80,0.85,consumer_cyclical,1,False,0.06116628985868644,0.04024975896895992,0.08662375311500314,0.052487852515243905,0.005747080915142533,-0.10020011888687541,-0.04127786543118028
NFLX,CLOSED,2023-11-01,2024-04-19,41.5185,56.7312,52,STOP,791.06,36.641,170,90,48.0,74,0.85,communication_services,1,False,0.030402723804240805,0.026176059701920888,-0.004930809343145159,0.0927405322350785,0.007481417608225849,-0.13798447011857684,-0.03586281501009736
DASH,CLOSED,2023-12-08,2024-04-19,99.099,127.0528,23,PRICE_BELOW_50MA,642.94,28.208,133,95,42.0,71,0.85,consumer_cyclical,1,False,0.17076184132394756,0.0267815597958235,0.053096378862827365,0.1335471765909093,0.0003031098204189231,0.0,0.048285694843402505
HOOD,CLOSED,2024-02-22,2024-04-19,13.7237,16.6134,317,PRICE_BELOW_50MA,916.02,21.056,57,97,48.0,76,0.85,financials,1,False,0.14476810788159455,0.03776411404890074,0.14780405214923076,0.24109592596421492,0.008830013554946836,-0.03548616001314708,0.033006671222207684
WDC,CLOSED,2024-04-05,2024-04-19,55.0839,50.6293,92,STOP,-409.82,-8.087,14,95,42.0,76,0.85,technology,1,True,0.16167227139027363,0.03359795618886173,0.04287387816456256,0.09026256271766342,0.037142137641152706,-0.015079695368244272,0.015676029706255257
FERG,CLOSED,2024-04-08,2024-04-19,215.9191,200.3287,23,PRICE_BELOW_50MA,-358.58,-7.22,11,88,57.0,78,0.85,industrials,1,True,0.09443984335471245,0.015488680295030671,0.02481357649310123,0.11045601480867084,0.003350464060767555,0.0,0.02488500979621655
AMZN,CLOSED,2024-04-16,2024-04-19,183.4533,174.4554,16,PRICE_BELOW_50MA,-143.97,-4.905,3,91,58.0,69,0.7,consumer_cyclical,1,True,0.04069487518146753,0.018683778344755965,-0.008477819015718757,0.0527462277538322,-0.0019060606362788501,-0.028722601676360204,-0.009210082598057112
CAT,CLOSED,2024-04-05,2024-04-25,360.9959,320.76,13,STOP,-523.07,-11.146,20,92,42.0,76,0.85,industrials,1,True,0.11065255394682239,0.0178962507998033,0.014095722771123587,0.10177878215436276,0.007328518910244997,-0.015966469801087402,0.015676029706255257
SPOT,CLOSED,2024-04-24,2024-04-25,301.6514,275.3943,9,STOP,-236.31,-8.704,1,97,55.0,73,0.85,consumer_cyclical,1,True,0.1308245925289384,0.03532759298082331,0.017545662982845434,0.15802528256314075,-0.0064620074209701395,-0.022558087251694947,-0.008211173314030207
DDOG,CLOSED,2024-04-24,2024-04-25,126.8167,125.1248,23,PRICE_BELOW_50MA,-38.91,-1.334,1,94,52.0,69,0.7,technology,1,True,0.005152980308732458,0.037316960219226765,-0.0040172864836215405,0.03081688135041638,0.0019772223597975813,-0.07131833926089415,-0.008211173314030207
APO,CLOSED,2024-04-24,2024-04-29,110.076,106.7193,26,PRICE_BELOW_50MA,-87.28,-3.049,5,93,61.0,71,0.85,financials,1,True,0.023846081088505278,0.02972160768895736,0.05508668028152042,0.0030858761350298636,0.0035158364837040157,-0.019731265385191876,-0.008211173314030207
AVGO,CLOSED,2024-04-30,2024-04-30,129.9155,126.8645,54,PRICE_BELOW_50MA,-164.75,-2.348,0,95,58.0,83,0.85,technology,1,True,0.026117046402757138,0.03239581295771766,0.09323290061981915,-0.008620554995595553,-0.00727600042922516,-0.04455497657771457,-0.0010410781983452022
FLEX,CLOSED,2024-04-24,2024-05-01,28.7787,26.4535,103,STOP,-239.5,-8.08,7,94,66.0,71,0.85,technology,1,True,0.005094196046823374,0.027489858489748414,0.011702124637519296,-0.004883131819877318,0.007711156959679721,-0.06886418880660239,-0.008211173314030207
ARES,CLOSED,2024-04-26,2024-05-01,124.072,121.4902,23,PRICE_BELOW_50MA,-59.38,-2.081,5,85,61.0,74,0.85,financials,1,True,0.00686497198868441,0.02484909131503234,0.02318293370743496,0.0033765129666294413,0.003738789543898946,-0.020866824362607117,-0.013102954851486825
NVDA,CLOSED,2024-05-01,2024-05-01,84.92,82.7221,81,PRICE_BELOW_50MA,-178.03,-2.588,0,98,44.0,82,0.85,technology,1,True,0.008627456380036147,0.04703344997184831,0.04827549075759596,-0.03409641823041987,-0.015335214858454571,-0.09052446225844724,-0.017020523158187806
LLY,CLOSED,2024-05-02,2024-05-02,764.9974,742.4213,9,PRICE_BELOW_50MA,-203.19,-2.951,0,94,61.0,80,0.85,healthcare,1,True,0.020253644043933594,0.021701234794561694,0.06084427694815342,0.0009796431042965459,0.0007593588478724822,-0.019601551405529327,-0.020409154584008604
ALL,CLOSED,2024-04-22,2024-05-15,165.0759,158.1909,17,PRICE_BELOW_50MA,-117.05,-4.171,23,85,74.0,70,0.85,financials,1,True,0.059072626618771995,0.018422941277399893,0.0368683879988978,0.06653522598431327,0.0011564943206585632,-0.002652663990843962,-0.028445381438681472
COF,CLOSED,2024-04-22,2024-05-16,139.1131,136.4712,21,PRICE_BELOW_50MA,-55.48,-1.899,24,86,61.0,68,0.7,financials,1,True,0.028008187572232,0.02061239945342629,0.023564118039409276,-0.001885596743743223,0.008327002876372225,-0.04016393930390505,-0.028445381438681472
PGR,CLOSED,2024-04-23,2024-05-16,196.6859,190.1211,14,PRICE_BELOW_50MA,-91.91,-3.338,23,91,50.0,73,0.85,financials,1,True,0.06582481953743002,0.017783371841667475,0.0310276086175989,0.03598181510538412,0.003427306530119356,-0.007871916817118185,-0.01961142426976825
FANG,CLOSED,2024-04-24,2024-05-16,189.7998,182.7334,15,PRICE_BELOW_50MA,-106.0,-3.723,22,93,42.0,69,0.7,energy,1,True,0.07753599051857463,0.022008398931240868,0.002059330915186619,0.0395747155910513,-0.0032294252095866893,-0.018678675629307695,-0.008211173314030207
WSM,CLOSED,2024-02-22,2024-05-22,107.3642,135.2329,25,PRICE_BELOW_50MA,696.72,25.957,90,94,48.0,72,0.85,consumer_cyclical,1,False,0.07292207671873174,0.029638503820167042,-0.00936781582545354,0.044493981992726805,0.012411401353426887,-0.03003040593094819,0.033006671222207684
GM,CLOSED,2024-04-24,2024-05-22,44.2674,42.8724,67,PRICE_BELOW_50MA,-93.46,-3.151,28,86,63.0,69,0.7,consumer_cyclical,1,True,0.08136520530116664,0.02386760959021393,0.05719633617579767,0.03559117640802989,0.004656493879513723,-0.00660802793006221,-0.008211173314030207
PHM,CLOSED,2024-04-24,2024-05-23,111.326,110.4569,26,PRICE_BELOW_50MA,-22.6,-0.781,29,92,60.0,70,0.7,consumer_cyclical,1,True,0.021620784910706625,0.02778341420053126,0.055212441699824755,-0.02532633696028963,0.005675843991407747,-0.06516335630362069,-0.008211173314030207
CVNA,CLOSED,2024-05-02,2024-05-23,24.014,22.0679,400,STOP,-778.43,-8.104,21,99,48.0,83,0.85,consumer_cyclical,1,True,0.1064920373406919,0.058502692151546166,0.1558062123624544,0.05691746064299408,0.3773108726541954,-0.04096472644376736,-0.020409154584008604
SYF,CLOSED,2024-04-22,2024-05-29,40.0781,40.6713,74,PRICE_BELOW_50MA,43.9,1.48,37,83,60.0,70,0.7,financials,1,False,0.011002556643916472,0.024954478591795032,0.028705597444763864,-0.025322404949698507,0.008178999179254465,-0.043928247770485096,-0.028445381438681472
FITB,CLOSED,2024-04-26,2024-05-29,33.7378,33.1944,138,PRICE_BELOW_50MA,-75.0,-1.611,33,81,58.0,76,0.85,financials,1,False,0.0458465000462569,0.023376259439560107,0.07597910798364782,0.002177612211216262,-0.0010866308123540502,-0.011012552117861674,-0.013102954851486825
COIN,CLOSED,2024-05-30,2024-05-31,241.3411,221.808,20,STOP,-390.66,-8.094,1,99,48.0,78,0.85,financials,1,True,0.019842629444715598,0.05974766896671813,0.04814418981290314,0.1604472240271353,0.01880419320432236,-0.15394515345909343,0.018847407342934552
ETN,CLOSED,2024-05-23,2024-06-04,333.3085,306.3334,14,STOP,-377.65,-8.093,12,94,44.0,76,0.85,industrials,1,True,0.05806778952363012,0.01823216630208349,-0.005266672506770709,0.05770361710558913,0.017877312993764827,-0.005266672506770709,0.028496773185721525
ARES,CLOSED,2024-05-24,2024-06-04,134.4891,124.7097,35,PRICE_BELOW_50MA,-342.28,-7.272,11,90,58.0,75,0.85,financials,1,True,0.06637847906135841,0.027180853818249945,-0.01302337257418762,0.08240469958307384,0.0051813697360774125,-0.03384060714030457,0.020525162819792664
DELL,CLOSED,2024-04-11,2024-06-07,119.1172,125.4819,26,PRICE_BELOW_50MA,165.48,5.343,57,98,36.0,71,0.85,technology,1,False,0.19113584835927555,0.04606931799535542,-0.04051963782571677,0.08648165148083731,0.001945442854590862,-0.07044897954796614,0.012760991759712681
APP,CLOSED,2024-02-22,2024-06-11,57.8178,77.2726,77,PRICE_BELOW_50MA,1498.03,33.649,110,99,49.0,78,0.85,communication_services,1,False,0.281953380834135,0.049024343500156435,0.20925149366658724,0.23898946425463174,0.042223028327328826,-0.07432772410773392,0.033006671222207684
DAL,CLOSED,2024-04-19,2024-06-11,46.5222,47.9677,63,PRICE_BELOW_50MA,91.07,3.107,53,91,42.0,74,0.85,industrials,1,False,0.09136516720483434,0.028869975063490576,0.004618943351428539,0.054429326291862035,-0.001045038726935621,-0.012156246438670859,-0.019944354646789453
PGR,CLOSED,2024-06-05,2024-06-11,195.4619,191.4804,36,PRICE_BELOW_50MA,-143.33,-2.037,6,90,61.0,81,0.85,financials,1,True,0.01349982356369539,0.0178664052238994,0.0330928786170841,-0.016426207102953505,0.0020285817253740124,-0.01820297879645305,0.02223038312624892
GE,CLOSED,2024-01-08,2024-06-13,99.3377,153.4974,24,PRICE_BELOW_50MA,1299.83,54.521,157,89,48.0,70,0.7,industrials,1,False,0.06126235709799599,0.01458741907630755,-0.015819814522244457,0.05474758863395146,-0.0005542451994001718,-0.015819814522244457,0.03586960361207914
WAB,CLOSED,2024-04-24,2024-06-14,160.4796,158.4407,20,PRICE_BELOW_50MA,-40.78,-1.27,51,82,58.0,69,0.7,industrials,1,False,0.04219345013669673,0.01701527629971837,0.020761779064197627,0.03955739774942835,0.09273992465588776,-0.01342199241601194,-0.008211173314030207
COIN,CLOSED,2024-06-05,2024-06-21,247.1069,226.773,19,STOP,-386.34,-8.229,16,99,42.0,79,0.85,financials,1,True,0.05860564927627854,0.06494675933139371,-0.003265318578603349,0.07610278425000816,0.01089272602518987,-0.126952899759174,0.02223038312624892
SMCI,CLOSED,2024-06-17,2024-06-24,85.8257,82.6153,56,PRICE_BELOW_50MA,-179.78,-3.741,7,99,50.0,75,0.85,technology,1,True,0.005678479743451259,0.05373931988619752,0.09807438418812486,-0.06618752653078841,0.015227170378574462,-0.28914960444754645,0.04424167839238291
GE,CLOSED,2024-06-24,2024-06-24,162.1129,158.2791,43,PRICE_BELOW_50MA,-164.85,-2.365,0,95,53.0,82,0.85,industrials,1,True,0.01830651644922332,0.026637845455332796,0.05491675651562611,0.02132965413801302,-0.0008523691983195469,-0.027359931555076544,0.04618853411663548
WSM,CLOSED,2024-06-12,2024-06-25,147.8328,142.2572,20,PRICE_BELOW_50MA,-111.51,-3.772,13,97,60.0,71,0.85,consumer_cyclical,1,True,0.010283130499295412,0.0478560443111008,0.0587092678968153,-0.05154930028052762,0.02021053890116442,-0.06523217323488684,0.03602582350275352
PGR,CLOSED,2024-06-25,2024-06-25,194.146,191.2875,24,PRICE_BELOW_50MA,-68.6,-1.472,0,86,61.0,76,0.85,financials,1,True,0.0054932517185919405,0.017704581577984976,0.03315028064280878,0.03691313846878996,0.0013764131901998766,-0.024177976549736524,0.04173083615924944
PDD,CLOSED,2024-04-26,2024-06-26,129.4894,138.0918,37,PRICE_BELOW_50MA,318.29,6.643,61,84,61.0,79,0.85,consumer_cyclical,1,False,0.029534778678440787,0.03146399348724049,0.10633249157243752,0.07826158894921531,0.028380631758017083,-0.16877024123769113,-0.013102954851486825
PWR,CLOSED,2024-05-16,2024-06-26,269.2786,265.6019,25,PRICE_BELOW_50MA,-91.92,-1.365,41,91,50.0,83,0.85,industrials,1,False,0.06309035704528898,0.026274977588294945,0.02192623019441231,0.10095126653806274,-0.003951383264861996,-0.0025416951960709477,0.03212597062298794
CEG,CLOSED,2024-06-12,2024-06-27,218.5337,200.849,14,STOP,-247.59,-8.092,15,98,44.0,70,0.85,utilities,1,True,0.08356022949337105,0.04980128743277545,0.07467765087971512,0.023661117435816115,0.013558695135962973,-0.05459530954469416,0.03602582350275352
SPOT,CLOSED,2024-06-27,2024-07-10,319.6093,304.685,9,PRICE_BELOW_50MA,-134.32,-4.67,13,97,50.0,74,0.85,consumer_cyclical,1,True,0.05609527063900854,0.02892279105287327,0.029235229871027446,0.02794154717005992,0.001034666098209458,-0.02363169276903032,0.0439095661836022
MU,CLOSED,2024-05-24,2024-07-15,127.037,129.922,37,PRICE_BELOW_50MA,106.74,2.271,52,97,42.0,75,0.85,technology,1,False,0.08127632140765684,0.027220587517494156,-0.012667124784082051,0.13165449903997062,0.012275142134384964,-0.021162937619364053,0.020525162819792664
CEG,CLOSED,2024-07-11,2024-07-15,216.8448,209.8274,32,PRICE_BELOW_50MA,-224.56,-3.236,4,98,42.0,83,0.85,utilities,1,True,0.037950505860438355,0.03687380075212707,0.06500128583650344,0.02292312314952194,4.5485294212666005e-05,-0.049225449275987376,0.055710883781375564
META,CLOSED,2024-06-26,2024-07-16,503.3776,485.6543,8,PRICE_BELOW_50MA,-141.79,-3.521,20,91,44.0,79,0.85,communication_services,1,True,0.06632700951972903,0.020740447401646968,0.0078360552487442,0.0687695808759361,-0.007736062608081684,-0.030782927246635783,0.04431419014180782
APH,CLOSED,2024-04-25,2024-07-17,28.2885,31.5213,103,PRICE_BELOW_50MA,332.99,11.428,83,84,57.0,71,0.85,technology,1,False,0.04689125012410811,0.021825904404804305,0.0432326788887929,0.026204381855783554,-0.00937159794592346,-0.009115588562083832,-0.008914426009355436
TTD,CLOSED,2024-05-02,2024-07-17,88.2482,95.1448,54,PRICE_BELOW_50MA,372.42,7.815,76,86,64.0,80,0.85,consumer_cyclical,1,False,0.0247396931367585,0.03476340289842201,0.01933408197733799,-0.01759832915035897,0.03219763355682881,-0.06410254588191211,-0.020409154584008604
KLAC,CLOSED,2024-05-17,2024-07-17,74.4601,76.7947,95,PRICE_BELOW_50MA,221.79,3.135,61,91,48.0,82,0.85,technology,1,False,0.08321318899114849,0.023899974087325374,0.056755990679785207,0.16575853857631584,0.009326601801499246,-0.013478656631988217,0.029179385538010916
WDC,CLOSED,2024-05-17,2024-07-17,55.3098,53.9444,128,PRICE_BELOW_50MA,-174.77,-2.469,61,97,48.0,81,0.85,technology,1,False,0.08017494779893375,0.03007518867561911,0.02788178925043594,0.0846018959625725,-0.00863702905196706,-0.021006679822796914,0.029179385538010916
CRWD,CLOSED,2024-06-10,2024-07-17,91.8668,88.6463,34,PRICE_BELOW_50MA,-109.5,-3.506,37,97,42.0,74,0.85,technology,1,False,0.0978160519966933,0.042697162333727626,0.11301680164470151,0.09806879422644355,0.05150094877920952,-0.00668622100137628,0.03144281772115387
APP,CLOSED,2024-06-28,2024-07-17,83.5835,80.1098,85,PRICE_BELOW_50MA,-295.26,-4.156,19,99,42.0,84,0.85,communication_services,1,True,0.060906424158359895,0.04446325728219088,0.07696297509612604,-0.009178646425898274,0.00457167036647621,-0.038296859272318406,0.043779071186010876
QCOM,CLOSED,2024-07-17,2024-07-17,190.5551,182.4334,15,PRICE_BELOW_50MA,-121.83,-4.262,0,93,42.0,72,0.85,technology,1,True,0.037854866587789804,0.02441261183764843,0.012166944879275166,-0.02642449872380781,-0.04727167436218227,-0.07684168932306445,0.05318072959599607
UBER,CLOSED,2024-06-27,2024-07-18,71.051,66.1937,66,PRICE_BELOW_50MA,-320.58,-6.836,21,84,58.0,75,0.85,technology,1,True,0.04065988492315209,0.02632422686095505,0.0073936674182879525,0.11539669338055747,0.0018349313424472768,-0.12949995078717091,0.0439095661836022
WSM,CLOSED,2024-07-16,2024-07-18,152.6153,143.7402,32,PRICE_BELOW_50MA,-284.0,-5.815,2,96,52.0,78,0.85,consumer_cyclical,1,True,0.03485910807709858,0.03459354545491819,0.08612110055037259,-0.036068989761909864,0.017886181458879102,-0.036068989761909864,0.049377069830826015
NXPI,CLOSED,2024-05-03,2024-07-19,249.9641,258.3139,18,PRICE_BELOW_50MA,150.3,3.34,77,87,50.0,81,0.85,technology,1,False,0.05061877321316799,0.02920800232632446,0.06796028120303754,0.06309323048259952,0.026508339215586263,-0.014224207679219614,-0.011608856681843416
NVDA,CLOSED,2024-05-17,2024-07-24,94.1948,113.8206,76,PRICE_BELOW_50MA,1491.56,20.835,68,98,42.0,83,0.85,technology,1,False,0.06927718359366875,0.02888437496362949,0.06323570971519188,0.11441925055948432,0.0001061940022943908,-0.006768546132913444,0.029179385538010916
HOOD,CLOSED,2024-05-23,2024-07-24,19.9399,21.3886,241,PRICE_BELOW_50MA,349.13,7.265,62,98,42.0,77,0.85,financials,1,False,0.08190803082158515,0.05988591055884762,0.061555041116132525,0.135759702713647,0.013224833718198603,-0.062022867072718424,0.028496773185721525
PLTR,CLOSED,2024-07-19,2024-07-25,28.3383,26.014,163,STOP,-378.87,-8.202,6,96,36.0,75,0.85,technology,1,True,0.19711419829715604,0.03875448419119242,0.03617945087128027,0.1092176501996438,-0.011522343950374991,-0.0010464139018371288,0.027176166383822142
RCL,CLOSED,2024-07-19,2024-07-25,160.6097,147.6122,18,STOP,-233.95,-8.093,6,96,48.0,73,0.85,consumer_cyclical,1,True,0.07222760021569252,0.02420104556946926,0.006189425695697359,0.08390555051008786,0.010841169354645741,-0.0458507543403428,0.027176166383822142
COIN,CLOSED,2024-07-19,2024-07-25,235.3351,231.2885,12,PRICE_BELOW_50MA,-48.56,-1.72,6,98,48.0,71,0.85,financials,1,True,0.02007437618967023,0.051550197249386275,0.08670735771782057,-0.011485448146339894,0.00797462084782019,-0.1661363103983977,0.027176166383822142
NU,CLOSED,2024-07-22,2024-07-29,13.1531,12.2078,349,PRICE_BELOW_50MA,-329.93,-7.187,7,95,50.0,75,0.85,financials,1,True,0.10202080131041313,0.02656165986783909,0.004474304272887641,0.11506625431304718,-0.0244988802645989,-0.008100122039413682,0.019085593383230348
STX,CLOSED,2024-06-26,2024-07-30,99.9976,95.4446,47,PRICE_BELOW_50MA,-213.99,-4.553,34,91,42.0,75,0.85,technology,1,False,0.11550054127342047,0.026159333307443973,-0.014628478323602034,0.10871317243058587,-0.0011567141928336966,-0.014721425143026878,0.04431419014180782
LDOS,CLOSED,2024-07-16,2024-07-30,146.1678,142.3078,32,PRICE_BELOW_50MA,-123.52,-2.641,14,91,61.0,79,0.85,technology,1,True,0.019770644472748566,0.014677950405911196,0.023358100679768068,0.03609936559531679,0.004564848787359965,-0.011884114223668307,0.049377069830826015
SW,CLOSED,2024-07-25,2024-07-30,45.2022,43.5466,101,PRICE_BELOW_50MA,-167.21,-3.663,5,81,80.0,81,0.85,consumer_cyclical,1,True,0.03219546091107506,0.029384242181561895,0.021107802077929172,0.06009983492191728,-0.009005370936825852,-0.025334103913993267,0.001095507969201881
GDDY,CLOSED,2024-05-30,2024-08-01,138.4383,141.2686,35,PRICE_BELOW_50MA,99.06,2.044,63,95,50.0,76,0.85,technology,1,False,0.09645085173919865,0.015996576595462164,0.003528519553489984,0.1387481920086362,-0.007606182218364732,-0.005565854022363426,0.018847407342934552
APO,CLOSED,2024-06-03,2024-08-01,113.2012,112.0379,42,PRICE_BELOW_50MA,-48.86,-1.028,59,88,61.0,76,0.85,financials,1,False,0.038468122638337876,0.02448836270853032,0.029057400448237125,0.040673282559936075,0.00671498702204687,-0.005223991268236916,0.02076163691901667
MSTR,CLOSED,2024-07-19,2024-08-01,157.4973,151.0298,30,PRICE_BELOW_50MA,-194.03,-4.106,13,99,36.0,75,0.85,technology,1,True,0.0497200681288803,0.0613602403948941,0.14471207201605574,0.058342443699185065,0.011728631088010477,-0.18966628018000842,0.027176166383822142
WSM,CLOSED,2024-07-25,2024-08-01,145.7773,140.5784,20,PRICE_BELOW_50MA,-103.98,-3.566,7,97,58.0,69,0.7,consumer_cyclical,1,True,0.014244001752524937,0.036626781405131294,0.011003062877288139,0.030538459016203667,-0.007608408363684593,-0.06907582566798587,0.001095507969201881
NWS,CLOSED,2024-07-30,2024-08-01,28.2733,27.4996,103,PRICE_BELOW_50MA,-79.69,-2.736,2,85,67.0,71,0.85,communication_services,1,True,0.017724680893375977,0.01793218229934813,-0.002793264122357808,0.005988083675230849,0.005602173444855474,-0.02492321782723672,0.005442179558722948
KKR,CLOSED,2024-06-14,2024-08-02,106.7858,106.9861,67,PRICE_BELOW_50MA,13.42,0.188,49,94,55.0,80,0.85,financials,1,False,0.08673466205991609,0.030763394328247998,0.09920587543753223,0.015696110175053457,-0.010607106882978279,-0.019104921318346513,0.04480102330158364
FANG,CLOSED,2024-06-25,2024-08-02,186.2043,177.5403,25,PRICE_BELOW_50MA,-216.6,-4.653,38,87,61.0,79,0.85,energy,1,False,0.006761977102433869,0.01772817314198924,0.06484933406339444,0.03162118941619996,-0.0007071010119239496,-0.039698453499708464,0.04173083615924944
SYF,CLOSED,2024-07-22,2024-08-02,47.9647,44.0859,97,STOP,-376.25,-8.087,11,88,48.0,75,0.85,financials,1,True,0.09960966724904319,0.023900071632316958,0.01751173447361909,0.1121744018326829,-0.0018011865351300616,-0.043086914720974034,0.019085593383230348
URI,CLOSED,2024-07-26,2024-08-02,749.856,676.2356,6,STOP,-441.72,-9.818,7,95,42.0,79,0.85,industrials,1,True,0.1328620493176742,0.03592262839498033,0.035431278314237424,0.19756121677984173,0.012369841532954284,0.0,-0.004826531059149208
ARES,CLOSED,2024-07-31,2024-08-02,142.1232,130.6192,32,STOP,-368.12,-8.094,2,87,50.0,80,0.85,financials,1,True,0.06946185647813086,0.02346238070188776,-0.008024511663009215,0.09823809869478639,0.020791407721119537,-0.008024511663009215,-0.00020584373517362753
TFC,CLOSED,2024-07-31,2024-08-02,40.6607,37.3726,113,STOP,-371.56,-8.087,2,91,42.0,75,0.85,financials,1,True,0.14890229435619307,0.023030684033056754,0.017893623976219297,0.14496802923177032,0.001335081529135529,0.0,-0.00020584373517362753
META,CLOSED,2024-08-02,2024-08-02,485.8416,484.0182,5,PRICE_BELOW_50MA,-9.12,-0.375,0,90,60.0,70,0.85,communication_services,1,True,0.011789963647379054,0.03008454687972513,0.09777041247867557,-0.023962590287035623,-0.017559409968221695,-0.07810555410718323,0.00026558697870404657
WMB,CLOSED,2024-06-12,2024-08-05,38.7258,38.2221,124,PRICE_BELOW_50MA,-62.46,-1.301,54,85,61.0,76,0.85,energy,1,False,0.05423242044747867,0.01681169501170498,0.01282493563221565,0.055217601973394315,0.007976867679343469,-0.0021708343168154176,0.03602582350275352
GEN,CLOSED,2024-07-19,2024-08-05,24.6161,23.5992,119,PRICE_BELOW_50MA,-121.01,-4.131,17,88,48.0,74,0.85,technology,1,True,0.0482739072875531,0.018457514071300953,0.0231998833526752,0.08573835424206289,0.0023455689878184582,-0.007758119944922037,0.027176166383822142
GS,CLOSED,2024-07-19,2024-08-05,467.7959,427.2212,6,STOP,-243.45,-8.674,17,88,58.0,73,0.85,financials,1,True,0.05509748441604789,0.021683745181733282,0.014564922842479788,0.06291677524643768,0.005985098535475908,-0.033418134495087015,0.027176166383822142
GRMN,CLOSED,2024-07-19,2024-08-05,165.2309,155.7921,17,PRICE_BELOW_50MA,-160.46,-5.713,17,92,67.0,71,0.85,technology,1,True,0.04047531972030183,0.01572362514598137,0.02590561148524717,0.0644600540842335,9.163823699864793e-09,-0.015310282679240284,0.027176166383822142
SPOT,CLOSED,2024-07-26,2024-08-05,330.7504,301.708,20,STOP,-580.85,-8.781,10,98,57.0,80,0.85,consumer_cyclical,1,True,0.06220635873803193,0.03397388989455958,0.13368489128533634,0.03132060766110256,0.00446876779496197,-0.022494880107502557,-0.004826531059149208
IP,CLOSED,2024-08-05,2024-08-05,40.081,40.3919,67,PRICE_BELOW_50MA,20.83,0.776,0,91,52.0,70,0.85,consumer_cyclical,1,False,0.02132615554360595,0.025499097256186844,-0.020886535771693526,0.07286325263249815,-0.04222907776936691,-0.029162995532274527,-0.018475412541979708
ALNY,CLOSED,2024-08-06,2024-09-03,266.9267,253.5262,23,PRICE_BELOW_50MA,-308.21,-5.02,28,99,48.0,83,0.85,healthcare,1,True,0.26655725898918137,0.034924534388950886,0.12155070835060289,0.038767587965922834,0.006264164762676883,-0.025914310271294094,-0.04668374416048404
CVNA,CLOSED,2024-08-05,2024-09-06,23.8739,26.6553,163,PRICE_BELOW_50MA,453.38,11.651,32,99,43.0,75,0.85,consumer_cyclical,1,False,0.14033996354393552,0.06609746358682562,0.03274372785946533,0.07145645763734865,-0.13083090680454257,-0.06360907268909077,-0.018475412541979708
GDDY,CLOSED,2024-08-06,2024-09-06,147.8277,149.85,19,PRICE_BELOW_50MA,38.42,1.368,31,98,55.0,74,0.85,technology,1,False,0.035378275507296664,0.021645460350123425,0.02113465393714753,0.022485284535798122,0.005446539803746653,-0.028892529700413228,-0.04668374416048404
CFG,CLOSED,2024-09-04,2024-09-10,39.7352,37.3231,115,PRICE_BELOW_50MA,-277.39,-6.07,6,94,42.0,75,0.85,financials,1,True,0.07920884151238017,0.01716830313855449,-0.0009364706102856779,0.11409901677223222,-0.0039840126893587735,-0.008827107453760474,0.005819353652283921
EFX,CLOSED,2024-07-26,2024-10-01,265.7065,284.6664,17,PRICE_BELOW_50MA,322.32,7.136,67,87,50.0,78,0.85,industrials,1,False,0.0942920711136006,0.02787937476354976,0.012642415234188631,0.13001053867678602,0.011961441207937407,-0.020572152779186337,-0.004826531059149208
UHS,CLOSED,2024-08-06,2024-10-01,209.2783,222.5054,13,PRICE_BELOW_50MA,171.95,6.32,56,97,49.0,74,0.85,healthcare,1,False,0.11378821798321481,0.030758301036608836,-0.029572752220886178,0.16813364907311112,0.00028443206614059413,-0.029572752220886178,-0.04668374416048404
MCO,CLOSED,2024-08-05,2024-10-02,445.2924,462.2502,14,PRICE_BELOW_50MA,237.41,3.808,58,91,50.0,80,0.85,financials,1,False,0.07913106289511651,0.02219203052922309,0.026384351493384584,0.06553912952482466,-0.016782831667740306,-0.0006293261538741213,-0.018475412541979708
AMT,CLOSED,2024-08-06,2024-10-04,207.7646,206.0962,13,PRICE_BELOW_50MA,-21.69,-0.803,59,93,42.0,73,0.85,real_estate,1,False,0.12516685542358763,0.022948474409459012,0.052389002069421986,0.1530305799068732,-0.005172601284092027,-0.03601265793780817,-0.04668374416048404
ALL,CLOSED,2024-07-31,2024-10-07,165.8099,174.2612,28,PRICE_BELOW_50MA,236.64,5.097,68,81,58.0,78,0.85,financials,1,False,0.05631794874338514,0.024203153151135078,-5.754495596432818e-05,0.08128845908979532,-0.0036293533307635295,-0.017544818332571377,-0.00020584373517362753
HCA,CLOSED,2024-08-06,2024-10-07,345.9034,376.488,8,PRICE_BELOW_50MA,244.68,8.842,62,88,58.0,73,0.85,healthcare,1,False,0.04841321814347732,0.02620285847286796,-0.02383437041821812,0.10742842295089217,0.003312681860439204,-0.03563571236006147,-0.04668374416048404
DHI,CLOSED,2024-09-09,2024-10-10,182.4316,179.031,15,PRICE_BELOW_50MA,-51.01,-1.864,31,96,42.0,70,0.85,consumer_cyclical,1,False,0.09955438846319709,0.023116244297218216,-0.0037999195407502073,0.07763548622047556,0.0019341401901769029,-0.029459301777446822,-0.015814117514274195
VST,CLOSED,2024-10-08,2024-10-11,129.6341,116.0426,36,STOP,-489.3,-10.485,3,99,31.0,75,0.85,utilities,1,True,0.4636822562205838,0.05629867357894058,0.10738992418837756,0.7555991712378154,-0.002056890543616796,-0.051585807621743585,0.026290629066346938
PHM,CLOSED,2024-08-02,2024-10-22,124.1974,131.5176,22,PRICE_BELOW_50MA,161.05,5.894,81,92,48.0,73,0.85,consumer_cyclical,1,False,0.11654975588621053,0.032968298700366244,0.03424010023595936,0.23053516456882073,-0.023128197937731576,-0.029283544826961938,0.00026558697870404657
MMM,CLOSED,2024-08-05,2024-10-22,114.6075,126.6899,23,PRICE_BELOW_50MA,277.89,10.542,78,96,55.0,70,0.7,industrials,1,False,0.19914122158485914,0.02885887861591256,-0.015099228199010772,0.23608364424584072,-0.04527295002074183,-0.018110648603118396,-0.018475412541979708
PGR,CLOSED,2024-09-09,2024-10-22,229.9515,228.1943,12,PRICE_BELOW_50MA,-21.09,-0.764,43,96,48.0,71,0.85,financials,1,False,0.1072985315370345,0.015461011838114309,-0.005279851786183509,0.1388990905705212,0.0043024978376764444,-0.020558433625480155,-0.015814117514274195
DECK,CLOSED,2024-10-14,2024-10-22,162.152,153.896,18,PRICE_BELOW_50MA,-148.61,-5.092,8,89,50.0,73,0.85,consumer_cyclical,1,True,0.0425345489472746,0.02992248873113926,-0.03333132090383695,0.03468188736860722,0.004589181352955496,-0.11556607326561841,0.04260370187840534
HIG,CLOSED,2024-08-02,2024-10-25,104.8633,108.3611,27,PRICE_BELOW_50MA,94.44,3.336,84,88,58.0,71,0.85,financials,1,False,0.07243385223735332,0.01814709551652096,0.07124001191577922,0.10038151496753267,-0.006933033693260038,-0.019323697195383405,0.00026558697870404657
IBM,CLOSED,2024-08-02,2024-10-25,177.567,203.2782,16,PRICE_BELOW_50MA,411.38,14.48,84,84,50.0,70,0.7,technology,1,False,0.07595932663437721,0.020969865178095754,-0.012084620254743661,0.0792693536661917,-0.004639935632589687,-0.03153643945624196,0.00026558697870404657
NU,CLOSED,2024-10-23,2024-11-01,14.5545,14.3257,335,PRICE_BELOW_50MA,-76.67,-1.573,9,82,56.0,78,0.85,financials,1,True,0.027474699871929076,0.02585970183950545,0.025387845481628535,-0.017567582806154447,0.0,-0.03963014318783331,0.034313827365307636
PEG,CLOSED,2024-08-05,2024-11-04,73.4565,76.6932,38,PRICE_BELOW_50MA,122.99,4.406,91,81,61.0,73,0.85,utilities,1,False,0.05663657439702274,0.022607422117730473,0.03710038164225882,0.06426356644056308,0.00025366515380587096,-0.011783743276687186,-0.018475412541979708
IRM,CLOSED,2024-08-06,2024-11-06,97.8989,107.1826,44,PRICE_BELOW_50MA,408.48,9.483,92,99,36.0,76,0.85,real_estate,1,False,0.14261371636797326,0.028816527611447172,0.04875351736848321,0.12339833478129059,0.006038381843406215,-0.04756256335792475,-0.04668374416048404
UPST,CLOSED,2024-10-08,2024-11-12,40.7307,71.0289,171,STOP,5180.99,74.387,35,98,42.0,84,0.85,financials,1,False,0.12255929514270103,0.06324789650615104,0.025243743529149043,0.1656721244265622,-0.008044900716041692,-0.13295287958030755,0.026290629066346938
RKLB,CLOSED,2024-10-02,2024-11-14,8.969,17.3027,508,STOP,4233.53,92.917,43,99,42.0,75,0.85,industrials,1,False,0.44081416183725963,0.06173965097260023,0.2160736965320431,0.5231022490740822,-0.02925238542578923,-0.05623723985192497,0.03173582995169322
NU,CLOSED,2024-11-07,2024-11-15,15.1952,13.966,337,STOP,-414.23,-8.089,8,83,54.0,76,0.85,financials,1,True,0.04750353707398536,0.030671992147546526,-0.04450094276135108,0.12753186939197625,0.009980078168300599,-0.04450094276135108,0.03835453787981158
TRGP,CLOSED,2024-04-23,2024-12-09,107.9166,180.0298,27,STOP,1947.06,66.823,230,94,38.0,69,0.7,energy,1,False,0.07676524806901597,0.021514559264676367,-0.004635329563663859,0.02623981241938078,-0.0010543539273618618,-0.01887933597760605,-0.01961142426976825
HOOD,CLOSED,2024-09-12,2024-12-10,20.8508,37.4625,333,STOP,5531.69,79.669,89,90,42.0,80,0.85,financials,1,False,0.0004362041872261191,0.042434937336836384,0.08006272791368252,0.12112979688860803,0.009205452503690426,-0.1619975601734439,0.009290624710236672
DUOL,CLOSED,2024-12-10,2024-12-11,361.8315,332.5471,10,STOP,-292.84,-8.093,1,95,48.0,74,0.85,consumer_cyclical,1,True,0.15940132503804727,0.038065882775994146,0.04066142440439324,0.10315387192046854,0.0023848919998767926,-0.03329494536197519,0.031171501010545555
MTB,CLOSED,2024-11-18,2024-12-12,202.9292,189.9695,26,PRICE_BELOW_50MA,-336.95,-6.386,24,92,42.0,75,0.85,financials,1,True,0.14767934506263392,0.020380130231799912,0.025452314886123206,0.08701566800935256,-0.0012106380737573197,-0.00840426903858682,0.018175959343414094
AXON,CLOSED,2024-10-03,2024-12-16,404.5742,620.1792,11,STOP,2371.66,53.292,74,96,42.0,79,0.85,industrials,1,False,0.12265908274575055,0.017303119447641128,0.023402316883726515,0.13834248717527453,-0.000840514028534467,0.0,0.0315435822939667
MRVL,CLOSED,2024-10-28,2024-12-17,82.304,111.6782,59,STOP,1733.08,35.69,50,92,49.0,75,0.85,technology,1,False,0.11062734329029356,0.03339529199103568,0.022041290537094138,0.15055011419809072,0.012130966476565863,-0.03849755795736931,0.023008981458855216
BNY,CLOSED,2024-07-19,2024-12-18,60.8044,73.1315,48,PRICE_BELOW_50MA,591.7,20.273,152,85,58.0,72,0.85,financials,1,False,0.0642614763388214,0.0174070662137616,0.03269886064678351,0.081799690108735,0.004725695276358799,-0.033936913609144304,0.027176166383822142
NDAQ,CLOSED,2024-08-02,2024-12-18,64.8132,75.6801,44,PRICE_BELOW_50MA,478.14,16.767,138,79,57.0,71,0.85,financials,1,False,0.09668980579452868,0.01814361819557079,0.0008916817381385833,0.11938790689623002,-0.010249542361094655,-0.026464272227688435,0.00026558697870404657
HWM,CLOSED,2024-08-05,2024-12-18,85.7225,107.1366,49,PRICE_BELOW_50MA,1049.29,24.981,135,97,48.0,75,0.85,industrials,1,False,0.09811156756905959,0.030509258154022445,0.09046939431602352,0.14416256773558267,-0.0446984468127819,-0.057889095052117256,-0.018475412541979708
CBRE,CLOSED,2024-08-05,2024-12-18,109.069,128.7911,25,PRICE_BELOW_50MA,493.05,18.082,135,92,42.0,70,0.85,real_estate,1,False,0.18863524756875383,0.025062768029441376,-0.0015378181243491662,0.26568052301551526,-0.012864633124470615,-0.020672538816262742,-0.018475412541979708
COHR,CLOSED,2024-10-07,2024-12-18,95.095,97.2327,49,PRICE_BELOW_50MA,104.75,2.248,72,99,42.0,79,0.85,technology,1,False,0.2517431105459069,0.04221424824815244,0.061226760412895986,0.3908666553498428,-0.003461678639632315,0.0,0.03659106482848351
DASH,CLOSED,2024-10-23,2024-12-18,152.152,165.2246,20,PRICE_BELOW_50MA,261.45,8.592,56,97,42.0,71,0.85,consumer_cyclical,1,False,0.11905694129356958,0.019838370121524004,0.024652369781139383,0.07665161753080718,-0.0035400112095186342,-0.0022892674793176804,0.034313827365307636
GLW,CLOSED,2024-11-04,2024-12-18,47.0228,45.3569,102,PRICE_BELOW_50MA,-169.92,-3.543,44,90,48.0,76,0.85,technology,1,False,0.08683924856199132,0.02134291886810082,0.04562141977656076,0.07754001912498598,0.0010339265248469065,-0.01366516927678918,0.00527475077889572
VRT,CLOSED,2024-11-13,2024-12-18,125.8119,115.6342,43,STOP,-437.64,-8.09,35,98,36.0,77,0.85,industrials,1,False,0.20823369256514557,0.033047184418440505,0.10112053321010461,0.15204244645677845,0.017607600710362936,-0.02358048793197909,0.04264619356624899
APP,CLOSED,2024-12-17,2024-12-18,340.9306,313.3463,10,STOP,-275.84,-8.091,1,99,38.0,74,0.85,communication_services,1,True,0.39655649371291024,0.07204844945128958,0.004145451260389121,0.18162766080019188,-0.009797636937165732,-0.1433125991156211,0.028680750694576984
CVNA,CLOSED,2024-10-02,2024-12-19,34.7968,44.5514,133,PRICE_BELOW_50MA,1297.37,28.033,78,99,49.0,78,0.85,consumer_cyclical,1,False,0.18722015696370087,0.040247439350350786,0.01795017126377796,0.21644065403107549,-0.011319647654769449,0.0,0.03173582995169322
UPST,CLOSED,2024-12-18,2024-12-19,83.7737,75.4695,103,STOP,-855.34,-9.913,1,99,42.0,82,0.85,financials,1,True,0.30440040798171863,0.06399136605669901,0.1211834859160772,0.21561450043220565,0.008434806550854379,-0.017404703251688414,0.023176556215222188
META,CLOSED,2024-12-11,2024-12-20,619.9346,581.3303,5,PRICE_BELOW_50MA,-193.02,-6.227,9,90,58.0,74,0.85,communication_services,1,True,0.06509765614104368,0.024800251702557,0.009239892822288986,0.06198888639335354,0.00653938857217673,-0.00713408243743241,0.02694837561626451
CRM,CLOSED,2024-12-13,2024-12-20,359.1257,328.0023,10,STOP,-311.23,-8.666,7,88,48.0,72,0.85,technology,1,True,0.1360714480196885,0.021865682066663696,-0.009270050065724456,0.04772898151968796,0.01667463252154988,-0.026748612182493692,0.02695473932025161
NVDA,CLOSED,2024-12-26,2024-12-27,139.4751,136.5161,40,PRICE_BELOW_50MA,-118.36,-2.122,1,97,58.0,78,0.85,technology,1,True,0.003334447103595428,0.035189591687263225,0.07538931906035429,0.030948830822446594,-0.003708549030272734,-0.05810270777932003,0.018946187664536485
FISV,CLOSED,2024-12-27,2024-12-30,208.8887,206.0637,26,PRICE_BELOW_50MA,-73.45,-1.352,3,87,60.0,75,0.85,technology,1,True,0.01229344545865696,0.01665047785626248,0.042277949105553825,-0.05466398664387784,-0.007656097112338167,-0.05466398664387784,0.01820278517863949
GM,CLOSED,2024-12-30,2024-12-30,52.8923,52.7081,103,PRICE_BELOW_50MA,-18.98,-0.348,0,88,56.0,80,0.85,consumer_cyclical,1,True,0.012934316838561832,0.02485788444186633,0.07826766513515593,-0.019778748013651204,-0.009948321380208847,-0.09630779656935606,0.006984706420633646
RCL,CLOSED,2024-10-23,2025-01-02,195.7486,222.2115,15,PRICE_BELOW_50MA,396.94,13.519,71,97,36.0,74,0.85,consumer_cyclical,1,False,0.1732933837643411,0.019449227829156087,0.004594499980551614,0.13204917261778326,-0.0075732306245888115,0.0,0.034313827365307636
APP,CLOSED,2024-12-24,2025-01-02,345.345,317.4023,10,STOP,-279.43,-8.091,9,99,38.0,70,0.85,communication_services,1,True,0.30107158103973775,0.07896418430890231,0.0025003369301832556,0.034532446821075924,0.0005219902324635761,-0.14117059196956727,0.008392222187376674
APO,CLOSED,2024-12-26,2025-01-07,169.2627,158.0475,20,PRICE_BELOW_50MA,-224.3,-6.626,12,95,57.0,70,0.85,financials,1,True,0.08031820036318815,0.03420073768392486,-0.008336943351812232,0.0008586537844084141,-0.006977406200822656,-0.021051421006226256,0.018946187664536485
NOW,CLOSED,2024-10-28,2025-01-08,191.9938,209.6062,16,PRICE_BELOW_50MA,281.8,9.173,72,85,57.0,73,0.85,technology,1,False,0.07445678768398034,0.019528387997336156,0.03157033833870182,0.07831794603089626,0.008581815217402644,-0.005990069456380254,0.023008981458855216
AFRM,CLOSED,2024-11-15,2025-01-08,53.053,58.6113,151,PRICE_BELOW_50MA,839.31,10.477,54,98,42.0,80,0.85,financials,1,False,0.20572564855856879,0.06548177813502376,0.0905922952655378,0.2112451335039831,-0.003946609435930948,-0.07605488898263901,0.033076159349804346
CEG,CLOSED,2025-01-03,2025-01-08,248.2519,228.1616,22,STOP,-441.99,-8.093,5,91,65.0,76,0.85,utilities,1,True,0.0009157912441386529,0.03337032700568739,0.05574664236530724,-0.019837623111812253,0.03256397894008978,-0.14898935834321636,-0.011042183763367519
GDDY,CLOSED,2024-10-23,2025-01-10,163.6435,192.6671,18,PRICE_BELOW_50MA,522.43,17.736,79,94,61.0,71,0.85,technology,1,False,0.02814855142296535,0.014980580291416709,0.004480700563119777,0.03726937608411918,-0.0010387911719254017,-0.022459887004207868,0.034313827365307636
RJF,CLOSED,2025-01-08,2025-01-10,155.2698,150.4237,35,PRICE_BELOW_50MA,-169.61,-3.121,2,88,59.0,82,0.85,financials,1,True,0.0053896526016419255,0.020616582896958165,0.026803564738256513,-0.023908184404904165,-0.0007547761723400992,-0.06235515883402998,-0.0056797900120972855
MS,CLOSED,2025-01-10,2025-01-10,120.9982,118.0222,44,PRICE_BELOW_50MA,-130.94,-2.46,0,84,58.0,79,0.85,financials,1,True,0.002992691537892611,0.023742494756474882,0.017021900202325746,-0.005599636615434389,-0.012122619928146006,-0.052818672743536355,-0.004643659393381405
ARM,CLOSED,2025-01-10,2025-01-13,140.9408,136.9329,37,PRICE_BELOW_50MA,-148.29,-2.844,3,94,55.0,78,0.85,technology,1,True,0.04632283041382412,0.04549488597109994,0.17704277099410093,0.039816654131308304,-0.030302988904695294,-0.22128074804234388,-0.004643659393381405
FTNT,CLOSED,2024-12-24,2025-01-14,96.7467,92.3975,35,PRICE_BELOW_50MA,-152.22,-4.495,21,92,44.0,69,0.7,technology,1,True,0.07102390354064303,0.027150574481188364,-0.01772621666920038,0.0393446335879728,0.0023854320815333008,-0.02812217459201638,0.008392222187376674
CMI,CLOSED,2025-01-14,2025-01-15,354.2099,349.7794,14,PRICE_BELOW_50MA,-62.03,-1.251,1,87,64.0,77,0.85,industrials,1,True,0.00401157190067658,0.015337350103728276,0.018964330934226448,-0.024530588088764516,0.00988727383602006,-0.058291198948060785,-0.01842589210186285
CIEN,CLOSED,2024-12-12,2025-01-27,83.7537,76.9729,77,STOP,-522.12,-8.096,46,88,50.0,78,0.85,technology,1,False,0.0765764652076455,0.027152811070972605,0.0008201990067289167,0.032144350338181304,0.1428766454757564,-0.005028577566926207,0.03351952707638062
AVGO,CLOSED,2024-12-20,2025-01-27,216.8258,199.2805,16,STOP,-280.72,-8.092,38,95,49.0,74,0.85,technology,1,False,0.2181064991358641,0.0450420068163274,0.2084579874252097,0.3373356557472136,0.00934407095724632,-0.12671998054780576,-0.008363508157609001
MRVL,CLOSED,2024-12-26,2025-01-27,114.7473,105.4644,30,STOP,-278.49,-8.09,32,97,36.0,74,0.85,technology,1,False,0.2184305837775331,0.04604817800809077,0.032962160287215214,0.2570468824407115,-0.0068132267747456066,-0.07076459958626014,0.018946187664536485
FLEX,CLOSED,2024-12-26,2025-01-27,39.1791,38.8111,88,PRICE_BELOW_50MA,-32.38,-0.939,32,89,60.0,72,0.85,technology,1,False,0.04346022325527077,0.02685642120358573,0.04679144194122786,-0.04674940791848303,-0.0002554823969510567,-0.05205805692248877,0.018946187664536485
KMI,CLOSED,2024-12-27,2025-01-27,25.3537,25.5449,136,PRICE_BELOW_50MA,26.0,0.754,31,91,59.0,73,0.85,energy,1,False,0.030267496859452514,0.01992135839741642,0.05497497763573422,-0.029903934560902234,-0.0018348566642474307,-0.045199739105022285,0.01820278517863949
WMB,CLOSED,2025-01-03,2025-01-27,53.243,51.5399,103,PRICE_BELOW_50MA,-175.42,-3.199,24,87,65.0,80,0.85,energy,1,True,0.020462124183410868,0.018883172066472696,0.023443289198070927,-0.004149979485153499,0.006442419469693927,-0.05649304087323692,-0.011042183763367519
VST,CLOSED,2025-01-03,2025-01-27,152.9981,140.6192,22,STOP,-272.34,-8.091,24,99,49.0,69,0.7,utilities,1,True,0.05558934722991982,0.04146709543932225,0.04394550858837176,-0.02761696610661457,0.03140443929367187,-0.10027874868530284,-0.011042183763367519
VRT,CLOSED,2025-01-16,2025-01-27,133.7107,116.6859,61,STOP,-1038.52,-12.733,11,97,42.0,81,0.85,industrials,1,True,0.05786173389076632,0.0386753330121031,0.010410331464785205,0.04945141146337617,0.014090878756162661,-0.06679286758341241,-0.0002144362347696882
IP,CLOSED,2025-01-29,2025-01-31,53.993,51.5057,100,PRICE_BELOW_50MA,-248.73,-4.607,2,90,53.0,75,0.85,consumer_cyclical,1,True,0.049668137417189895,0.018727033146616213,0.010944101550721674,0.07082068707051747,-0.015561731339050588,-0.016142349573497916,0.014860957379167816
GRMN,CLOSED,2025-01-29,2025-02-11,212.6181,205.4821,38,PRICE_BELOW_50MA,-271.17,-3.356,13,94,61.0,80,0.85,technology,1,True,0.02840152461295853,0.015526817990333893,-0.00018359770658504804,0.03374945940116736,0.0032143195002283242,-0.010105814417450731,0.014860957379167816
CCL,CLOSED,2025-02-03,2025-02-11,26.1267,25.1798,302,PRICE_BELOW_50MA,-285.97,-3.624,8,91,50.0,80,0.85,consumer_cyclical,1,True,0.0825254737059482,0.030977334355244794,0.08851304005810645,0.1103530984341714,-0.041561310069176294,-0.028781974009588263,0.009029416542913449
RDDT,CLOSED,2025-02-12,2025-02-13,213.8136,196.5133,16,STOP,-276.81,-8.091,1,99,36.0,74,0.85,communication_services,1,True,0.20750212227776332,0.05369038674951491,-0.007198936739274964,0.29826907033611616,-0.0007484487623116154,-0.050925726760561396,0.01221120309305257
HOOD,CLOSED,2024-12-26,2025-02-19,39.3793,58.6912,87,STOP,1680.14,49.041,55,99,36.0,71,0.85,financials,1,False,0.18644377701110493,0.07231465619674177,-0.049243314543910954,0.045706827653281046,-0.006063710645876963,-0.08379627009151125,0.018946187664536485
BAC,CLOSED,2025-01-15,2025-02-20,45.3718,43.5322,124,PRICE_BELOW_50MA,-228.11,-4.055,36,82,58.0,75,0.85,financials,1,False,0.011839271144459262,0.01697559175325904,0.008370115201764117,-0.006510340691965877,0.029270389597069846,-0.03632678049816418,-0.01721220944661983
CVNA,CLOSED,2025-01-29,2025-02-21,49.051,45.0849,112,STOP,-444.21,-8.086,23,99,36.0,78,0.85,consumer_cyclical,1,True,0.05069424805664546,0.044295629449181695,0.05393423900099337,0.0927876667089178,0.0006534139241665127,-0.06115794931060092,0.014860957379167816
BE,CLOSED,2025-02-14,2025-02-21,24.8048,24.1458,234,PRICE_BELOW_50MA,-154.19,-2.657,7,98,44.0,76,0.85,industrials,1,True,0.013410950587706472,0.06699427515301902,-0.002824923334670326,0.0909492053261256,0.0028329261338111422,-0.17108354487883926,0.019065855707785184
HOOD,CLOSED,2025-02-20,2025-02-21,59.1491,54.3656,98,STOP,-468.78,-8.087,1,99,43.0,77,0.85,financials,1,True,0.28369619536924784,0.053720375060898204,0.11042368527932367,0.18459999084472667,-0.0023636567741083248,-0.09267768612427218,0.02355862404309228
NRG,CLOSED,2025-02-21,2025-02-24,109.2621,100.4195,52,STOP,-459.82,-8.093,3,96,42.0,79,0.85,utilities,1,True,0.1133108212823919,0.029272576719433514,0.08192097562785938,0.010866598511449999,0.001530607029113673,-0.011920632042990209,0.019104204558681115
IBKR,CLOSED,2025-01-03,2025-02-25,45.4192,49.7721,75,PRICE_BELOW_50MA,326.47,9.584,53,95,49.0,71,0.85,financials,1,False,0.044484146303819916,0.024215260816706184,0.011080394507902325,-0.023489637297595012,0.0027395925271087584,-0.05292137013198117,-0.011042183763367519
APP,CLOSED,2025-01-29,2025-02-26,360.36,328.1415,22,STOP,-708.81,-8.941,28,99,42.0,80,0.85,communication_services,1,True,0.07576261630009462,0.048306307949862654,0.06607755661700865,0.040434887576618506,-0.0020790020790020236,-0.10149439601494392,0.014860957379167816
ISRG,CLOSED,2025-01-10,2025-02-27,541.1006,563.2062,10,PRICE_BELOW_50MA,221.06,4.085,48,87,61.0,83,0.85,healthcare,1,False,0.020340834475488956,0.021685130831608022,0.04226376854537994,0.009575834762199031,-0.0063601004529898475,-0.011986443726099805,-0.004643659393381405
GS,CLOSED,2025-01-29,2025-02-27,615.8691,586.6566,8,PRICE_BELOW_50MA,-233.7,-4.743,29,91,56.0,75,0.85,financials,1,True,0.07725425283881582,0.02007458138083913,0.004820821312723211,0.0973279845040802,-0.001254184380831136,-0.0026583321796633808,0.014860957379167816
TPR,CLOSED,2024-11-05,2025-03-04,46.8312,78.2017,153,STOP,4799.7,66.987,119,94,55.0,80,0.85,consumer_cyclical,1,False,0.09355059579110647,0.024020346000379892,-0.03784425133142688,0.0630473797342832,-0.006383965821040727,-0.038225331765574744,0.0027773384326033046
JPM,CLOSED,2024-12-26,2025-03-04,233.348,242.6362,14,PRICE_BELOW_50MA,130.03,3.98,68,83,73.0,70,0.7,financials,1,False,0.024937461617156265,0.017094407146403794,0.016571537339909792,-0.0318830554332763,-0.0036316393560191784,-0.0318830554332763,0.018946187664536485
META,CLOSED,2025-01-13,2025-03-04,604.2413,635.7137,8,PRICE_BELOW_50MA,251.78,5.209,50,89,59.0,77,0.85,communication_services,1,False,0.039865621489417524,0.026642173466578944,0.027735328398392323,-0.004784574610021464,-0.014224086688816029,-0.025800017167708744,-0.019893535264180362
WFC,CLOSED,2025-01-29,2025-03-04,74.9388,70.8567,73,PRICE_BELOW_50MA,-298.0,-5.447,34,87,63.0,75,0.85,financials,1,False,0.061871584989848794,0.017499459274400588,0.00038543787809075525,0.08528417753609752,-0.001669297131999592,-0.0007698838281596787,0.014860957379167816
COF,CLOSED,2025-01-29,2025-03-04,197.8751,181.868,17,STOP,-272.12,-8.09,34,85,56.0,74,0.85,financials,1,False,0.09322329175544475,0.02222822420743287,0.05129144812116948,0.11384081549860237,-0.0028556193137075914,-0.004460128378687478,0.014860957379167816
EXPE,CLOSED,2025-02-26,2025-03-04,199.4371,183.2965,17,STOP,-274.39,-8.093,6,90,54.0,72,0.85,consumer_cyclical,1,True,0.07637083128811151,0.033211272738313945,-0.02179140766316301,0.18124295025728987,0.011213472384765,-0.032732938070455186,-0.007252988398960714
IP,CLOSED,2025-02-28,2025-03-04,52.3699,48.1318,103,STOP,-436.52,-8.093,4,90,52.0,78,0.85,consumer_cyclical,1,True,0.01934869178537202,0.022728141929705223,0.011821092267104705,-0.021685233090734557,-0.0047999355658526754,-0.05603784919367705,-0.02168628028476638
RL,CLOSED,2024-10-11,2025-03-05,194.5256,245.1006,24,PRICE_BELOW_50MA,1213.8,25.999,145,91,42.0,77,0.85,consumer_cyclical,1,False,0.12804093674584793,0.019150945349586085,0.034873364539244056,0.14025293463035715,-0.00020082895708184445,0.0,0.03782496235446353
NFLX,CLOSED,2025-01-29,2025-03-06,98.098,90.1598,56,STOP,-444.54,-8.092,36,92,63.0,75,0.85,communication_services,1,False,0.0856084826268253,0.026894030771218425,0.11745695043543036,0.05160470401443473,0.008406834055975976,-0.013230321091333597,0.014860957379167816
FTNT,CLOSED,2025-02-24,2025-03-06,109.4293,101.6183,50,PRICE_BELOW_50MA,-390.55,-7.138,10,93,48.0,75,0.85,technology,1,True,0.10010755612019051,0.031046313925194767,0.00036364143400713367,0.1289892261515453,-0.006362452005094665,-0.03971373888345542,0.0018686655414184017
ECHO,CLOSED,2025-03-06,2025-03-07,30.08,27.6423,109,STOP,-265.71,-8.104,1,99,43.0,72,0.85,communication_services,1,True,0.1494467748357995,0.04034242238809001,0.06135817554642298,0.1233126992678315,-0.02403383099912848,-0.014088973203919442,-0.02319626199124636
HWM,CLOSED,2025-01-13,2025-03-10,110.6507,121.7759,30,PRICE_BELOW_50MA,333.76,10.054,56,94,50.0,70,0.85,industrials,1,False,0.0016158809162467591,0.022549720916453273,0.01669814491871313,-0.01262280528975479,-0.014559536853033794,-0.062036812868714764,-0.019893535264180362
GRMN,CLOSED,2025-02-24,2025-03-10,220.5981,209.1242,16,PRICE_BELOW_50MA,-183.58,-5.201,14,90,58.0,71,0.85,technology,1,True,0.04956806476235576,0.03132290771380598,0.06887703832445657,0.04235084818110457,0.008766725658158947,-0.07117755239416457,0.0018686655414184017
ETR,CLOSED,2025-02-24,2025-03-10,81.6543,77.3479,43,PRICE_BELOW_50MA,-185.18,-5.274,14,92,43.0,71,0.85,utilities,1,True,0.08357595748769264,0.02209119177517017,0.022101993641254314,0.04657038035459671,-0.0037605578050415867,-0.02643034495846508,0.0018686655414184017
TTWO,CLOSED,2025-03-06,2025-03-10,214.4142,197.0627,15,STOP,-260.27,-8.092,4,91,42.0,72,0.85,communication_services,1,True,0.10621997048455678,0.025703764174964353,0.027258366082946406,0.1703716106369908,-0.002839721694913866,-0.007255787451659668,-0.02319626199124636
FOX,CLOSED,2024-12-27,2025-03-11,45.8581,48.1964,75,PRICE_BELOW_50MA,175.38,5.099,74,92,49.0,73,0.85,communication_services,1,False,0.09931558060703938,0.019603275549302756,0.008381607441399375,0.07098822103647118,-0.0034100433618449166,-0.004878043946575428,0.01820278517863949
AFL,CLOSED,2025-03-07,2025-03-12,104.3823,101.3282,32,PRICE_BELOW_50MA,-97.73,-2.926,5,84,61.0,70,0.7,financials,1,True,0.03344279363005076,0.017146255608321618,0.004840375009400599,0.011780162675168349,-0.002964424203972471,-0.05392570604433944,-0.040168052084095573
FOXA,CLOSED,2024-12-27,2025-03-13,48.9551,50.2852,70,PRICE_BELOW_50MA,93.1,2.717,76,90,57.0,74,0.85,communication_services,1,False,0.09453946094276189,0.02107594109388144,0.008092356738983453,0.07973999603323811,-4.2373677788809516e-08,-0.0032006037179096447,0.01820278517863949
BE,CLOSED,2025-03-12,2025-03-13,25.5155,23.9061,131,PRICE_BELOW_50MA,-210.83,-6.308,1,99,36.0,73,0.85,industrials,1,True,0.04222251980369496,0.08631427219935828,0.10132154888803258,-0.015360354431810053,0.019599990844726634,-0.16135523489149195,-0.06533992254563814
BE,CLOSED,2025-03-17,2025-03-18,24.4244,22.4475,215,STOP,-425.03,-8.094,1,99,44.0,76,0.85,industrials,1,True,0.01740436558267411,0.07720239617512953,0.060225277046935144,-0.00971265803360466,-0.002860633297443904,-0.17913452694585885,-0.05019572716121101
MMM,CLOSED,2025-02-28,2025-03-27,147.4956,144.2277,23,PRICE_BELOW_50MA,-75.16,-2.216,27,96,48.0,69,0.7,industrials,1,True,0.06903519260454671,0.019410028550378294,0.00965928159132634,-0.0018311961921606557,0.006510679507874428,-0.020320628128716933,-0.02168628028476638
GL,CLOSED,2025-01-13,2025-04-04,110.4985,115.9004,30,PRICE_BELOW_50MA,162.06,4.889,81,83,61.0,74,0.85,financials,1,False,0.03757605222164928,0.022776169610454783,0.003764019553839093,0.08695101144775208,-0.005870761408862335,-0.11607259335018483,-0.019893535264180362
NI,CLOSED,2025-02-12,2025-04-04,36.5133,35.7206,152,PRICE_BELOW_50MA,-120.5,-2.171,51,83,61.0,76,0.85,utilities,1,False,0.045154332876558234,0.01930705744050403,0.02781484776854004,0.06551099780534919,-0.011969870777057134,0.0,0.01221120309305257
TMUS,CLOSED,2025-02-25,2025-04-04,261.1569,240.9921,13,PRICE_BELOW_50MA,-262.14,-7.721,38,92,42.0,72,0.85,communication_services,1,False,0.15561027984927422,0.02106387762534483,-0.009932639318418368,0.22674661788176742,0.004102457133488002,-0.009932639318418368,-0.0025091533430227075
WELL,CLOSED,2025-03-05,2025-04-04,148.8694,139.8009,22,PRICE_BELOW_50MA,-199.51,-6.092,30,95,48.0,74,0.85,real_estate,1,True,0.12886039712699815,0.02269815209257665,0.014234769914396539,0.10120778844451128,-0.010526159353539177,-0.01887039397113155,-0.03362347463808402
PGR,CLOSED,2025-03-05,2025-04-04,263.7127,242.3774,12,STOP,-256.02,-8.09,30,91,42.0,71,0.85,financials,1,True,0.1322837077116361,0.019315643485799172,0.01676722444866141,0.1376747898652142,-0.008051237095982211,-0.006629718218141956,-0.03362347463808402
XEL,CLOSED,2025-03-05,2025-04-04,65.7979,64.7287,50,PRICE_BELOW_50MA,-53.46,-1.625,30,84,58.0,68,0.7,utilities,1,True,0.03861158332890735,0.018247279510924454,-0.0059616421879638,0.033653330763359524,-0.00828236358103307,-0.03167551087079734,-0.03362347463808402
DGX,CLOSED,2025-03-10,2025-04-04,170.3647,159.6762,19,PRICE_BELOW_50MA,-203.08,-6.274,25,90,50.0,70,0.7,healthcare,1,True,0.08848954440608248,0.019260818488640155,0.015384764609430057,0.07943923927707308,-0.004215019314217194,-0.00785525511731111,-0.03429551341827042
ABBV,CLOSED,2025-03-12,2025-04-04,202.1956,185.834,16,STOP,-261.79,-8.092,23,92,42.0,73,0.85,healthcare,1,True,0.1327294182073533,0.023158520051463787,0.02806131120774369,0.12214987166545166,-0.007444208148154163,-0.014169588759059715,-0.06533992254563814
EQT,CLOSED,2025-03-17,2025-04-04,49.6518,45.6343,106,STOP,-425.85,-8.091,18,95,58.0,77,0.85,energy,1,True,0.005718404898429119,0.04148827846911628,0.07914888104564133,-0.03782042659853635,-0.004534607987881856,-0.06489677142283001,-0.05019572716121101
WMB,CLOSED,2025-03-17,2025-04-04,54.705,52.0218,60,PRICE_BELOW_50MA,-160.99,-4.905,18,93,53.0,74,0.85,energy,1,True,0.01972585664543547,0.03108468166475295,0.06260170778591001,0.005643602150967819,-8.463308831530014e-09,-0.0469357847064551,-0.05019572716121101
ETR,CLOSED,2025-03-17,2025-04-04,81.8662,75.9732,40,PRICE_BELOW_50MA,-235.72,-7.198,18,96,52.0,70,0.7,utilities,1,True,0.04291005993878749,0.025179444047689976,0.04500176886004992,0.02090096706876765,7.008986724343913e-09,-0.03299577282592814,-0.05019572716121101
RTX,CLOSED,2025-03-19,2025-04-04,130.935,120.3395,59,STOP,-625.13,-8.092,16,93,50.0,80,0.85,industrials,1,True,0.058639579373378714,0.020391243231962893,0.03575052963894487,0.07758197034014791,0.009947968813590613,-0.008518410923003206,-0.05185483003162583
AJG,CLOSED,2025-03-28,2025-04-04,335.6296,313.9166,16,PRICE_BELOW_50MA,-347.41,-6.469,7,92,50.0,79,0.85,financials,1,True,0.0666001977615569,0.017725169777193434,0.019614921613644976,0.025462642669679125,-0.0010264687145471463,-0.00042870395170158115,-0.03484394122963075
GILD,CLOSED,2025-02-27,2025-04-07,105.5382,101.4424,32,PRICE_BELOW_50MA,-131.06,-3.881,39,93,48.0,74,0.85,healthcare,1,False,0.1468499997130297,0.02110654533020546,0.02610320170547964,0.17698450824412992,-0.0011768370431132213,-0.009593702888705424,-0.006390572622036017
SO,CLOSED,2025-03-05,2025-04-07,85.0494,82.986,39,PRICE_BELOW_50MA,-80.47,-2.426,33,83,58.0,74,0.85,utilities,1,False,0.06995079261641068,0.019252926607811655,0.0004452429217385312,0.07958421548153982,-0.007565065144348182,-0.029196996303949896,-0.03362347463808402
VTR,CLOSED,2025-03-05,2025-04-07,65.8417,60.5094,50,STOP,-266.61,-8.099,33,94,48.0,71,0.85,real_estate,1,False,0.1378514302359748,0.02218265418417014,0.024358109513910264,0.13771196094385685,-0.013465098941669806,-0.007816846240306985,-0.03362347463808402
WEC,CLOSED,2025-03-05,2025-04-07,99.9824,98.0349,33,PRICE_BELOW_50MA,-64.27,-1.948,33,85,50.0,69,0.7,utilities,1,False,0.07166391845851616,0.0159127726369119,-0.0036829509801967752,0.05938969158089402,-0.004265370379080924,-0.026393433324156,-0.03362347463808402
BRO,CLOSED,2025-03-11,2025-04-07,117.9487,108.4015,28,STOP,-267.32,-8.094,27,90,50.0,71,0.85,financials,1,True,0.10527636983632593,0.017022726868193675,-0.002002253485832717,0.10176828505565094,-0.0025912889513055593,-0.002002253485832717,-0.058940860684535634
CVNA,CLOSED,2025-04-10,2025-04-10,40.6406,40.6913,173,PRICE_BELOW_50MA,8.77,0.125,0,99,30.0,82,0.85,consumer_cyclical,1,False,0.005167222098127144,0.1011146626031412,-0.025980883026906487,0.22951640219745606,-0.07911455902081843,-0.22742088477496913,-0.047956800642755426
TMUS,CLOSED,2025-04-15,2025-04-16,257.397,252.1914,12,PRICE_BELOW_50MA,-62.47,-2.022,1,97,58.0,71,0.85,communication_services,1,True,0.01290889915282789,0.03356033572128522,0.06474243422055093,0.009493767285406962,0.006967584885742895,-0.037349113722155214,-0.05771858020981602
AEE,CLOSED,2025-04-15,2025-04-16,95.2545,93.8197,34,PRICE_BELOW_50MA,-48.79,-1.506,1,91,61.0,70,0.85,utilities,1,True,0.009480091695746262,0.029816613408663196,0.04950183223692228,-0.01707540496429516,0.002928949040892359,-0.03806897639939111,-0.05771858020981602
PGR,CLOSED,2025-04-14,2025-04-17,260.8765,248.7897,12,PRICE_BELOW_50MA,-145.04,-4.633,3,94,60.0,70,0.7,financials,1,True,0.018127659206551794,0.03569259390190164,0.06986483524586107,-0.028030408783342398,0.007799824588565318,-0.053162367472312844,-0.06875474533993209
AJG,CLOSED,2025-04-14,2025-04-17,332.398,323.72,9,PRICE_BELOW_50MA,-78.1,-2.611,3,95,54.0,70,0.7,financials,1,True,0.018107740984862675,0.033486018509660084,0.04626455658289497,0.026995467739519885,0.010029271421600816,-0.0324990693729168,-0.06875474533993209
AXON,CLOSED,2025-04-15,2025-04-17,575.6751,558.9705,8,PRICE_BELOW_50MA,-133.64,-2.902,2,97,48.0,78,0.85,industrials,1,True,0.008343863013554387,0.05417627053805166,0.143826546716884,0.036065768179718516,0.0004696318704100477,-0.19039167168981785,-0.05771858020981602
CVS,CLOSED,2025-04-09,2025-04-21,63.1144,61.7843,50,PRICE_BELOW_50MA,-66.51,-2.107,12,98,42.0,69,0.7,healthcare,1,True,0.06231916558904449,0.031051317436333162,-0.005148643183038426,0.04078175263858097,-0.017595880520713925,-0.05007736775071858,-0.14005185153841582
TTWO,CLOSED,2025-04-14,2025-04-21,214.214,204.9548,15,PRICE_BELOW_50MA,-138.89,-4.322,7,95,50.0,70,0.7,communication_services,1,True,0.027651201230187716,0.04210537649528395,0.08988593549479895,0.0366622658819844,0.009100733763028668,-0.026978617601998822,-0.06875474533993209
TMUS,CLOSED,2025-04-21,2025-04-21,253.4262,246.2081,19,PRICE_BELOW_50MA,-137.14,-2.848,0,97,61.0,79,0.85,communication_services,1,True,0.004936199257103979,0.03432683593623128,0.023114228730256814,0.019491816018807784,-0.00629663218263643,-0.03954841452925972,-0.0731724022424175
PLTR,CLOSED,2025-04-21,2025-04-21,92.9328,90.7092,54,PRICE_BELOW_50MA,-120.08,-2.393,0,99,42.0,79,0.85,technology,1,True,0.013167494997494922,0.07987463414445922,0.058584520329034495,0.07312048786219982,-0.010023485323543913,-0.24747234222100845,-0.0731724022424175
NEM,CLOSED,2025-04-21,2025-04-23,56.0769,50.8102,94,STOP,-495.07,-9.392,2,98,43.0,76,0.85,basic_materials,1,True,0.17729449946904197,0.04040875346797907,0.08127208938273345,0.15326628653198315,0.03485845323738923,-0.050156814928398186,-0.0731724022424175
SPOT,CLOSED,2025-04-24,2025-04-29,594.4639,546.3631,13,STOP,-625.31,-8.091,5,98,42.0,80,0.85,consumer_cyclical,1,True,0.026461144392653457,0.061264443220115844,0.03548279501533269,-0.03763718986167097,0.001973988334839971,-0.0857909589228093,-0.04961317508307139
EXC,CLOSED,2025-03-17,2025-05-08,41.9264,42.6946,79,PRICE_BELOW_50MA,60.69,1.832,52,90,48.0,70,0.85,utilities,1,False,0.08008336199247523,0.018394590846781925,0.025052108044832266,0.037960562483204674,0.00022630845530779986,-0.008080901362654158,-0.05019572716121101
ED,CLOSED,2025-04-11,2025-05-08,103.0742,102.4593,31,PRICE_BELOW_50MA,-19.06,-0.596,27,94,50.0,69,0.7,utilities,1,True,0.059992793317424464,0.02620366198606911,-0.03921210576222578,0.03567001191836461,-0.001108135109484154,-0.03921210576222578,-0.08728518110817007
KO,CLOSED,2025-04-22,2025-05-09,70.1403,67.6221,72,PRICE_BELOW_50MA,-181.31,-3.59,17,92,50.0,79,0.85,consumer_defensive,1,True,0.04057348443385633,0.025952599588646836,0.018759567588667814,0.059705785567443215,0.003160722224333723,-0.0056027593242106155,-0.09233704002516041
MO,CLOSED,2025-03-12,2025-05-12,51.5473,51.5472,63,PRICE_BELOW_50MA,-0.0,-0.0,61,92,50.0,72,0.85,consumer_defensive,1,False,0.08875161142925814,0.022699910845324748,0.032859811991248655,0.0800521183778502,-0.004987162097887632,-0.01423960706098637,-0.06533992254563814
AWK,CLOSED,2025-04-14,2025-05-12,139.9558,133.2556,22,PRICE_BELOW_50MA,-147.4,-4.787,28,92,48.0,70,0.85,utilities,1,True,0.06567311681553933,0.030788256177261723,-0.0077429488763508525,0.012264271512448133,-0.00527062997813621,-0.03862869273173963,-0.06875474533993209
WEC,CLOSED,2025-04-14,2025-05-12,101.6765,99.7066,32,PRICE_BELOW_50MA,-63.04,-1.937,28,93,61.0,69,0.7,utilities,1,True,0.020708558584987324,0.02658536126500908,0.024913715472348885,0.001967203010299512,-0.0012152855957664466,-0.018535555491252742,-0.06875474533993209
CVS,CLOSED,2025-05-09,2025-05-12,65.0031,62.0764,80,PRICE_BELOW_50MA,-234.14,-4.502,3,93,61.0,79,0.85,healthcare,1,True,0.024942445152467352,0.026128542715639178,-0.023038074293349697,-0.02323314281773614,-0.0017687056871305007,-0.02323314281773614,0.02105383321045906
RSG,CLOSED,2025-04-11,2025-05-13,234.126,233.727,14,PRICE_BELOW_50MA,-5.59,-0.17,32,90,53.0,70,0.85,industrials,1,False,0.037604755567510084,0.028163117412001434,-0.03304616614529332,0.05025752619726198,-0.009615901334626531,-0.03304616614529332,-0.08728518110817007
ATO,CLOSED,2025-04-22,2025-05-13,152.818,148.4267,20,PRICE_BELOW_50MA,-87.83,-2.874,21,91,56.0,74,0.85,utilities,1,True,0.0447342705228182,0.02839528874381482,0.03340364352431058,0.053219399052588656,0.008623928757795163,-0.0063475555895692315,-0.09233704002516041
MSTR,CLOSED,2025-05-12,2025-05-23,421.3409,387.2424,12,STOP,-409.18,-8.093,11,99,36.0,75,0.85,technology,1,True,0.31243970448310177,0.041253887763372375,0.05492305177951762,0.527612559203867,0.011753995295497033,-0.12198465574350781,0.02045196312095343
KVUE,CLOSED,2025-05-13,2025-06-03,22.1486,20.3596,146,STOP,-261.18,-8.077,21,82,58.0,73,0.85,consumer_defensive,1,True,0.03376992272367807,0.026636904783439254,0.015228480809619915,0.08646447331114859,-0.004166871028347341,-0.018003114798665565,0.05453399533590675
CNP,CLOSED,2025-04-10,2025-06-04,35.0063,35.9345,91,PRICE_BELOW_50MA,84.46,2.651,55,93,50.0,69,0.7,utilities,1,False,0.05507738780889926,0.024998043610089744,-0.01814251004009626,0.049493401352087574,-0.001930373934693419,-0.029443308668420154,-0.047956800642755426
COR,CLOSED,2025-04-08,2025-06-09,277.632,280.9956,11,PRICE_BELOW_50MA,37.0,1.212,62,90,44.0,72,0.85,healthcare,1,False,0.06530186779585168,0.023252774327249957,-0.012693759310508756,0.04970163277665973,0.02174389246376185,-0.05114735582687535,-0.1294171596446546
PGR,CLOSED,2025-05-14,2025-06-09,266.4549,254.282,12,PRICE_BELOW_50MA,-146.07,-4.568,26,84,58.0,71,0.85,financials,1,True,0.023714554606354632,0.018972472189416445,-0.0037723390623668474,0.014467396684848755,0.004034254275793847,-0.029288863288580602,0.06131290685556534
CME,CLOSED,2025-05-27,2025-06-09,270.8891,256.8369,19,PRICE_BELOW_50MA,-266.99,-5.187,13,87,44.0,84,0.85,financials,1,True,0.059307225663701724,0.017201505354843757,0.028158647497285694,0.06672927186608235,-0.0010911526805197358,-0.0026333730003936795,0.04043591773276889
CHTR,CLOSED,2025-05-09,2025-06-16,405.0146,374.8548,12,PRICE_BELOW_50MA,-361.92,-7.447,38,96,42.0,76,0.85,communication_services,1,False,0.11562796645148699,0.029181841576010868,0.055900792851460546,0.16551383612136705,0.0004945023309073093,-0.008847569846489933,0.02105383321045906
ROL,CLOSED,2025-04-22,2025-06-18,54.0056,55.0663,58,PRICE_BELOW_50MA,61.52,1.964,57,90,65.0,70,0.85,consumer_cyclical,1,False,0.046002331654300344,0.03347602329011404,-0.008873612070728898,0.06004254073780002,0.005846883137546666,-0.0209303564359814,-0.09233704002516041
WRB,CLOSED,2025-04-14,2025-06-25,66.4494,69.6956,48,PRICE_BELOW_50MA,155.82,4.885,72,90,42.0,72,0.85,financials,1,False,0.07863175732024397,0.03611602387831627,0.0461561799909922,0.08255561734652206,0.0061360138932613495,-0.03956790667786447,-0.06875474533993209
HIG,CLOSED,2025-05-13,2025-06-25,125.6067,121.2164,41,PRICE_BELOW_50MA,-180.0,-3.495,43,87,50.0,75,0.85,financials,1,False,0.07250235520743775,0.01895097972432151,0.02330775845910593,0.10848769315959572,0.0008550623467222795,0.0,0.05453399533590675
WMT,CLOSED,2025-06-26,2025-06-26,95.9629,94.9014,58,PRICE_BELOW_50MA,-61.57,-1.106,0,84,61.0,78,0.85,consumer_defensive,1,True,0.008045058888856316,0.016347923429389045,0.031936332377885845,-0.003279366096699876,-0.0037014703053808162,-0.0693680457647553,0.05609764912006865
MCK,CLOSED,2025-04-11,2025-07-02,671.3394,701.1426,4,PRICE_BELOW_50MA,119.21,4.439,82,92,42.0,69,0.7,healthcare,1,False,0.06435608650889013,0.030249342180347884,-0.0524457641550945,0.05536826553733598,-0.006697736390972486,-0.0524457641550945,-0.08728518110817007
KMI,CLOSED,2025-05-14,2025-07-09,26.063,26.4196,126,PRICE_BELOW_50MA,44.93,1.368,56,89,52.0,74,0.85,energy,1,False,0.024202057271002664,0.022102140108588263,0.010657879553633398,0.03728908183706392,-0.0047272711267734024,-0.10013519237390622,0.06131290685556534
MELI,CLOSED,2025-04-17,2025-07-10,2091.0589,2399.698,4,PRICE_BELOW_50MA,1234.56,14.76,84,95,48.0,80,0.85,consumer_cyclical,1,False,0.010846388708460664,0.04697696572473349,0.042263731060985466,-0.0007598595618812931,0.01191639682768697,-0.08656189504977874,-0.0769629996271608
VRSN,CLOSED,2025-04-14,2025-07-17,244.904,276.3288,13,PRICE_BELOW_50MA,408.52,12.831,94,91,47.0,70,0.7,technology,1,False,0.04219291227526023,0.030244352935687092,0.028850946263796473,0.036836556698254475,0.00797152679162294,-0.03275931554690559,-0.06875474533993209
NFLX,CLOSED,2025-04-17,2025-07-18,96.9969,120.8031,53,PRICE_BELOW_50MA,1261.73,24.543,92,96,48.0,79,0.85,communication_services,1,False,0.0017110842520757785,0.04995461914577544,0.0170920811228501,0.0022303986720342284,0.00766406514233231,-0.09160210221312981,-0.0769629996271608
EQT,CLOSED,2025-07-21,2025-07-21,57.0089,52.7017,102,PRICE_BELOW_50MA,-439.33,-7.555,0,85,58.0,78,0.85,energy,1,True,0.04769584014305006,0.02930031184815013,0.06976318989729635,-0.0030318595659655223,-0.023483670959303704,-0.020681711879213305,0.04566412980332246
PM,CLOSED,2025-04-15,2025-07-22,150.7151,157.9795,21,PRICE_BELOW_50MA,152.55,4.82,98,99,42.0,71,0.85,consumer_defensive,1,False,0.04651224612906146,0.030073511280930144,0.0420551558179747,0.02100721587273391,0.006028498894797396,-0.027642536273313034,-0.05771858020981602
HOOD,CLOSED,2025-04-30,2025-07-22,46.4564,100.859,157,STOP,8541.21,117.105,83,99,36.0,82,0.85,financials,1,False,0.11423062938391748,0.06334096379505728,0.17296266934912974,0.18620855835877448,-0.0599554212783463,-0.2437193649650904,-0.008379411261793313
SPOT,CLOSED,2025-05-13,2025-07-22,627.1665,675.0643,5,PRICE_BELOW_50MA,239.49,7.637,70,97,49.0,72,0.85,consumer_cyclical,1,False,0.07314559260218823,0.04524607540195145,-0.026409513386191907,0.14190859769908482,0.009229845671435477,-0.05522748345102879,0.05453399533590675
RKLB,CLOSED,2025-06-20,2025-07-22,28.3784,45.944,122,STOP,2143.01,61.898,32,99,49.0,73,0.85,industrials,1,False,0.16785690470379122,0.06258015181242584,0.017909347960057387,0.0711538608257587,0.017953321118540533,-0.11783336551518475,0.0475265688153057
PNR,CLOSED,2025-07-11,2025-07-22,105.3862,96.863,54,STOP,-460.25,-8.088,11,86,50.0,76,0.85,industrials,1,True,0.08889551680797214,0.017372899223551803,0.017192673538393155,0.07723094367390093,-0.007986640979790183,-0.008571182580870973,0.05695783491414819
RBLX,CLOSED,2025-04-22,2025-07-23,60.6906,114.4255,84,STOP,4513.73,88.539,92,96,42.0,79,0.85,consumer_cyclical,1,False,0.00250332981713286,0.058350623574337984,0.046280153747094044,-0.02043819494961774,0.012018047446785696,-0.20617465379108213,-0.09233704002516041
CVNA,CLOSED,2025-07-03,2025-07-24,69.025,65.1528,122,PRICE_BELOW_50MA,-472.41,-5.61,21,98,36.0,83,0.85,consumer_cyclical,1,True,0.15325741347430588,0.04096299564556726,0.08750318183394201,0.009614243629628483,0.0040478737331786085,-0.006509619242126341,0.06272768371502058
MSTR,CLOSED,2025-07-23,2025-07-29,423.2528,394.2653,8,PRICE_BELOW_50MA,-231.9,-6.849,6,94,48.0,74,0.85,technology,1,True,0.07284905599587499,0.03734421508717392,-0.03597025558980671,0.16128330083876374,-0.008372437559380996,-0.1000991790724235,0.043113315259058815
FTNT,CLOSED,2025-07-22,2025-07-30,107.0369,101.6083,55,PRICE_BELOW_50MA,-298.58,-5.072,8,86,55.0,80,0.85,technology,1,True,0.03665017082536126,0.03177348002219372,0.03855493030629287,0.07100655058219862,-9.353035348891314e-05,-0.06659681656403704,0.04523405010169035
BE,CLOSED,2025-06-04,2025-08-01,20.6206,32.7073,265,STOP,3202.97,58.614,58,89,49.0,80,0.85,industrials,1,False,0.09091880008370357,0.048866100119903846,0.032894717155934616,0.25061275913411984,0.009309188411469105,-0.3153304188840954,0.06451597640526696
SNOW,CLOSED,2025-06-10,2025-08-01,210.2851,204.815,16,PRICE_BELOW_50MA,-87.52,-2.601,52,95,36.0,73,0.85,technology,1,False,0.24019931789560744,0.028090386201237452,0.0032355138244977155,0.21080743564105786,-0.0036756420812855684,0.0,0.0670174110147248
COIN,CLOSED,2025-07-10,2025-08-01,372.7824,334.8049,22,STOP,-835.51,-10.188,22,99,48.0,80,0.85,financials,1,True,0.39147778305532377,0.05925218681513072,0.1148719800605984,0.4567665471316593,-0.00385181869171225,-0.0032527293488667786,0.05671931467341729
LYV,CLOSED,2025-07-23,2025-08-01,150.9408,145.9939,38,PRICE_BELOW_50MA,-187.98,-3.277,9,80,61.0,78,0.85,communication_services,1,True,0.04128732332021645,0.022137791286727458,0.0335455168808767,0.0018581111869431233,-0.0011923424065365396,-0.023858802237376908,0.043113315259058815
CCEP,CLOSED,2025-04-14,2025-08-06,83.8659,88.8561,38,PRICE_BELOW_50MA,189.63,5.95,114,91,52.0,70,0.7,consumer_defensive,1,False,0.02804943621330036,0.028192007271643855,0.031812405356705487,0.0383692897645993,0.003579689785306206,-0.03584937098104257,-0.06875474533993209
GILD,CLOSED,2025-06-10,2025-08-06,105.855,106.7712,49,PRICE_BELOW_50MA,44.89,0.866,57,87,50.0,81,0.85,healthcare,1,False,0.0666555672350575,0.022155492057464553,0.03755391035030664,0.16603016371169033,-0.027522071399421644,-0.030805972252151315,0.0670174110147248
NRG,CLOSED,2025-07-25,2025-08-06,156.2404,143.5963,56,STOP,-708.07,-8.093,12,96,58.0,80,0.85,utilities,1,True,0.02109935963003018,0.030977864835362415,0.07185500998876582,0.03032868279387957,0.0029119853163732667,-0.02889287995628631,0.048000902827341596
AMD,CLOSED,2025-08-04,2025-08-06,174.7846,160.6392,21,STOP,-297.05,-8.093,2,94,42.0,74,0.85,technology,1,True,0.24640485741415286,0.03427488573776994,0.03141704624970365,0.2450148095777085,0.016948187034543594,-0.043507313228157485,0.01823408203720356
CVNA,CLOSED,2025-08-04,2025-08-11,74.0179,68.0319,121,STOP,-724.31,-8.087,7,97,42.0,80,0.85,consumer_cyclical,1,True,0.10693953870174955,0.03848808566107323,0.10737076611066865,0.05583784585307039,0.00527489925456881,-0.05738520417142157,0.01823408203720356
COHR,CLOSED,2025-08-07,2025-08-14,112.072,91.0089,36,STOP,-758.27,-18.794,7,96,36.0,71,0.85,technology,1,True,0.18870911359963816,0.03392439906376277,-0.0007460769239033826,0.17424659206442628,0.04489031721975323,-0.04347433728912664,0.031213535971597484
PLTR,CLOSED,2025-05-13,2025-08-19,120.0399,168.1017,43,STOP,2066.66,40.038,98,99,36.0,78,0.85,technology,1,False,0.251103658520637,0.05027615727336063,-0.04290213866537429,0.33777521176630954,0.012324827754148115,-0.04943029631154727,0.05453399533590675
ALAB,CLOSED,2025-07-18,2025-08-19,99.8898,174.1057,60,STOP,4452.96,74.298,32,98,36.0,78,0.85,technology,1,False,0.07889417351941774,0.056770213534258124,0.009585655919956748,0.05424597015905874,0.018785135524377994,-0.3282353844846545,0.048892149058382905
NET,CLOSED,2025-07-30,2025-08-20,200.6504,184.4154,30,STOP,-487.05,-8.091,21,98,42.0,76,0.85,technology,1,True,0.1044017290293966,0.03198473524244056,0.04660188654844277,0.018383244707480095,0.005114598154346783,0.0,0.044227196067684105
HOOD,CLOSED,2025-08-07,2025-08-20,107.9979,99.2606,37,STOP,-323.28,-8.09,13,99,31.0,73,0.85,financials,1,True,0.19262101372317209,0.053252646929442406,-0.004241253107576171,0.11751640049462742,0.021202061821275375,-0.037269878052739736,0.031213535971597484
AFRM,CLOSED,2025-08-15,2025-08-20,77.0069,70.7792,121,STOP,-753.56,-8.087,5,98,36.0,81,0.85,financials,1,True,0.14928115864153924,0.04858570909935598,-0.024569433433387022,0.1086799379544745,-0.0011684801585709614,-0.048901044081373524,0.04082800068622228
VST,CLOSED,2025-08-07,2025-08-21,189.097,188.7886,20,PRICE_BELOW_50MA,-6.17,-0.163,14,97,42.0,71,0.85,utilities,1,True,0.07955566887545173,0.04195065729690467,-0.029944453810645366,0.019491577237923163,-0.052974906404147704,-0.061711607025070836,0.031213535971597484
TRMB,CLOSED,2025-07-31,2025-08-29,85.1651,80.7392,44,PRICE_BELOW_50MA,-194.74,-5.197,29,89,42.0,72,0.85,technology,1,True,0.11959524603193028,0.017230381838947966,0.018775408314470443,0.1141773929043437,-0.0012912384927705745,-0.0005865253826400352,0.041473587421358316
BKNG,CLOSED,2025-08-20,2025-08-29,221.1743,221.3273,28,PRICE_BELOW_50MA,4.28,0.069,9,83,61.0,81,0.85,consumer_cyclical,1,False,0.004173268736229252,0.020253114512921666,0.022437031679248376,-0.033148461899269344,-1.4328748578429362e-05,-0.0398629766949784,0.027766163527104926
GEV,CLOSED,2025-06-05,2025-09-02,490.234,577.7883,7,PRICE_BELOW_50MA,612.88,17.86,89,99,36.0,74,0.85,industrials,1,False,0.28527987614281103,0.029861629275632403,0.006432783847320822,0.2165840325015005,0.006023058402139236,-0.009817982958442495,0.06340021454715994
IBKR,CLOSED,2025-06-17,2025-09-05,51.7841,59.8466,65,PRICE_BELOW_50MA,524.07,15.57,80,93,30.0,70,0.85,financials,1,False,0.12052156391839985,0.026579029633244388,0.024380643014899395,0.003973441523323462,-0.0075836394316328715,-0.10737776210049466,0.06362589222081572
FOX,CLOSED,2025-08-21,2025-09-10,53.2316,51.2187,114,PRICE_BELOW_50MA,-229.47,-3.781,20,80,61.0,77,0.85,communication_services,1,True,0.05387836706536819,0.025691022357371758,0.00427677074673527,0.04045465453848629,-0.00018516627748754733,-0.010443337964707311,0.023713124418530684
SPOT,CLOSED,2025-09-08,2025-09-11,711.6109,689.6197,13,PRICE_BELOW_50MA,-285.89,-3.09,3,91,42.0,81,0.85,consumer_cyclical,1,True,0.012186206862367488,0.028330945127294636,0.028191356488180164,0.029778391382234703,0.005246145957731763,-0.08855525172143675,0.022265925757617655
RCL,CLOSED,2025-08-21,2025-09-12,319.1505,328.4819,27,PRICE_BELOW_50MA,251.95,2.924,22,96,42.0,83,0.85,consumer_cyclical,1,False,0.044916182897444035,0.027634303662271913,0.05009238030359886,-0.06722604747179561,-0.008841802955147582,-0.06722604747179561,0.023713124418530684
BE,CLOSED,2025-08-04,2025-09-23,37.7577,79.2906,162,STOP,6728.33,109.998,50,99,42.0,76,0.85,industrials,1,False,0.5097443165355178,0.05557890106803209,0.06930696148922055,0.5148515498112678,0.027233114563084193,-0.023923384814847792,0.01823408203720356
LITE,CLOSED,2025-07-23,2025-09-24,101.7717,154.1957,59,STOP,3093.01,51.511,63,98,42.0,75,0.85,technology,1,False,0.16316806572836584,0.036009663440542294,0.015182370827757197,0.11742926380966545,0.020475770066905152,-0.04054313591049763,0.043113315259058815
AFRM,CLOSED,2025-09-03,2025-09-25,82.9979,77.8621,76,PRICE_BELOW_50MA,-390.32,-6.188,22,97,43.0,75,0.85,financials,1,True,0.15066393538847223,0.048426704179557085,0.06241118838541748,0.09934483506114278,0.008452927323105097,-0.07054033380455726,0.01530021054331554
LYV,CLOSED,2025-08-22,2025-10-01,163.5334,158.7211,23,PRICE_BELOW_50MA,-110.68,-2.943,40,89,50.0,74,0.85,communication_services,1,False,0.07977452478278657,0.02419347005031487,0.005383632947576711,0.06265944057360828,0.005539446603818332,-0.0026396113682759514,0.018487225916900885
RBLX,CLOSED,2025-09-11,2025-10-03,134.9648,124.0458,74,STOP,-808.01,-8.09,22,97,36.0,81,0.85,consumer_cyclical,1,True,0.09615534335548581,0.03928197211797046,-0.004645664204901756,0.025553907124121755,0.014980469346764336,-0.0359242121302894,0.026654171466991894
PLTR,CLOSED,2025-10-02,2025-10-03,186.8867,171.7681,56,STOP,-846.64,-8.09,1,99,42.0,82,0.85,technology,1,True,0.10134779866817523,0.035187117025337854,0.030017818350045244,0.19399615387873714,0.00946201691741444,-0.010803895059488644,0.036066807379732335
APP,CLOSED,2025-09-02,2025-10-06,464.464,646.0433,18,STOP,3268.43,39.094,34,99,36.0,81,0.85,communication_services,1,False,0.23629927949914986,0.046388963654054545,0.08356729821176989,0.2622042339566617,-0.03048537673067009,-0.06182739349387467,0.024374010852812544
FOXA,CLOSED,2025-08-21,2025-10-09,58.0267,58.2666,103,PRICE_BELOW_50MA,24.72,0.414,49,81,61.0,77,0.85,communication_services,1,False,0.05510453079742006,0.025231963159567706,-0.0025371559082892903,0.04427133458228183,-0.003222013062835094,-0.015361387091105017,0.023713124418530684
BNY,CLOSED,2025-08-07,2025-10-10,101.0454,102.5604,38,PRICE_BELOW_50MA,57.57,1.499,64,86,50.0,71,0.85,financials,1,False,0.0953296231030083,0.014973682790973787,-9.788938636035027e-05,0.10516034460269452,0.004888119136294833,-9.788938636035027e-05,0.031213535971597484
EXPE,CLOSED,2025-08-12,2025-10-10,191.7153,208.5712,32,PRICE_BELOW_50MA,539.39,8.792,59,89,55.0,80,0.85,consumer_cyclical,1,False,0.08800271512938784,0.03117003666666649,0.04129957684644814,0.04941172759146428,0.003529959909025715,-0.06306487439012387,0.03156864018424188
PSKY,CLOSED,2025-09-25,2025-10-10,18.4073,16.9131,366,STOP,-546.89,-8.118,15,96,49.0,78,0.85,communication_services,1,True,0.3131809098485754,0.06589019411005488,0.0669642552236549,0.21029124095571095,-0.020397565291329633,-0.030917333738749164,0.03072549232350852
XYZ,CLOSED,2025-10-07,2025-10-10,78.4784,74.5953,90,PRICE_BELOW_50MA,-349.48,-4.948,3,82,73.0,80,0.85,technology,1,True,0.02243626802095089,0.033524061193221294,0.031701809377870926,0.025850687053042165,0.007971236260125192,-0.21370804469227223,0.037440462086852255
GEV,CLOSED,2025-10-10,2025-10-10,629.2013,602.5872,16,PRICE_BELOW_50MA,-425.83,-4.23,0,96,58.0,84,0.85,industrials,1,True,0.020445257330828914,0.03129289604300746,0.04625312147797844,0.00018916930942580734,-0.006732061882486762,-0.04556461979989723,0.03317039144610745
ANET,CLOSED,2025-07-23,2025-10-14,111.2411,138.6512,53,PRICE_BELOW_50MA,1452.73,24.64,83,92,42.0,76,0.85,technology,1,False,0.1239521115616371,0.029775130727074585,0.022445710823003173,0.19390975990016623,0.012297308153875308,-0.15436764300030414,0.043113315259058815
NBIS,CLOSED,2025-08-20,2025-10-15,65.2502,124.4954,56,STOP,3317.73,90.797,56,99,42.0,74,0.85,technology,1,False,0.2366333995548715,0.06629706044871926,-0.10805786793825267,0.3171927985154015,-0.02984082169904645,-0.10805786793825267,0.027766163527104926
NFLX,CLOSED,2025-10-14,2025-10-15,121.5965,120.2087,58,PRICE_BELOW_50MA,-80.49,-1.141,1,84,55.0,78,0.85,communication_services,1,True,0.006581011428706374,0.020475296095568158,0.04789779624346857,0.013948746378249055,-0.003510999764051448,-0.08968505679387784,0.01860941448521447
FFIV,CLOSED,2025-08-04,2025-10-16,310.0397,295.0547,19,PRICE_BELOW_50MA,-284.72,-4.833,73,85,61.0,75,0.85,technology,1,False,0.04466471661098481,0.021939945541123083,0.026923197681981037,0.024322752387982982,0.00748143761292841,-0.01911180044453109,0.01823408203720356
NET,CLOSED,2025-09-02,2025-10-16,202.8526,211.1886,45,PRICE_BELOW_50MA,375.12,4.109,44,96,48.0,81,0.85,technology,1,False,0.06514803918978052,0.034067783186606644,0.06392419157858265,0.042976393370070864,-0.029035564287489102,-0.031642890103726895,0.024374010852812544
VST,CLOSED,2025-10-14,2025-10-20,204.806,192.925,21,PRICE_BELOW_50MA,-249.5,-5.801,6,92,50.0,74,0.85,utilities,1,True,0.043923230683490466,0.04152163096623729,0.045606466550479174,-0.017536506295464105,-0.017943270362133834,-0.03840857472797099,0.01860941448521447
NEM,CLOSED,2025-06-26,2025-10-21,57.575,87.5324,96,STOP,2875.91,52.032,117,90,48.0,76,0.85,basic_materials,1,False,0.07751438263589194,0.026253623176191343,-0.007860512006377718,0.10149894051064967,0.0032724734760161134,-0.023545166521051875,0.05609764912006865
IBKR,CLOSED,2025-09-26,2025-10-22,65.369,64.4326,104,PRICE_BELOW_50MA,-97.39,-1.432,26,94,52.0,77,0.85,financials,1,True,0.021733939439696037,0.02628686665128062,0.0007701799903321316,0.052806112725728216,0.009389081774917596,-0.038105992589445914,0.02483415122760979
RBLX,CLOSED,2025-10-17,2025-10-22,133.8237,127.872,52,PRICE_BELOW_50MA,-309.49,-4.447,5,97,48.0,78,0.85,consumer_cyclical,1,True,0.040385472395357835,0.04133603972889753,0.06375073296316613,-0.00774670093683838,-0.00594842009875951,-0.04994343167110693,0.01177183579750718
ALNY,CLOSED,2025-06-10,2025-10-30,304.1138,441.6579,10,STOP,1375.44,45.228,142,96,36.0,74,0.85,healthcare,1,False,0.14166227349227611,0.026947853260470514,-0.006828045224919754,0.21043204215763822,-0.0006250080309417871,-0.012987012987012991,0.0670174110147248
EME,CLOSED,2025-09-24,2025-10-30,651.2599,646.31,10,PRICE_BELOW_50MA,-49.5,-0.76,36,89,69.0,82,0.85,industrials,1,False,0.04914829085121308,0.027981995625224146,0.04153524202503345,0.058342486790860626,0.011168185079864834,-0.016970966754085604,0.03532877349008845
TPR,CLOSED,2025-09-15,2025-10-31,105.0238,108.3154,94,PRICE_BELOW_50MA,309.4,3.134,46,96,48.0,82,0.85,consumer_cyclical,1,False,0.030788027284091912,0.025472826531289766,0.021981125952464486,0.11687730873824465,-0.0018785257678206602,-0.058627890190985354,0.032338860382465695
RL,CLOSED,2025-07-24,2025-11-03,290.8394,311.3311,29,PRICE_BELOW_50MA,594.26,7.046,102,91,50.0,82,0.85,consumer_cyclical,1,False,0.06426053385365416,0.019705777134173198,0.033861248020876866,0.07862158625776261,0.0006456127202176809,0.0,0.0494969881269105
SHOP,CLOSED,2025-06-27,2025-11-04,113.2031,160.9489,74,STOP,3533.19,42.177,130,90,36.0,82,0.85,technology,1,False,0.10502150663744003,0.032867119223842806,0.0670000791953751,0.05564372187947364,0.00017685188927551998,-0.12558965409005407,0.061614679357816504
HPE,CLOSED,2025-11-04,2025-11-04,23.5346,23.1196,304,PRICE_BELOW_50MA,-126.16,-1.763,0,82,55.0,77,0.85,technology,1,True,0.018303345407375327,0.032230303050280386,0.013234117669543854,-0.011698307105332484,-0.023061184180490524,-0.06666661242118466,0.031791975720576016
ANET,CLOSED,2025-10-31,2025-11-05,161.2511,142.5273,44,STOP,-823.85,-11.612,5,93,42.0,78,0.85,technology,1,True,0.09170638584296897,0.0371763203210889,0.03718256178855861,0.09677415947535795,0.016725535569619643,-0.022156368357322598,0.029229717533300503
APP,CLOSED,2025-11-03,2025-11-05,647.632,595.2242,11,STOP,-576.49,-8.092,2,99,42.0,78,0.85,communication_services,1,True,0.08195406363494029,0.03953008932799711,0.02795164046748999,-0.06653874278807903,0.01514908760426037,-0.11302079692274214,0.031098959781785673
HOOD,CLOSED,2025-09-12,2025-11-06,118.0479,126.9529,85,PRICE_BELOW_50MA,756.92,7.544,55,99,42.0,83,0.85,financials,1,False,0.11652860892666506,0.04415104003758145,0.14420363239530798,0.08405447452177728,0.0015286650121084655,-0.006329113924050667,0.03388461034827994
SOFI,CLOSED,2025-10-15,2025-11-06,28.2282,27.1328,156,PRICE_BELOW_50MA,-170.88,-3.88,22,98,44.0,71,0.85,financials,1,True,0.08273378926981234,0.059241885988695966,-0.00959483142399653,0.016411406334331247,0.011840685818764074,-0.06507878770428732,0.01634065025284248
DELL,CLOSED,2025-10-06,2025-11-11,143.8327,137.3647,50,PRICE_BELOW_50MA,-323.4,-4.497,36,86,55.0,75,0.85,technology,1,False,0.0659296183655842,0.03532347779119208,0.07632320372125556,0.12745351635318558,0.03396327697507173,-0.059727338426595056,0.03489292594119342
NRG,CLOSED,2025-10-17,2025-11-11,166.7679,161.1039,61,PRICE_BELOW_50MA,-345.5,-3.396,25,93,50.0,80,0.85,utilities,1,True,0.07619415324018353,0.033543222024259835,0.009984998860155692,0.034959320298003194,-0.007473596551415218,-0.02288553855418851,0.01177183579750718
CIEN,CLOSED,2025-07-23,2025-11-13,85.0349,192.5672,70,STOP,7527.26,126.457,113,92,44.0,78,0.85,technology,1,False,0.06520800886295963,0.026823796982138572,0.021183875887548664,0.1182396325593098,0.006993792480108452,-0.14076186241461708,0.043113315259058815
BE,CLOSED,2025-10-22,2025-11-13,100.7807,102.1877,41,STOP,57.69,1.396,22,99,43.0,74,0.85,industrials,1,False,0.4570519698357147,0.08698642928173102,-0.08486761802886322,0.3489273837988842,-0.03544737541292675,-0.10464920557572743,0.02472687950338659
FLEX,CLOSED,2025-10-23,2025-11-13,61.7817,59.4705,70,PRICE_BELOW_50MA,-161.79,-3.741,21,94,42.0,72,0.85,technology,1,True,0.08728800284361271,0.038526939558157995,-0.03569177197370632,0.06512677806094658,0.006359031110463098,-0.03569177197370632,0.01856336300851824
APH,CLOSED,2025-11-12,2025-11-14,71.5623,64.6534,149,STOP,-1029.43,-9.654,2,95,36.0,80,0.85,technology,1,True,0.13466428060876412,0.02628225404570585,0.049524483934964225,0.16984663545364032,0.003554779395918084,-0.0026417477321046823,0.025064669821622365
NVDA,CLOSED,2025-10-06,2025-11-18,185.2417,180.7456,37,PRICE_BELOW_50MA,-166.36,-2.427,43,90,50.0,78,0.85,technology,1,False,0.05349565287843183,0.026310780670914736,0.052921004203537736,0.12340190923290462,-0.011299393213167308,-0.006723506717838501,0.03489292594119342
AMD,CLOSED,2025-10-21,2025-11-19,239.6294,220.2395,29,STOP,-562.31,-8.092,29,96,36.0,76,0.85,technology,1,True,0.3551133769986228,0.049886582120742595,0.1115423694385389,0.5054759851439987,-0.004863643917606519,0.0,0.02590511809855478
SNOW,CLOSED,2025-10-14,2025-11-20,244.284,244.4153,28,PRICE_BELOW_50MA,3.68,0.054,37,94,42.0,78,0.85,technology,1,False,0.13035649490482393,0.03479191882330354,0.01958601317961217,0.0951326968645041,-0.013062688278069556,-0.013563625169825455,0.01860941448521447
ETR,CLOSED,2025-10-14,2025-11-20,93.3213,91.5977,46,PRICE_BELOW_50MA,-79.29,-1.847,37,87,58.0,72,0.85,utilities,1,False,0.05739142296468014,0.019857024649345356,-0.018054993044109846,0.06131496140407089,-0.0017759115608667608,-0.018054993044109846,0.01860941448521447
MDB,CLOSED,2025-11-05,2025-11-20,355.1047,326.3733,19,STOP,-545.9,-8.091,15,95,42.0,76,0.85,technology,1,True,0.10060324248380459,0.03753812966748634,0.05759973065148216,0.11737739711672801,-0.003063164200506563,-0.035794585806865786,0.018499033004492293
MS,CLOSED,2025-11-05,2025-11-20,161.3742,155.9707,43,PRICE_BELOW_50MA,-232.35,-3.348,15,86,58.0,76,0.85,financials,1,True,0.04865251094273915,0.020244787659156775,-0.001219869506549287,0.05795018682716191,-0.0008536747747295292,-0.006092712318631288,0.018499033004492293
APA,CLOSED,2025-11-17,2025-11-20,24.1687,22.8221,287,PRICE_BELOW_50MA,-386.46,-5.571,3,84,50.0,83,0.85,energy,1,True,0.06143419210962242,0.032271081459451484,0.04028544176861426,0.11312360686265643,-0.003227178445763035,-0.002088280453173219,0.0056549407627450865
MPC,CLOSED,2025-11-17,2025-11-20,195.8083,185.5282,35,PRICE_BELOW_50MA,-359.8,-5.25,3,85,56.0,81,0.85,energy,1,True,0.05441758952084497,0.03017086406488162,0.03210156320746105,0.08407868460477141,-0.005500536785754462,-0.0007495205324362653,0.0056549407627450865
ALNY,CLOSED,2025-11-19,2025-11-20,462.7323,445.3442,14,PRICE_BELOW_50MA,-243.43,-3.758,1,93,58.0,77,0.85,healthcare,1,True,0.008215303840818367,0.03528476123495508,0.02290070872084926,-0.024683570057027815,-6.489028788458917e-05,-0.058873851544861466,-0.012972354016635101
HII,CLOSED,2025-11-12,2025-11-21,316.5113,290.8988,32,STOP,-819.6,-8.092,9,93,49.0,83,0.85,industrials,1,True,0.12684843787320244,0.030742552322513453,0.026242586319839,0.11046797076782089,-0.008451876780491752,0.0,0.025064669821622365
ABBV,CLOSED,2025-11-17,2025-12-01,228.1002,219.6907,30,PRICE_BELOW_50MA,-252.29,-3.687,14,85,58.0,80,0.85,healthcare,1,True,0.037551480048347186,0.022929314034972184,0.06023001144312823,0.012153139821934111,0.0038732374329877306,-0.04233108672483887,0.0056549407627450865
HWM,CLOSED,2025-11-06,2025-12-02,205.8974,195.7706,35,PRICE_BELOW_50MA,-354.44,-4.918,26,93,50.0,77,0.85,industrials,1,True,0.08301024230907772,0.027912221659677203,0.013907960130028263,0.07649355797993573,-0.0009209067676193561,-0.0020800599729422498,0.020975166568409254
MCK,CLOSED,2025-11-24,2025-12-03,865.2214,802.156,4,PRICE_BELOW_50MA,-252.26,-7.289,9,91,42.0,69,0.7,healthcare,1,True,0.09862810306214609,0.02545358560707414,0.028429277247504325,0.08028247838769142,0.0019974972831626747,0.0,-0.014907076835519728
GILD,CLOSED,2025-10-16,2025-12-09,115.2497,116.3648,60,PRICE_BELOW_50MA,66.91,0.968,54,79,74.0,76,0.85,healthcare,1,False,0.033047100738419655,0.025075467225133968,0.00042286317242590243,0.053803695089319925,-0.0027050193482929252,-0.011193446369312965,0.019634164080668537
INCY,CLOSED,2025-10-23,2025-12-09,87.7377,95.0648,77,PRICE_BELOW_50MA,564.19,8.351,47,89,56.0,78,0.85,healthcare,1,False,0.029710260790204,0.027830062107496216,-0.0010210319424525105,0.046340229643314856,-0.0046558714976348,-0.0010210319424525105,0.01856336300851824
VLO,CLOSED,2025-11-17,2025-12-12,178.1349,165.6792,58,PRICE_BELOW_50MA,-722.43,-6.992,25,90,50.0,83,0.85,energy,1,True,0.08987776960388794,0.02711189164160012,0.034961877386545215,0.1520568109696585,-0.00016511184197309792,0.0,0.0056549407627450865
AVGO,CLOSED,2025-11-25,2025-12-12,382.4711,356.9163,27,PRICE_BELOW_50MA,-689.98,-6.682,17,97,50.0,81,0.85,technology,1,True,0.08491023972519418,0.04417324398581691,0.10304960328266577,0.043944193724660074,0.018441176200801657,-0.020778374387975695,-0.0006961394808969734
TEL,CLOSED,2025-12-10,2025-12-12,234.6059,227.4566,30,PRICE_BELOW_50MA,-214.48,-3.047,2,89,58.0,79,0.85,technology,1,True,0.02287478625304029,0.025260065939070313,0.028969686136983253,-0.04665805408271917,0.0030482177803703436,-0.05140564905983003,0.014437048113131512
GE,CLOSED,2025-12-16,2025-12-16,296.8144,297.2862,23,PRICE_BELOW_50MA,10.85,0.159,0,91,61.0,78,0.85,industrials,1,False,0.004523624572784657,0.023750989561594462,0.04801689342638249,-0.012597666918559236,-0.011030646887763007,-0.04231893517495022,0.009023070303299408
CVS,CLOSED,2025-12-16,2025-12-16,77.9086,76.4254,89,PRICE_BELOW_50MA,-132.01,-1.904,0,90,61.0,77,0.85,healthcare,1,True,0.011502038640960777,0.024200919426374878,0.04129115020719598,0.02416159547667851,-0.0005019697236895437,-0.03347472144565877,0.009023070303299408
WDC,CLOSED,2025-10-16,2025-12-17,123.1635,168.1317,36,STOP,1618.86,36.511,62,98,42.0,72,0.85,technology,1,False,0.24002671307377077,0.05702304691333184,-0.006106576320724089,0.19318410110246487,0.02349703595401431,-0.08278122565343671,0.019634164080668537
GEV,CLOSED,2025-12-16,2025-12-17,686.415,630.8685,10,STOP,-555.46,-8.092,1,95,42.0,75,0.85,industrials,1,True,0.137737673190508,0.04018125632341468,0.09559402200353895,0.17817437051315332,0.008292359415017714,-0.057607161062071754,0.009023070303299408
CEG,CLOSED,2025-12-17,2025-12-17,367.2538,339.1241,27,PRICE_BELOW_50MA,-759.5,-7.659,0,90,56.0,80,0.85,utilities,1,True,0.0020203852735090067,0.03720459980275706,0.01802864201442156,0.07959063443028658,0.007904289253201524,-0.0938370595084681,0.006049615459163382
IDXX,CLOSED,2025-11-24,2025-12-23,733.783,681.6277,5,PRICE_BELOW_50MA,-260.78,-7.108,29,93,50.0,73,0.85,healthcare,1,True,0.10636466468783401,0.02965342590046699,0.05215019038266111,0.1327299692581283,0.009835950617275602,0.0,-0.014907076835519728
IBM,CLOSED,2025-11-06,2025-12-30,299.2765,295.7238,24,PRICE_BELOW_50MA,-85.27,-1.187,54,89,49.0,77,0.85,technology,1,False,0.10810499176420407,0.03334746668342396,-0.0046722083806362,0.05980113342890503,-6.524955291864476e-05,-0.02018594951027486,0.020975166568409254
GILD,CLOSED,2025-12-24,2026-01-02,123.6119,119.3316,56,PRICE_BELOW_50MA,-239.7,-3.463,9,80,67.0,79,0.85,healthcare,1,True,0.02837032563653863,0.023828792496397383,0.05396538421300412,0.005962033134929712,0.004153648296981283,-0.016031454908557174,0.020178549717483785
CSCO,CLOSED,2025-11-21,2026-01-06,74.3394,74.1835,56,PRICE_BELOW_50MA,-8.73,-0.21,46,85,57.0,71,0.85,technology,1,False,0.0697153134966837,0.02642590084657042,-0.025071008263108374,0.07357348706675526,0.0026511155199222536,-0.037632337041346164,-0.02452274949682498
MDB,CLOSED,2025-12-17,2026-01-14,422.2719,388.1015,16,STOP,-546.73,-8.092,28,96,42.0,77,0.85,technology,1,True,0.18974364600418459,0.030810704091467567,0.01796841637751645,0.24116605543145941,0.0008303822147464057,-0.013827480900006184,0.006049615459163382
CVS,CLOSED,2025-12-31,2026-01-16,78.0456,76.728,90,PRICE_BELOW_50MA,-118.58,-1.688,16,93,56.0,77,0.85,healthcare,1,True,0.012278488982213176,0.01670096891759438,0.019014832081168498,0.009481793249330295,-0.0007514656852453117,-0.03153420180078559,0.015428940569607752
EXPE,CLOSED,2025-12-03,2026-01-20,262.6848,270.3248,38,PRICE_BELOW_50MA,290.32,2.908,48,90,49.0,84,0.85,consumer_cyclical,1,False,0.14281790912981185,0.033919396961428115,0.05844106565994678,0.22508337499974163,0.0008720602767626762,-0.03475139146338435,0.015596811561329194
RL,CLOSED,2025-11-20,2026-01-27,332.8042,354.5744,13,PRICE_BELOW_50MA,283.01,6.541,68,91,52.0,72,0.85,consumer_cyclical,1,False,0.029311524556298263,0.03283885017810584,-0.02742423422416429,-0.0037337157775608754,0.015473982488281024,-0.02742423422416429,-0.009521304117244833
STX,CLOSED,2025-12-10,2026-01-30,282.3196,400.2094,36,STOP,4244.03,41.758,51,98,36.0,81,0.85,technology,1,False,0.1279352424042759,0.049060119588771135,0.0599169361384162,-0.03785845984980285,0.002969632892217966,-0.03785845984980285,0.014437048113131512
RKLB,CLOSED,2026-01-05,2026-02-02,74.6946,75.7442,139,STOP,145.89,1.405,28,98,43.0,83,0.85,industrials,1,False,0.355347509688952,0.07624028725181106,-0.015418533774305354,0.6992396196221471,-0.018028624236094193,-0.020116120265619042,0.00896420220295946
FOX,CLOSED,2025-11-24,2026-02-03,58.2764,62.471,72,PRICE_BELOW_50MA,302.01,7.198,71,85,50.0,72,0.85,communication_services,1,False,0.06439266356230644,0.022369443396847252,0.011631819708343594,0.11795831227463971,-0.005410860141206397,-0.018749040783334725,-0.014907076835519728
FOXA,CLOSED,2025-11-24,2026-02-03,64.4428,69.5498,64,PRICE_BELOW_50MA,326.85,7.925,71,88,50.0,71,0.85,communication_services,1,False,0.06360594074081383,0.022308228831509992,0.013109348170349255,0.10626481366770357,-0.010808364650647384,-0.015289988592679271,-0.014907076835519728
IVZ,CLOSED,2025-11-24,2026-02-03,22.7949,25.9141,185,PRICE_BELOW_50MA,577.06,13.684,71,88,67.0,70,0.7,financials,1,False,0.009752710229824268,0.03173600287949022,-0.012755117486103473,0.018484373918423502,0.0030146774374508745,-0.050075430525389764,-0.014907076835519728
WBD,CLOSED,2025-12-18,2026-02-03,28.3784,27.1628,150,PRICE_BELOW_50MA,-182.33,-4.283,47,99,49.0,72,0.85,communication_services,1,False,0.234389587037932,0.02478857860245112,-0.04470035799118022,0.190797739489998,0.00496282529389136,-0.05903937574348739,-0.005087749498143723
NVDA,CLOSED,2026-01-28,2026-02-03,191.0143,179.7391,40,PRICE_BELOW_50MA,-451.01,-5.903,6,85,61.0,81,0.85,technology,1,True,0.026888215252881986,0.021869600797691156,0.058684841752606465,-0.010549532551834107,0.014587229614196007,-0.08940051013058226,0.02071802483007046
MU,CLOSED,2025-10-14,2026-02-04,186.9641,402.1375,36,STOP,7746.24,115.088,113,97,36.0,78,0.85,technology,1,False,0.33687825899010226,0.042041096571032,0.00947840536211686,0.2226070677201284,-0.03013950734318238,-0.019181748755834116,0.01860941448521447
KLAC,CLOSED,2025-12-04,2026-02-04,119.9312,130.1085,85,PRICE_BELOW_50MA,865.07,8.486,62,95,42.0,84,0.85,technology,1,False,0.06522185252775325,0.03565654410084391,0.05747498059494571,0.01700318939546097,-0.007584114370102424,-0.01740243188944779,0.01848584041545598
AMD,CLOSED,2026-01-15,2026-02-04,228.1279,209.6701,49,STOP,-904.43,-8.091,20,91,48.0,80,0.85,technology,1,True,0.00940610385370877,0.030973678784561264,0.06466051592607913,0.0771750849366466,0.01923071411267374,-0.15408762735140835,0.016292558070429175
BE,CLOSED,2026-02-03,2026-02-04,163.3232,150.1097,49,STOP,-647.46,-8.09,1,99,36.0,78,0.85,industrials,1,True,0.3703620248662465,0.07895893598644227,0.11824960853040878,0.5820245315680206,0.04502657118709141,-0.055988841774042064,0.01716761015730439
GS,CLOSED,2026-01-20,2026-02-05,933.6593,876.6864,7,PRICE_BELOW_50MA,-398.81,-6.102,16,91,42.0,78,0.85,financials,1,True,0.11542357303030992,0.024642123292689257,0.0245160051256077,0.1027936839684056,-0.016237040823141258,-0.01420278676819775,0.017328015090116722
GOOG,CLOSED,2025-11-07,2026-02-10,283.7534,317.6897,15,PRICE_BELOW_50MA,509.04,11.96,95,95,36.0,74,0.85,communication_services,1,False,0.13936973110068873,0.023686525823793287,0.012202971199733348,0.17806866978542701,-0.0039603335337640155,0.0,0.009246104996623483
GOOGL,CLOSED,2025-11-07,2026-02-10,282.7578,317.6435,15,PRICE_BELOW_50MA,523.28,12.338,95,95,36.0,74,0.85,communication_services,1,False,0.13965843588706295,0.02401604809299057,0.01161701041119878,0.17894259326364303,-0.005408303112644952,0.0,0.009246104996623483
LITE,CLOSED,2025-11-24,2026-02-10,267.4672,530.449,26,STOP,6837.53,98.323,78,99,42.0,76,0.85,technology,1,False,0.3483614121637193,0.08988923060369704,0.10096921411877413,0.4254879642367353,0.04542437511440056,-0.049568706025019726,-0.014907076835519728
ROK,CLOSED,2026-02-05,2026-02-11,401.8004,402.4719,17,PRICE_BELOW_50MA,11.41,0.167,6,89,50.0,78,0.85,industrials,1,False,0.05846263683004471,0.021798814003088276,0.03600868368449417,0.039868442473622645,-0.05713753929336407,-0.0010922730880350562,0.0017933594798678065
EXPD,CLOSED,2026-02-04,2026-02-12,161.8186,148.7211,29,STOP,-379.83,-8.094,8,91,50.0,70,0.85,industrials,1,True,0.05527721830096799,0.018453776302659906,0.024245483193185757,0.0506477677294257,0.0016644497948687942,-0.009403912204303144,0.007716483942167729
LUV,CLOSED,2026-02-11,2026-02-12,53.5747,49.2407,144,STOP,-624.1,-8.09,1,97,49.0,75,0.85,industrials,1,True,0.26585540165018506,0.033276971751275954,0.05626107848303041,0.2330673439432276,0.0031441012842696736,-0.0035016361084251324,0.00810312207740771
INTC,CLOSED,2026-02-04,2026-02-13,49.5895,45.5744,97,STOP,-389.47,-8.097,9,97,42.0,72,0.85,technology,1,True,0.18440101522236318,0.057592456975304795,0.12110174500038462,0.2509525358435727,0.005888343462484125,-0.0933357828296767,0.007716483942167729
BE,CLOSED,2026-02-12,2026-02-13,159.7596,136.0738,31,STOP,-734.26,-14.826,1,99,36.0,74,0.85,industrials,1,True,0.2834561141285359,0.10953683046608428,0.05558185845519126,0.1128281357345502,0.02610269379344765,-0.07904556901984261,0.007559540534802123
DLTR,CLOSED,2026-02-13,2026-02-13,126.156,125.9339,90,PRICE_BELOW_50MA,-19.99,-0.176,0,92,48.0,82,0.85,consumer_defensive,1,True,0.020101741404436213,0.029610345419178924,0.07382938389895366,-0.08453917726093352,-0.018687176153183382,-0.09050360052727702,-0.008092846151153466
STX,CLOSED,2026-02-05,2026-03-02,412.6275,379.2404,10,STOP,-333.87,-8.091,25,99,42.0,73,0.85,technology,1,True,0.3424941795815277,0.07025466982455575,-0.0548618568832665,0.26696328770291533,-0.012110972709664658,-0.06256571539208744,0.0017933594798678065
CMI,CLOSED,2025-10-31,2026-03-03,431.9913,555.7096,16,PRICE_BELOW_50MA,1979.49,28.639,123,85,58.0,80,0.85,industrials,1,False,0.0558094793036894,0.026462266811399456,0.04871451362944068,0.01271406299511657,-0.0005022261852956067,-0.0071840707708756835,0.029229717533300503
GLW,CLOSED,2026-01-21,2026-03-03,92.7324,143.4864,79,STOP,4009.56,54.732,41,93,48.0,79,0.85,technology,1,False,0.0647601741548316,0.03200668887255038,0.053368224885034454,0.06549261948496232,0.0060494829243396,-0.0354278812080967,-0.003440084004417421
MNST,CLOSED,2026-02-04,2026-03-03,41.2612,39.4555,117,PRICE_BELOW_50MA,-211.27,-4.376,27,92,56.0,73,0.85,consumer_defensive,1,True,0.06716487636412727,0.020146732378996203,0.006878731524420534,0.08325628656276773,0.005733819857311584,-0.0003658387719130962,0.007716483942167729
COHR,CLOSED,2025-12-02,2026-03-04,168.168,268.751,63,STOP,6336.73,59.811,92,98,36.0,85,0.85,technology,1,False,0.26292470193979267,0.06391873407593039,0.17195904550041807,0.23901175872567149,0.02752293577981657,-0.019313826758197483,0.014163165925127563
ECHO,CLOSED,2026-03-04,2026-03-04,118.4784,113.916,101,PRICE_BELOW_50MA,-460.8,-3.851,0,99,61.0,82,0.85,communication_services,1,True,0.01913605929459683,0.04933399246527608,0.0947743291091343,0.0030029898323185034,0.012489299105350682,-0.10824620648730765,-0.011251012891678958
ULTA,CLOSED,2025-12-18,2026-03-05,594.7141,652.9864,7,PRICE_BELOW_50MA,407.91,9.798,77,87,55.0,73,0.85,consumer_cyclical,1,False,0.0873489841636621,0.03021922279682342,-0.02442361333394305,0.15493621244473843,0.01389128454853683,-0.02817717475144399,-0.005087749498143723
NEM,CLOSED,2026-03-03,2026-03-05,119.96,115.4634,95,PRICE_BELOW_50MA,-427.18,-3.748,2,97,42.0,84,0.85,basic_materials,1,True,0.11482727851277619,0.03896860789381688,0.0360563437033139,0.1457943762992513,-0.06304972573071743,-0.024403167124843805,-0.0021420266767906426
DD,CLOSED,2026-02-06,2026-03-06,137.1833,134.5163,55,PRICE_BELOW_50MA,-146.69,-1.944,28,86,48.0,76,0.85,basic_materials,1,True,0.08667806381018073,0.025315863828473832,0.02421508903197145,0.056673496128647916,0.012478256304025326,-0.04495099852588613,-0.011311035289897187
MU,CLOSED,2026-02-17,2026-03-06,401.1207,368.661,11,STOP,-357.06,-8.092,17,99,36.0,74,0.85,technology,1,True,0.24680209896643523,0.06947653462761746,0.04299584791110922,0.22288567187316466,-0.026016689915044355,-0.05970754800611344,-0.00745849373910068
TER,CLOSED,2026-02-17,2026-03-06,306.3229,281.5382,15,STOP,-371.77,-8.091,17,99,36.0,74,0.85,technology,1,True,0.3743654516117625,0.05738412369362916,0.0489207891872554,0.38248383725303703,-0.026727250254409474,-0.020713808838368264,-0.00745849373910068
JBHT,CLOSED,2026-02-17,2026-03-06,221.5054,212.4222,22,PRICE_BELOW_50MA,-199.83,-4.101,17,88,43.0,74,0.85,industrials,1,True,0.08427894498876332,0.03307018225183287,-0.02698439488575688,0.07594368860959833,0.0013979555630840856,-0.03741649498446453,-0.00745849373910068
SNDK,CLOSED,2026-02-05,2026-03-09,564.3137,516.483,12,STOP,-573.97,-8.476,32,99,36.0,75,0.85,technology,1,False,0.7742755687024776,0.0950831574095497,0.10787859368005104,0.6719102469162959,-0.03558290689817878,-0.15953763485021288,0.0017933594798678065
GE,CLOSED,2026-03-05,2026-03-12,336.0076,308.8209,23,STOP,-625.3,-8.091,7,89,50.0,76,0.85,industrials,1,True,0.06514580493163202,0.030187033949153372,-0.008982457555694934,0.09640892509252219,-0.009505370233573451,-0.01715161419798572,-0.004583199847565056
ANET,CLOSED,2026-03-10,2026-03-12,138.138,133.896,56,PRICE_BELOW_50MA,-237.55,-3.071,2,88,58.0,82,0.85,technology,1,True,0.020748336952790547,0.04214166870249086,0.06086616342953377,-0.0023274951737103367,0.0060508991917636035,-0.15342838238376888,-0.013936336045882403
CAT,CLOSED,2026-02-02,2026-03-18,658.0041,690.3291,16,PRICE_BELOW_50MA,517.2,4.913,44,93,42.0,82,0.85,industrials,1,False,0.09626148662918022,0.02819593859443078,0.04905681038241849,0.1501702131035041,0.00374222024241444,-0.011845259128915098,0.013240932226779467
MRK,CLOSED,2026-02-11,2026-03-18,114.7878,112.9024,41,PRICE_BELOW_50MA,-77.3,-1.643,35,90,48.0,74,0.85,healthcare,1,False,0.09725947045596373,0.026199627189371733,0.011308774176417957,0.07290046928027061,-0.0009390078559049497,-0.03920282593151847,0.00810312207740771
HWM,CLOSED,2026-01-07,2026-03-19,215.333,232.4922,50,PRICE_BELOW_50MA,857.96,7.969,71,92,50.0,82,0.85,industrials,1,False,0.0609381750942708,0.02177225620609513,0.024822137328292415,0.12414927964728495,0.0034933818251046134,0.0,0.02040086796544771
GILD,CLOSED,2026-02-11,2026-03-20,146.4149,135.4151,33,PRICE_BELOW_50MA,-362.99,-7.513,37,90,48.0,73,0.85,healthcare,1,False,0.1482157207966659,0.025965212021798564,0.027568451976342834,0.20089738352040332,0.011342616444612208,-0.034557251700793934,0.00810312207740771
RTX,CLOSED,2026-03-04,2026-03-20,205.6642,196.4879,38,PRICE_BELOW_50MA,-348.7,-4.462,16,88,50.0,81,0.85,industrials,1,True,0.059646937349112195,0.02375554584679104,0.04061261226088986,0.030413864559385884,0.0023242301446815272,-0.026583779425178533,-0.011251012891678958
ANET,CLOSED,2026-03-19,2026-03-20,133.8737,131.0888,58,PRICE_BELOW_50MA,-161.53,-2.08,1,88,56.0,76,0.85,technology,1,True,0.009719544370606625,0.03841719816934909,-0.01562604695132741,-0.024867322121756907,-0.017123551889748234,-0.1602171921906792,-0.03490362745946529
LHX,CLOSED,2026-03-05,2026-03-23,361.106,342.1028,22,PRICE_BELOW_50MA,-418.07,-5.263,18,93,42.0,77,0.85,industrials,1,True,0.09155051707526995,0.02737628041100562,0.08121974054491843,0.04886650538121051,-0.009600032631638,-0.025708104466974357,-0.004583199847565056
LMT,CLOSED,2026-03-09,2026-03-23,667.7273,613.6957,7,STOP,-378.22,-8.092,14,95,42.0,72,0.85,industrials,1,True,0.13470533935589812,0.026473217057924537,0.026182702155332693,0.10855643066038168,0.005671631391615417,-0.007285311940041117,-0.022774601942036843
STX,CLOSED,2026-03-19,2026-03-26,395.5061,377.8387,29,PRICE_BELOW_50MA,-512.36,-4.467,7,98,36.0,81,0.85,technology,1,True,0.06503352863096912,0.052312824968561315,0.05389010608947564,-0.040953573471446125,-0.0254934879392954,-0.08912385236312137,-0.03490362745946529
LRCX,CLOSED,2026-03-20,2026-03-26,234.1405,215.1946,50,STOP,-947.29,-8.092,6,97,48.0,85,0.85,technology,1,True,0.03799479468771727,0.04278942542604665,0.11695060618402997,-0.013141555477535038,0.0014103234558897615,-0.06096539824269398,-0.036381839152217266
KLAC,CLOSED,2026-03-23,2026-03-26,153.1366,144.6196,77,PRICE_BELOW_50MA,-655.81,-5.562,3,94,42.0,81,0.85,technology,1,True,0.0202957558435648,0.044298804240006935,0.05641322003069593,0.0017847513770579138,0.023253943273825683,-0.10927248102698717,-0.04910610490078382
NBIS,CLOSED,2026-03-13,2026-03-27,110.5504,101.6083,106,STOP,-947.87,-8.089,14,98,43.0,83,0.85,technology,1,True,0.12688278756149263,0.06146665212238109,0.12953475370615886,0.21927547874213582,0.022214008751771264,-0.20242141177697748,-0.030306426587257573
WDC,CLOSED,2026-02-05,2026-03-30,256.0545,251.2721,17,PRICE_BELOW_50MA,-81.3,-1.868,53,99,36.0,74,0.85,technology,1,False,0.35838999145627426,0.0788628059533201,-0.03678947482818795,0.22805178145131588,-0.049515607456279476,-0.07176816984609347,0.0017933594798678065
TPL,CLOSED,2026-03-06,2026-03-30,523.4625,481.1084,9,STOP,-381.19,-8.091,24,95,42.0,70,0.7,energy,1,True,0.38621658339570186,0.059242659827646774,0.022182796026844143,0.5121354229232971,0.0024269119205853062,-0.023875765618235123,-0.010154042136424901
MRNA,CLOSED,2026-03-09,2026-03-30,53.3533,49.0409,145,STOP,-625.3,-8.083,21,98,36.0,76,0.85,healthcare,1,True,0.22774537214654877,0.07378142633629656,-0.019600508550348117,0.2850502038254312,0.014851461776435926,-0.09134946105520736,-0.022774601942036843
FIX,CLOSED,2026-03-10,2026-03-30,1385.1145,1273.0357,3,STOP,-336.24,-8.092,20,98,44.0,72,0.85,industrials,1,True,0.14634204520854288,0.057194686284724496,-0.04528246302518801,0.116116129543828,0.009173646111642508,-0.06500633582634896,-0.013936336045882403
ECHO,CLOSED,2026-03-30,2026-03-30,116.2161,112.1178,67,PRICE_BELOW_50MA,-274.59,-3.526,0,99,69.0,79,0.85,communication_services,1,True,0.010211716618495847,0.0501568577682732,0.04888932015313241,-0.0027698407184746365,0.00772501863311259,-0.12113813179524802,-0.06460664507023184
PWR,CLOSED,2026-03-04,2026-03-31,571.4137,525.1743,13,STOP,-601.11,-8.092,27,94,36.0,77,0.85,industrials,1,True,0.17693386435401282,0.03742556319555282,-0.003889428042357035,0.1846705482858455,0.009081220416110591,-0.011629760730354821,-0.011251012891678958
JNJ,CLOSED,2025-12-18,2026-04-07,206.6854,235.6475,20,PRICE_BELOW_50MA,579.24,14.013,110,91,50.0,73,0.85,healthcare,1,False,0.07176321254297857,0.017632151695700295,0.018349911001253716,0.05832710332212554,-0.0025198147391687353,-0.0179297159478371,-0.005087749498143723
APA,CLOSED,2026-02-04,2026-04-08,26.4523,36.4409,294,STOP,2936.65,37.761,63,81,56.0,77,0.85,energy,1,False,0.05593574686938907,0.03561744975008814,0.024390236599039383,0.09160673207480485,0.012471714423273994,-0.014331552219630894,0.007716483942167729
CF,CLOSED,2026-03-27,2026-04-08,131.9914,112.9603,88,STOP,-1674.73,-14.418,12,97,30.0,85,0.85,basic_materials,1,True,0.28405679493940217,0.05195493354720878,0.05575021931485469,0.36434730861335485,0.003922906481280908,-0.025294202773499364,-0.04990429766351767
DOW,CLOSED,2026-03-27,2026-04-08,38.8198,35.6743,202,STOP,-635.4,-8.103,12,95,36.0,79,0.85,basic_materials,1,True,0.23745388087276065,0.03751675074747971,0.052814085530731525,0.3357022905093523,0.004053729874143208,-0.0037858450247544306,-0.04990429766351767
DVN,CLOSED,2026-03-31,2026-04-08,51.0457,45.6019,94,STOP,-511.71,-10.664,8,92,31.0,74,0.85,energy,1,True,0.17435491269675873,0.025475802006456997,0.06248713654689553,0.15214884562320874,0.003299612245368122,-0.010562649188072148,-0.06612536692827742
OXY,CLOSED,2026-04-01,2026-04-08,63.5575,56.5906,119,STOP,-829.07,-10.962,7,94,37.0,75,0.85,energy,1,True,0.25413482299992984,0.02976922513612462,0.06122450775464583,0.21662862738420485,-0.014153883525873767,-0.01871968652121425,-0.03785827064906855
PSX,CLOSED,2026-03-23,2026-04-09,169.1587,158.9057,44,PRICE_BELOW_50MA,-451.13,-6.061,17,90,42.0,76,0.85,energy,1,True,0.14000241587607776,0.03194685228580354,0.0158040121805878,0.13587525061349992,-0.024790557124070633,-0.01609287597810749,-0.04910610490078382
MPC,CLOSED,2026-03-31,2026-04-09,244.1427,224.3854,20,STOP,-395.15,-8.093,9,95,31.0,73,0.85,energy,1,True,0.18930671472623928,0.03250937626225262,0.05431563601161771,0.1684301318263559,0.001386777812504958,-0.026795238678227862,-0.06612536692827742
LHX,CLOSED,2026-04-09,2026-04-10,358.5439,350.1335,20,PRICE_BELOW_50MA,-168.21,-2.346,1,85,61.0,83,0.85,industrials,1,True,0.022429574766251292,0.02604990560835945,0.04873250806719587,0.0006911390021824282,-0.0016852987533459984,-0.040290465214367854,0.0036631099663773092
GNRC,CLOSED,2026-04-10,2026-04-13,209.189,204.9548,54,PRICE_BELOW_50MA,-228.64,-2.024,3,93,42.0,81,0.85,industrials,1,True,0.015558090995684726,0.04657979942689495,0.04164779281102171,-0.024833030291373737,0.00790971071001545,-0.12359457801528284,0.009863639279041436
BKR,CLOSED,2026-03-27,2026-04-15,61.7477,59.5907,189,PRICE_BELOW_50MA,-407.68,-3.493,19,92,42.0,80,0.85,energy,1,True,0.05874230000557201,0.03096077776968789,0.027178458655765514,-0.03913717850535803,-0.003848712271432797,-0.044437646184019464,-0.04990429766351767
BG,CLOSED,2026-03-31,2026-04-15,125.5358,118.4168,61,PRICE_BELOW_50MA,-434.26,-5.671,15,94,43.0,75,0.85,consumer_defensive,1,True,0.0608656782795054,0.03622334621111666,0.045191174769940945,0.04701099743308701,0.0053848493257357966,-0.01895592038817051,-0.06612536692827742
RTX,CLOSED,2026-04-09,2026-04-15,201.9087,196.716,37,PRICE_BELOW_50MA,-192.13,-2.572,6,80,58.0,78,0.85,industrials,1,True,0.016203542904492885,0.021830848140242554,0.05484703656506329,-0.017004893000700627,-0.00127770215950751,-0.04091258087694172,0.0036631099663773092
NEM,CLOSED,2026-04-09,2026-04-15,117.5681,112.4299,65,PRICE_BELOW_50MA,-333.99,-4.37,6,93,36.0,77,0.85,basic_materials,1,True,0.021732669910446978,0.035880539045623036,0.0914549153955313,-0.006307869020198531,-0.0015234762147360303,-0.1027729218507406,0.0036631099663773092
COP,CLOSED,2026-03-06,2026-04-17,117.2298,114.3064,42,PRICE_BELOW_50MA,-122.78,-2.494,42,86,49.0,72,0.85,energy,1,False,0.13871886155137192,0.025477371552693563,0.055284511135925696,0.09423835609587994,0.01669233680089155,-0.014343557023004605,-0.010154042136424901
LYB,CLOSED,2026-03-24,2026-04-17,70.9206,65.1847,112,STOP,-642.42,-8.088,24,94,36.0,75,0.85,basic_materials,1,True,0.2352269637036828,0.04767236186788253,0.005486777853763947,0.27669890248688156,0.012032895298715651,-0.04960091261403665,-0.03821217408050459
VLO,CLOSED,2026-03-24,2026-04-17,236.933,217.762,20,STOP,-383.42,-8.091,24,96,31.0,74,0.85,energy,1,True,0.16598952518668808,0.034804081552493996,0.02072484342114711,0.20264443684668287,0.00568693306799517,-0.019333314598762086,-0.03821217408050459
CTVA,CLOSED,2026-03-13,2026-04-22,79.9551,78.9202,61,PRICE_BELOW_50MA,-63.13,-1.294,40,84,48.0,73,0.85,basic_materials,1,False,0.08425971361102458,0.023588687477109446,0.04125873475161179,0.061199837538166824,0.006018953065945576,-0.009562822937641213,-0.030306426587257573
TPR,CLOSED,2026-04-14,2026-04-22,149.9227,145.0581,77,PRICE_BELOW_50MA,-374.57,-3.245,8,92,48.0,82,0.85,consumer_cyclical,1,True,0.023413398490370385,0.03179206633217377,0.04363254312395126,0.05538349152390665,0.005334427619028581,-0.06304397624001512,0.019666999362946358
ECHO,CLOSED,2026-04-16,2026-04-22,131.5014,120.859,88,STOP,-936.53,-8.093,6,98,55.0,81,0.85,communication_services,1,True,0.14683784059152005,0.055005273708148866,0.06977690698679728,0.1703037616307157,-0.0001522511039947494,0.0,0.0399019592379819
LITE,CLOSED,2026-04-20,2026-04-22,890.3895,818.3408,13,STOP,-936.63,-8.092,2,99,36.0,80,0.85,technology,1,True,0.27072332942456323,0.07788691262272719,-0.00359966623502872,0.1579267761520462,-0.005111464747482031,-0.00359966623502872,0.053809065892496566
CIEN,CLOSED,2026-02-13,2026-04-28,294.1238,468.2513,26,STOP,4527.31,59.202,74,98,49.0,78,0.85,technology,1,False,0.2234244417480553,0.07303044595485002,0.1580361941763877,0.2289621002361215,0.0029696721141558857,-0.019216673978488696,-0.008092846151153466
BE,CLOSED,2026-04-10,2026-05-07,162.0419,265.4643,70,STOP,7239.57,63.824,27,99,36.0,85,0.85,industrials,1,False,0.06109885332864873,0.08629950588048237,0.2089845871826399,0.005778519754720879,0.010928620162602876,-0.0837672313998753,0.009863639279041436
PSX,CLOSED,2026-04-30,2026-05-07,170.602,166.0485,62,PRICE_BELOW_50MA,-282.32,-2.669,7,87,48.0,85,0.85,energy,1,True,0.04021655603824126,0.024908810467124072,0.07992535361862108,-0.04769999914339362,-0.0052452967434541975,-0.07855315979492328,0.049477847187191504
GEV,CLOSED,2026-02-05,2026-05-08,717.1469,1033.0159,10,STOP,3158.69,44.045,92,96,36.0,78,0.85,industrials,1,False,0.13511280488127375,0.049404718709112,0.048665536921583374,0.08726114411514807,-0.03884909859093444,-0.04361422827211847,0.0017933594798678065
DELL,CLOSED,2026-03-31,2026-05-12,163.6765,233.796,29,STOP,2033.46,42.84,42,94,43.0,71,0.85,technology,1,False,0.2198636726993355,0.047561213146357674,0.0004253155727909075,0.07235421867166791,-0.002247142245607292,-0.10515722597610266,-0.06612536692827742
NBIS,CLOSED,2026-04-09,2026-05-12,125.125,175.4044,90,STOP,4525.15,40.183,33,99,36.0,88,0.85,technology,1,False,0.2323539145939475,0.06483828735351561,0.20470313633843906,0.2962770880888481,0.0,-0.07721841278187669,0.0036631099663773092
MU,CLOSED,2026-04-09,2026-05-12,407.9549,714.9743,18,STOP,5526.35,75.258,33,98,44.0,77,0.85,technology,1,False,0.009565642912039651,0.06395122459686019,0.2039130556159614,0.009404060786585955,0.0021635702456717087,-0.11874721005945932,0.0036631099663773092
SNDK,CLOSED,2026-04-23,2026-05-12,949.4935,1404.7039,11,STOP,5007.31,47.942,19,99,36.0,80,0.85,technology,1,False,0.39818566314515946,0.05479841978250471,0.09795680201287627,0.3937336786037746,-0.0311775707413271,0.0,0.05328874362807645
MRNA,CLOSED,2026-05-11,2026-05-12,58.1381,52.1878,252,STOP,-1499.48,-10.235,1,93,48.0,82,0.85,healthcare,1,True,0.05332108067045804,0.06208700975273078,0.1979281409223359,0.0665227521693843,0.06862931852168597,-0.05968859530239179,0.07881899833853345
MRNA,CLOSED,2026-05-13,2026-05-13,52.9049,50.3696,256,PRICE_BELOW_50MA,-649.03,-4.792,0,92,48.0,82,0.85,healthcare,1,True,0.032496412657463836,0.07053286590973497,0.14044105120677886,0.00813778016529243,-0.007846804279822428,-0.07837368233721886,0.07621145768911086
ALB,CLOSED,2026-03-31,2026-05-15,177.0579,179.1373,27,PRICE_BELOW_50MA,56.14,1.174,45,96,48.0,72,0.85,basic_materials,1,False,0.03129221136378768,0.04700713418723738,0.05765102746078754,-0.002923829142744694,0.004006225938499641,-0.09297467909927049,-0.06612536692827742
LITE,CLOSED,2026-05-13,2026-05-15,1052.6365,940.6584,13,STOP,-1455.72,-10.638,2,99,30.0,84,0.85,technology,1,True,0.2413447813666858,0.07751723815562958,-0.0022019812246441006,0.16367455139742315,0.0596702501200872,-0.057658863605092425,0.07621145768911086
WDC,CLOSED,2026-04-08,2026-05-18,335.14,463.516,36,STOP,4621.54,38.305,40,99,42.0,85,0.85,technology,1,False,0.12077943145862458,0.06990135697122529,0.2395597534411551,0.19041449569736768,0.073855653967561,-0.015681671755889193,-0.021695786707746967
STX,CLOSED,2026-04-16,2026-05-18,511.4968,748.7205,14,STOP,3321.13,46.378,32,99,36.0,78,0.85,technology,1,False,0.24513844271702023,0.0486115685764892,0.04694733157475883,0.23609286715076472,-0.015088389205180408,-0.025944980776721027,0.0399019592379819
JCI,CLOSED,2026-04-23,2026-05-18,140.498,136.4123,58,PRICE_BELOW_50MA,-236.97,-2.908,25,89,58.0,76,0.85,industrials,1,True,0.01889619059753933,0.022234258243213286,0.01894905218954257,0.024774639004029986,0.009512871398475342,-0.03587937980007805,0.05328874362807645
RKLB,CLOSED,2026-04-16,2026-05-19,77.047,119.1807,107,STOP,4508.31,54.686,33,97,42.0,76,0.85,industrials,1,False,0.053952007592397155,0.06726030006415237,0.06543133357350972,-0.06349405899340532,0.0457880817452323,-0.23572174307654248,0.0399019592379819
JBL,CLOSED,2026-05-11,2026-05-19,355.3981,326.643,25,STOP,-718.88,-8.091,8,93,36.0,77,0.85,technology,1,True,0.2180474243708055,0.034486435809929564,0.03702507778302744,0.18580960991494,0.0001408420330148985,-0.04616755366428538,0.07881899833853345
LRCX,CLOSED,2026-05-14,2026-05-19,296.103,267.2098,45,STOP,-1300.19,-9.758,5,96,30.0,80,0.85,technology,1,True,0.20615425299714563,0.03744535310756321,-0.005821622499121992,0.11419515202342612,0.003012452984450853,-0.005821622499121992,0.08022211461299356
OXY,CLOSED,2026-05-18,2026-05-21,58.4198,58.2337,152,PRICE_BELOW_50MA,-28.27,-0.318,3,84,48.0,81,0.85,energy,1,True,0.019684272979769935,0.025602625166693267,0.1242693044149008,0.10838444885667053,-0.012076455361592187,-0.09993955466902404,0.07176544953140152
APA,CLOSED,2026-05-19,2026-05-21,40.615,38.034,223,PRICE_BELOW_50MA,-575.57,-6.355,2,95,37.0,78,0.85,energy,1,True,0.04796566038959771,0.034637965553617256,0.09400546085731376,0.12367918370620612,0.017683608635643555,-0.08946281070935591,0.06890049536454934
ECHO,CLOSED,2026-05-13,2026-05-26,132.4023,121.6882,70,STOP,-749.99,-8.092,13,98,48.0,79,0.85,communication_services,1,True,0.08314920028911876,0.03988252656935743,0.10260788239886787,-0.008354382828944629,0.022337295413352942,-0.04240985642553574,0.07621145768911086
VLO,CLOSED,2026-05-18,2026-05-26,248.0582,240.28,36,PRICE_BELOW_50MA,-280.02,-3.136,8,91,44.0,79,0.85,energy,1,True,0.04660685144963117,0.029666477289996513,0.04015597904675605,0.12112678401872645,-0.0031506725649756984,-0.014076783954338534,0.07176544953140152
HAL,CLOSED,2026-03-23,2026-05-28,36.2732,38.9435,215,PRICE_BELOW_50MA,574.12,7.362,66,91,45.0,79,0.85,energy,1,False,0.06798087281573695,0.03269925062236555,0.08429795627921033,0.04548482656842512,0.0008213181357401567,-0.010831400556618687,-0.04910610490078382
CIEN,CLOSED,2026-05-22,2026-05-29,599.599,551.0784,9,STOP,-436.69,-8.092,7,98,30.0,74,0.85,technology,1,True,0.22559931621038287,0.057428241026431105,-0.0073364551984295145,0.13837357421939234,0.020043287847556268,-0.0073364551984295145,0.06886747409400562
GLW,CLOSED,2026-05-27,2026-05-29,195.5276,179.7101,28,STOP,-442.89,-8.09,2,96,36.0,74,0.85,technology,1,True,0.19813977674685002,0.06440478036151379,0.09868382407986154,0.1676090391573426,-0.0008664974683656457,-0.058142948034434205,0.07488767044983513
QCOM,CLOSED,2026-05-29,2026-06-01,248.168,228.0817,56,STOP,-1124.83,-8.094,3,94,42.0,83,0.85,technology,1,True,0.4902215848498981,0.0708531226012539,0.20137277881903648,0.5595512798176896,0.028361273659968322,-0.02222490807902633,0.07542812282976596
WBD,CLOSED,2026-06-02,2026-06-02,27.2372,27.1528,341,PRICE_BELOW_50MA,-28.78,-0.31,0,92,61.0,76,0.85,communication_services,1,True,0.0015510262581306389,0.00917430692700231,0.008139079088635981,0.010381931545206502,-0.0014679235055905515,-0.09106069325952648,0.07499514363535842
DELL,CLOSED,2026-05-13,2026-06-03,244.4407,418.2513,37,STOP,6430.99,71.105,21,97,36.0,76,0.85,technology,1,False,0.296856488666674,0.04731910180655192,0.10456725470135697,0.2990045584244434,0.023687971940625108,-0.08262305101956158,0.07621145768911086
RKLB,CLOSED,2026-05-20,2026-06-03,127.6075,117.2826,68,STOP,-702.09,-8.091,14,98,43.0,78,0.85,industrials,1,True,0.560488987448096,0.0801149022777934,0.08293637463832404,0.4694136479161204,0.001335368797423575,-0.03953229251241841,0.06002261971756484
KEYS,CLOSED,2026-03-09,2026-06-05,268.1979,329.5002,17,PRICE_BELOW_50MA,1042.14,22.857,88,93,45.0,69,0.7,technology,1,False,0.16601963099204786,0.045317022853113946,-0.11355870048911731,0.22982117831987336,-0.016518005069124153,-0.13036676914528278,-0.022774601942036843
VRT,CLOSED,2026-04-16,2026-06-05,303.1656,300.0735,25,PRICE_BELOW_50MA,-77.3,-1.02,50,98,30.0,77,0.85,industrials,1,False,0.1934458979057352,0.043145070307601605,0.07162936347501181,0.1220148524548319,0.006109763013214309,-0.030111752179066253,0.0399019592379819
HPE,CLOSED,2026-05-22,2026-06-05,34.4962,50.2097,163,STOP,2561.3,45.551,14,95,43.0,74,0.85,technology,1,False,0.263404971184233,0.035613352466465784,-0.004687825902457643,0.2162550870960278,0.02001758161385636,-0.004687825902457643,0.06886747409400562
QCOM,CLOSED,2026-06-03,2026-06-05,233.1206,214.2555,59,STOP,-1113.04,-8.092,2,93,42.0,80,0.85,technology,1,True,0.41802708759719365,0.0652389333089381,-0.03207142002672614,0.43033601247828956,-0.02416535373572648,-0.04055463550209737,0.07307881603042499
ALAB,CLOSED,2026-06-04,2026-06-05,348.403,320.2095,25,STOP,-704.84,-8.092,1,99,42.0,75,0.85,technology,1,True,0.7830727660705405,0.07350674628081791,0.11745004625993394,0.6854745441605721,-0.04259508033550363,0.0,0.06258076109348365
AMD,CLOSED,2026-06-01,2026-06-09,500.6602,460.1494,25,STOP,-1012.77,-8.091,8,98,36.0,80,0.85,technology,1,True,0.5727735376515055,0.04702855141859483,0.14793474007384533,0.4558943547170746,-0.03088543436905067,-0.003841130240645252,0.07513944587117227
PWR,CLOSED,2026-04-13,2026-06-10,585.7556,650.0584,18,PRICE_BELOW_50MA,1157.45,10.978,58,94,42.0,82,0.85,industrials,1,False,0.07350600865483958,0.03303046335027993,0.04411097027385136,0.032747626117570316,6.418992293255599e-08,0.0,0.009617265068933456
GNRC,CLOSED,2026-04-20,2026-06-10,211.5614,238.8709,56,PRICE_BELOW_50MA,1529.33,12.909,51,92,42.0,82,0.85,industrials,1,False,0.017509243376811146,0.03550211486378673,0.02448923998508823,0.05601194751371774,-0.0035360677907475546,-0.10347449293292599,0.053809065892496566
AKAM,CLOSED,2026-05-19,2026-06-10,142.9028,131.3385,37,STOP,-427.88,-8.092,22,93,43.0,74,0.85,technology,1,True,0.338704641457261,0.05071110691444665,-0.014639502743560517,0.5444581031600086,-0.05312734322902768,-0.06435394784948512,0.06890049536454934
MRVL,CLOSED,2026-06-09,2026-06-10,299.9858,263.1716,20,STOP,-736.28,-12.272,1,99,42.0,73,0.85,technology,1,True,0.707560077243254,0.0766636098967344,0.31636527939001535,0.6978193917765403,0.037770418712475884,-0.08715982420208868,0.03330410676046136
ARM,CLOSED,2026-06-09,2026-06-10,362.6173,314.1555,16,STOP,-775.39,-13.364,1,98,36.0,73,0.85,technology,1,True,0.5216416876500043,0.09014549329925524,-0.15276994135415045,0.624185341159887,0.045800945649304925,-0.15890045421047816,0.03330410676046136
DELL,CLOSED,2026-06-09,2026-06-10,402.6576,370.0696,14,STOP,-456.23,-8.093,1,98,42.0,72,0.85,technology,1,True,0.6281165292321669,0.0575428167360694,-0.13990472459272174,0.5387007575575309,0.005364768745065529,-0.13990472459272174,0.03330410676046136
VLO,CLOSED,2026-06-11,2026-06-15,263.2865,241.9778,21,STOP,-447.48,-8.093,4,88,44.0,72,0.85,energy,1,True,0.0557380445397222,0.033880054700892864,-0.013233910758251644,0.04894684877970268,0.023450594126040558,-0.013233910758251644,0.008490217083602314
AMAT,CLOSED,2026-04-23,2026-06-23,405.6376,574.9744,29,STOP,4910.77,41.746,61,94,42.0,82,0.85,technology,1,False,0.11168554929943819,0.026772427718159502,0.02338562067974581,0.07885241163252532,0.00666704313475619,0.0,0.05328874362807645
MU,CLOSED,2026-05-20,2026-06-23,735.5819,1078.7541,8,STOP,2745.38,46.653,34,99,36.0,74,0.85,technology,1,False,0.4013976242903272,0.07211450619347706,-0.08849698464274869,0.5548978402528828,0.05183618651796218,-0.130520228834054,0.06002261971756484
CHRW,CLOSED,2026-05-27,2026-06-24,178.0688,176.3421,52,PRICE_BELOW_50MA,-89.79,-0.97,28,84,58.0,76,0.85,industrials,1,True,0.03216775593200505,0.033724903420577414,0.04825607506830765,-0.05577959956410117,0.0076442369232232465,-0.11003259471767746,0.07488767044983513
FDX,CLOSED,2026-06-09,2026-06-24,331.5228,304.695,28,STOP,-751.18,-8.092,15,87,48.0,75,0.85,industrials,1,True,0.07035734448315112,0.024479960011589873,-0.024431933759652025,0.08247419250876842,0.01065946321025324,-0.024431933759652025,0.03330410676046136
CASY,CLOSED,2026-06-16,2026-06-24,873.3883,802.7165,10,STOP,-706.72,-8.092,8,85,61.0,77,0.85,consumer_cyclical,1,True,0.0823541332135651,0.04198399962012586,0.16066412368019156,0.023031394556846108,0.0008941095406380661,-0.04790020827162944,0.041458874063843965
ROST,CLOSED,2026-06-01,2026-06-25,227.3321,214.5003,40,PRICE_BELOW_50MA,-513.27,-5.644,24,83,65.0,78,0.85,consumer_cyclical,1,True,0.046230437743428165,0.028777333823376047,0.06694596730869229,0.017296669316881452,-0.01613941491004056,-0.01311696894140868,0.07513944587117227
WBD,CLOSED,2026-06-25,2026-06-25,27.1671,26.953,337,PRICE_BELOW_50MA,-72.16,-0.788,0,93,61.0,75,0.85,communication_services,1,True,0.007183616229239798,0.019616604302846154,0.022556404994930057,0.007407435664424256,-0.0022059327797065986,-0.09272844635572342,0.002732090553666744
ON,CLOSED,2026-05-11,2026-06-26,102.8327,98.1917,56,STOP,-259.9,-4.513,46,96,36.0,73,0.85,technology,1,False,0.3966593491189718,0.043023270182067315,0.0016499871004509448,0.503277416670399,-0.0045542016008423,-0.02429800299131124,0.07881899833853345
BE,CLOSED,2026-06-25,2026-06-26,346.6363,294.2255,41,STOP,-2148.84,-15.12,1,99,36.0,83,0.85,industrials,1,True,0.2030733592463576,0.07616464469374687,0.16131442883411284,0.07867066476550755,0.06162054616350843,-0.056845462816689896,0.002732090553666744
LRCX,CLOSED,2026-06-25,2026-06-26,407.9646,374.9547,24,STOP,-792.24,-8.091,1,97,36.0,76,0.85,technology,1,True,0.22768361004179893,0.05568361703477352,0.015497906661435357,0.16234047016169328,0.08855386946207822,-0.08482692935158431,0.002732090553666744
INTC,CLOSED,2026-06-25,2026-06-26,139.8697,128.5513,70,STOP,-792.29,-8.092,1,99,36.0,75,0.85,technology,1,True,0.24506790577260618,0.06425585984385582,0.12473293860804668,0.0658192800709918,0.06137487433085598,-0.06591463306369716,0.002732090553666744
TRGP,CLOSED,2026-05-13,2026-07-01,255.5605,256.3524,35,PRICE_BELOW_50MA,27.72,0.31,49,84,58.0,81,0.85,energy,1,False,0.05073663073383905,0.026109710823997413,-0.017557424209888484,0.07172136570535459,0.00525164998927341,-0.018917249683528703,0.07621145768911086
MU,CLOSED,2026-06-29,2026-07-01,1129.6549,1038.2407,4,STOP,-365.66,-8.092,2,99,36.0,73,0.85,technology,1,True,0.41163779072108486,0.06948189493828573,-0.0014637900901754985,0.2261023060588785,-0.003205857130601397,-0.0669353130874335,-0.005052069875340681
JBL,CLOSED,2026-06-04,2026-07-02,368.8689,339.0206,25,STOP,-746.21,-8.092,28,93,36.0,79,0.85,technology,1,True,0.1611878188058542,0.0317525314859044,0.02062580223759003,0.12413449601111815,-0.027596085402570525,-0.0031821397519743444,0.06258076109348365
MRVL,CLOSED,2026-06-11,2026-07-02,260.7362,239.6401,22,STOP,-464.11,-8.091,21,99,36.0,73,0.85,technology,1,True,0.4360113446185192,0.1014631277127339,-0.16263881638072508,0.5355014880757705,0.03147395344383641,-0.20175081160241515,0.008490217083602314
HPE,CLOSED,2026-06-11,2026-07-02,44.8003,41.1788,121,STOP,-438.2,-8.084,21,97,49.0,68,0.7,technology,1,True,0.3795132848814762,0.07312439290252853,-0.17515867220263304,0.5057929146332576,-0.010771663438608692,-0.18984858620413825,0.008490217083602314
WDC,CLOSED,2026-06-12,2026-07-02,542.3579,549.9395,10,STOP,75.82,1.398,20,99,38.0,72,0.85,technology,1,False,0.19286360085942333,0.05996931268373441,-0.08005563532650095,0.07152137028498862,0.02399441819790149,-0.10887213080107616,0.023144504983761083
AMAT,CLOSED,2026-06-25,2026-07-02,637.6958,586.0933,16,STOP,-825.64,-8.092,7,96,36.0,76,0.85,technology,1,True,0.28642023716788345,0.05183382038151728,0.03649928736061048,0.29475240756931154,0.08280562927209334,-0.07999318540053191,0.002732090553666744
SNDK,CLOSED,2026-06-29,2026-07-02,2092.8007,1923.4546,2,STOP,-338.69,-8.092,3,99,36.0,73,0.85,technology,1,True,0.3740519886660014,0.07957047793074286,-0.04304384440439413,0.273549585951846,0.0,-0.10462100173982869,-0.005052069875340681
LRCX,CLOSED,2026-06-29,2026-07-02,382.9862,351.9977,14,STOP,-433.84,-8.091,3,97,36.0,73,0.85,technology,1,True,0.2222214547192205,0.0574929506838886,-0.025575806262262413,0.1929466510681428,0.010340548011171125,-0.07435172822990088,-0.005052069875340681
NBIS,CLOSED,2026-05-19,2026-07-06,191.191,212.807,44,PRICE_BELOW_50MA,951.1,11.306,48,99,36.0,77,0.85,technology,1,False,0.39936325994906086,0.08809594249078447,0.0739387106692635,0.25571749190611204,-0.04433103464071886,-0.0962694726371921,0.06890049536454934
FLEX,CLOSED,2026-05-20,2026-07-07,127.8878,129.6802,44,STOP,78.87,1.402,48,97,36.0,74,0.85,technology,1,False,0.44288225932517267,0.053555858532732044,-0.09592670407103476,0.48332160935958424,0.01163988605627142,-0.12945478362539642,0.06002261971756484
KLAC,CLOSED,2026-06-26,2026-07-07,246.7379,216.658,35,STOP,-1052.8,-12.191,11,96,36.0,79,0.85,technology,1,True,0.29516126802667997,0.06066074740712399,0.08406983323122885,0.3223039145861366,-0.0464836929870478,-0.038490203837102,0.003039757151875211
BE,CLOSED,2026-07-07,2026-07-07,286.7865,269.3004,18,PRICE_BELOW_50MA,-314.75,-6.097,0,99,32.0,71,0.85,industrials,1,True,0.051409814845553514,0.10569250192375933,0.1707403491430297,0.012629964435086016,-0.028978099124573165,-0.14688453784598754,0.019723261525464997
TXN,CLOSED,2026-07-07,2026-07-07,291.4803,291.5141,18,PRICE_BELOW_50MA,0.61,0.012,0,90,45.0,71,0.85,technology,1,False,0.02206741679905755,0.041506239449139046,0.0633080453065269,-0.006123716675345392,-0.03565082384158924,-0.0866136905829551,0.019723261525464997
IVZ,CLOSED,2026-07-07,2026-07-08,27.7026,26.8236,199,PRICE_BELOW_50MA,-174.92,-3.173,1,87,54.0,74,0.85,financials,1,True,0.024313408517898427,0.03480315421192595,0.06383794071878746,-0.012069538777891298,0.0010780087997335208,-0.0469177862626291,0.019723261525464997
UAL,CLOSED,2026-07-07,2026-07-08,132.7526,122.0079,41,STOP,-440.53,-8.094,1,91,42.0,73,0.85,industrials,1,True,0.22822108668103636,0.03563882257096526,-0.026522669856464676,0.26262623325153833,0.0009056235259434775,-0.026522669856464676,0.019723261525464997
MRNA,CLOSED,2026-07-09,2026-07-10,73.8738,67.892,73,STOP,-436.67,-8.097,1,95,43.0,73,0.85,healthcare,1,True,0.36223441992951644,0.08161828017031834,0.053834133059780465,0.5504202818804922,0.0,-0.09779950735378473,0.0097036783112745
ALAB,CLOSED,2026-06-09,2026-07-13,354.8595,359.8198,25,STOP,124.01,1.398,34,99,36.0,76,0.85,technology,1,False,0.5945291945245099,0.08058211435033176,0.08197691441339439,0.7334701346941983,0.023604708305675626,-0.047340104440058206,0.03330410676046136
TXN,CLOSED,2026-07-09,2026-07-13,308.5799,296.7521,17,PRICE_BELOW_50MA,-201.07,-3.833,4,89,45.0,69,0.7,technology,1,True,0.012130352849577308,0.04386887848785385,0.010903529378833987,0.03581994872440508,0.028308717206374734,-0.09317438969666547,0.0097036783112745
BIIB,CLOSED,2026-07-08,2026-07-14,205.0649,191.758,26,PRICE_BELOW_50MA,-345.98,-6.489,6,82,52.0,71,0.85,healthcare,1,True,0.04686513585804275,0.03379054596189686,-0.050454727822597634,0.053035736687694346,-0.004083599175268571,-0.050454727822597634,0.01374713586231091
CAT,CLOSED,2026-04-23,2026-07-15,816.4126,911.6944,10,PRICE_BELOW_50MA,952.82,11.671,83,93,36.0,77,0.85,industrials,1,False,0.09674260080028296,0.024219711353809337,0.05224821627524445,0.13086249722691345,0.010187038813995075,0.0,0.05328874362807645
GEV,CLOSED,2026-07-07,2026-07-15,1097.9368,1009.0899,7,STOP,-621.93,-8.092,8,92,36.0,79,0.85,industrials,1,True,0.10539452998001497,0.041836624789777684,0.10225129942853517,0.19650444918425114,-0.04791506490269892,-0.019423545421230703,0.019723261525464997
HPE,CLOSED,2026-07-15,2026-07-16,50.2333,46.1638,175,STOP,-712.16,-8.101,1,98,42.0,77,0.85,technology,1,True,0.1840627770084915,0.04575406742984643,0.14009659838210897,0.03186631221875458,0.015133155421692468,-0.11478187761413206,0.014075587235990783
GOOG,CLOSED,2026-07-16,2026-07-16,372.3005,353.2269,23,PRICE_BELOW_50MA,-438.69,-5.123,0,90,58.0,79,0.85,communication_services,1,True,0.002893592430371683,0.025061064015601313,0.03205928055843987,0.00844434480942935,0.005294379777819103,-0.07169012358913884,0.01710692833325722
AMD,CLOSED,2026-07-07,2026-07-17,516.4259,474.6349,10,STOP,-417.91,-8.092,10,99,36.0,72,0.85,technology,1,True,0.18630472393861908,0.05737576083486384,0.05841859293830365,0.055141389359374626,-0.06546511266655586,-0.04968065050654946,0.019723261525464997
DELL,CLOSED,2026-07-08,2026-07-17,422.6045,375.8521,13,STOP,-607.78,-11.063,9,99,36.0,70,0.7,technology,1,True,0.2601369515105618,0.0711683770986769,0.006439770422545621,0.05803890729939698,0.013420269819049535,-0.1044725096546778,0.01374713586231091
WBD,CLOSED,2026-07-17,2026-07-17,27.3373,26.8431,314,PRICE_BELOW_50MA,-155.17,-1.808,0,91,61.0,76,0.85,communication_services,1,True,0.014815066401834942,0.018347898461920035,0.024784144782592055,0.02593986932941128,0.000732816040458939,-0.08972643988600693,0.010654435507541082
BIIB,CLOSED,2026-07-17,2026-07-22,208.8086,197.5423,26,PRICE_BELOW_50MA,-292.92,-5.396,5,85,58.0,70,0.85,healthcare,1,True,0.0526241426280738,0.043406911677263016,0.05032423871370528,0.06804354336211449,-0.0015316488044909704,-0.03559066860584692,0.010654435507541082
DAL,CLOSED,2026-06-10,2026-07-23,79.1938,81.888,110,PRICE_BELOW_50MA,296.37,3.402,43,89,48.0,76,0.85,industrials,1,False,0.12908212914888528,0.030790756015492676,0.014371355811223063,0.14305265637353992,-0.02291481468989931,-0.016001950025858802,0.027313789549759715
AFRM,CLOSED,2026-06-26,2026-07-23,75.9459,69.8001,178,STOP,-1093.94,-8.092,27,92,49.0,82,0.85,financials,1,True,0.14139989410908615,0.058430150675687534,0.08652615335395097,0.0909993726653664,-0.012752059167171925,-0.16630507463986122,0.003039757151875211
FDX,CLOSED,2026-07-23,2026-07-23,319.0375,314.0714,26,PRICE_BELOW_50MA,-129.12,-1.557,0,85,58.0,80,0.85,industrials,1,True,0.007850976184904379,0.024391017503567744,0.024248515662825376,0.011915202327529295,-0.0032707795575384058,-0.048781969101082234,0.004527091878809397
WST,CLOSED,2026-07-08,2026-07-24,352.022,327.6578,15,PRICE_BELOW_50MA,-365.46,-6.921,16,89,42.0,74,0.85,healthcare,1,True,0.10450057510430599,0.022336457229412403,0.003947198375970462,0.13220975357441822,-0.011738858533333119,-0.02641226810790409,0.01374713586231091
STX,CLOSED,2026-07-24,2026-07-24,879.3843,850.1568,8,PRICE_BELOW_50MA,-233.82,-3.324,0,99,42.0,78,0.85,technology,1,True,0.03059424745238304,0.061863422863778,0.22518074535052124,-0.0804329592910964,-0.037389400063588374,-0.16455415280030872,-0.00789886276303775
CHRW,CLOSED,2026-07-08,2026-07-27,190.1207,174.7351,44,STOP,-676.97,-8.093,19,89,43.0,78,0.85,industrials,1,True,0.06327715917522081,0.0303220793854167,0.03355885179021212,0.03726437036511632,-0.001047415803515861,-0.04153084252276107,0.01374713586231091
TRGP,CLOSED,2026-07-13,2026-07-27,276.1647,266.1269,31,PRICE_BELOW_50MA,-311.17,-3.635,14,83,55.0,79,0.85,energy,1,True,0.033346060429284785,0.027225684468020966,0.05589459491981019,0.002971991193600365,0.014011345756115956,-0.016231167040717143,0.02033264221740505
APA,CLOSED,2026-07-27,2026-07-27,34.6646,34.7053,145,PRICE_BELOW_50MA,5.89,0.117,0,89,42.0,74,0.85,energy,1,False,0.018200298669391435,0.028941810096942563,0.03362967340420675,0.08930101667647361,-0.04204703716749614,-0.1744061809246784,-0.006961572168139973
JBHT,CLOSED,2026-06-11,2026-07-28,282.786,276.8754,31,PRICE_BELOW_50MA,-183.23,-2.09,47,93,36.0,76,0.85,industrials,1,False,0.12316140253194074,0.02910063356904033,0.0024995562820959716,0.18564970272988135,0.007943042272256617,-0.025748778357150948,0.008490217083602314
CNC,CLOSED,2026-07-07,2026-07-28,67.2772,59.4505,83,STOP,-649.62,-11.634,21,95,42.0,69,0.7,healthcare,1,True,0.11647519843236265,0.033037747869503836,0.004868396143029585,0.05342906296738792,0.01756239181103214,-0.03365026296575724,0.019723261525464997
CRWD,CLOSED,2026-07-08,2026-07-28,193.7035,178.0318,44,STOP,-689.56,-8.091,20,94,43.0,77,0.85,technology,1,True,0.22808126918751825,0.04515850799204213,0.04787929710199035,0.16014419512038947,-0.0057034253324441675,-0.023874057824518236,0.01374713586231091
PANW,CLOSED,2026-07-08,2026-07-28,337.1368,309.8598,16,STOP,-436.43,-8.091,20,96,36.0,73,0.85,technology,1,True,0.3051293985347716,0.04465348092119137,0.015180748629282759,0.23888999694207236,-0.00071214320516233,-0.05730984897584346,0.01374713586231091
HPE,CLOSED,2026-07-27,2026-07-28,47.9268,44.0459,110,STOP,-426.9,-8.097,1,98,36.0,74,0.85,technology,1,True,0.07084117483107732,0.05093909962790932,0.040811829664871624,0.020761891181486414,0.006500318576354358,-0.14818299824603687,-0.006961572168139973
IVZ,CLOSED,2026-07-14,2026-07-29,28.4384,27.8556,305,PRICE_BELOW_50MA,-177.75,-2.049,15,88,52.0,78,0.85,financials,1,True,0.03496857253488139,0.0348591670109329,0.02048145048779859,0.0038882651806626534,0.007042315157385959,-0.0273972800911656,0.011443138724598567
AAPL,CLOSED,2026-07-14,2026-07-31,313.8031,308.3352,26,PRICE_BELOW_50MA,-142.17,-1.742,17,84,50.0,78,0.85,technology,1,True,0.06239312195750468,0.027683625537594393,0.01487229659993261,0.07333490652201036,-0.011187680563792823,0.0,0.011443138724598567
EIX,CLOSED,2026-07-29,2026-07-31,80.3603,73.8561,64,STOP,-416.27,-8.094,2,87,50.0,72,0.85,utilities,1,True,0.09050755752721451,0.022407031396789227,0.020724098561199833,0.06993348821682677,0.0061410935975334535,-0.007340089052634724,-0.004188526350053068
ADM,CLOSED,2026-07-29,2026-07-31,83.5935,78.6913,62,PRICE_BELOW_50MA,-303.94,-5.864,2,84,60.0,68,0.7,consumer_defensive,1,True,0.037624543897555096,0.02141655189738721,-0.03503480714471674,0.08208651631783215,0.010339066711549938,-0.04741184050961289,-0.004188526350053068
LLY,CLOSED,2026-07-20,2026-08-03,1179.14,1118.6356,4,PRICE_BELOW_50MA,-242.02,-5.131,14,88,50.0,71,0.85,healthcare,1,True,0.06304154228375802,0.030040813183810553,-0.007967467366264858,0.06035067013365292,0.0004580506654965344,-0.04568791137033157,7.609468007796494e-05
MNST,CLOSED,2026-07-29,2026-08-03,48.7737,46.7282,106,PRICE_BELOW_50MA,-216.82,-4.194,5,90,50.0,70,0.7,consumer_defensive,1,True,0.05220321243449355,0.019307789160588062,0.03472367998186909,0.0010241548007599022,-0.0029670648850592674,-0.02201325319084879,-0.004188526350053068
EBAY,CLOSED,2026-07-30,2026-08-03,113.6284,106.6985,72,PRICE_BELOW_50MA,-498.95,-6.099,4,80,58.0,81,0.85,consumer_cyclical,1,True,0.03311320956464758,0.025696936064725465,0.039206925308847174,0.031767395195624326,-0.012489192961616213,-0.02807957768261493,-0.019305604933564702
APA,CLOSED,2026-08-04,2026-08-05,35.9459,34.6253,223,PRICE_BELOW_50MA,-294.49,-3.674,1,89,48.0,76,0.85,energy,1,True,0.04728093729456684,0.02899557930820692,0.061312525921327854,0.14385408182659742,-0.02603740472697602,-0.15796287848876656,0.017568211236780096
DDOG,CLOSED,2026-06-29,2026-08-06,245.245,225.4044,23,STOP,-456.33,-8.09,38,96,38.0,73,0.85,technology,1,False,0.21438073465063368,0.04803620609229864,0.07520181288099059,0.06450896121887095,0.021812552172272737,-0.1359327806024817,-0.005052069875340681
VTRS,CLOSED,2026-07-09,2026-08-06,16.5724,16.1526,326,PRICE_BELOW_50MA,-136.86,-2.533,28,90,50.0,74,0.85,healthcare,1,True,0.03616782932436036,0.02949750626701573,0.04911833852954306,0.04582546969233636,0.0012005170065989557,-0.03494252755850902,0.0097036783112745
LITE,CLOSED,2026-08-07,2026-08-10,870.87,812.6965,14,PRICE_BELOW_50MA,-814.43,-6.68,3,99,36.0,80,0.85,technology,1,True,0.024253263087081756,0.08004524247798936,0.2089031350820616,0.06654616074374697,0.03811183272612073,-0.20418955192894606,0.03007758286141926
CSCO,CLOSED,2026-08-07,2026-08-13,121.5307,111.6982,101,STOP,-993.09,-8.091,6,92,58.0,80,0.85,technology,1,True,0.02780410376908682,0.028286610279320987,0.06445932355013695,0.021722580416286608,0.00827262858411082,-0.06667534776737816,0.03007758286141926
FTNT,CLOSED,2026-08-03,2026-08-19,163.4733,152.6972,32,PRICE_BELOW_50MA,-344.84,-6.592,16,97,48.0,71,0.85,technology,1,True,0.08203703322925704,0.04502274954729387,0.06287328304819284,0.036479980468749895,0.008397657523798507,-0.029251362640122625,0.0037725927211584853
ROST,CLOSED,2026-07-16,2026-08-20,226.499,228.3197,37,PRICE_BELOW_50MA,67.37,0.804,35,82,58.0,78,0.85,consumer_cyclical,1,False,0.009428446532812051,0.026479269771865755,0.0371578517031208,-0.046289646166433496,0.0039856615801483475,-0.059634350796912816,0.01710692833325722
CAH,CLOSED,2026-07-29,2026-08-20,233.7108,227.7023,22,PRICE_BELOW_50MA,-132.19,-2.571,22,82,50.0,70,0.7,healthcare,1,True,0.0588591751245493,0.021111228294690688,0.023867164832891197,-0.013563085246151796,0.0064943711250937675,-0.030036362063325495,-0.004188526350053068
CRWD,CLOSED,2026-08-04,2026-08-20,206.0058,190.1497,25,PRICE_BELOW_50MA,-396.4,-7.697,16,96,42.0,71,0.85,technology,1,True,0.11164285335768587,0.044735074542412566,0.12453496529771324,0.015849073758312127,0.016095634806403414,-0.038864910584420986,0.017568211236780096
PANW,CLOSED,2026-08-06,2026-08-26,350.4801,338.9707,34,PRICE_BELOW_50MA,-391.32,-3.284,20,98,36.0,87,0.85,technology,1,True,0.16390054904025253,0.04303518590337035,0.15441671401594714,0.13122682493148807,-0.034550263753295174,-0.01004529320458647,0.03227669050021964
LLY,CLOSED,2026-08-21,2026-08-27,1233.232,1174.9239,9,PRICE_BELOW_50MA,-524.77,-4.728,6,91,50.0,81,0.85,healthcare,1,True,0.05844006631904364,0.03342646266613457,0.030755344108709837,0.05085990293942344,-0.009964661017988319,-0.028070623713775333,0.015831491227844996
HUM,CLOSED,2026-08-27,2026-08-31,387.0567,382.8468,31,PRICE_BELOW_50MA,-130.51,-1.088,4,90,58.0,82,0.85,healthcare,1,True,0.01861359980801036,0.033001882122829757,0.03449555294402762,0.07019510587948385,-0.0112258583293261,-0.04484396284252801,0.017511899549165433
CSX,CLOSED,2026-04-20,2026-09-01,43.0829,48.6513,184,PRICE_BELOW_50MA,1024.58,12.925,134,83,50.0,80,0.85,industrials,1,False,0.05623878856455966,0.017939582172971986,0.025568117820863545,0.12548705972233432,-0.0006924298089067138,0.0,0.053809065892496566
WAB,CLOSED,2026-08-04,2026-09-01,299.9803,279.5202,28,PRICE_BELOW_50MA,-572.88,-6.82,28,82,57.0,76,0.85,industrials,1,True,0.09862784916914147,0.03072584461486395,-0.014722442984189232,0.13455284139392454,0.011872986601553226,-0.030478446361788647,0.017568211236780096
DELL,CLOSED,2026-08-11,2026-09-01,449.5791,424.575,27,PRICE_BELOW_50MA,-675.11,-5.562,21,99,42.0,80,0.85,technology,1,True,0.09460312894955569,0.06947390626938198,0.06726962987316876,0.07381389278087291,-0.019109810226894286,-0.020095414538990664,0.0348176384601937
LITE,CLOSED,2026-08-28,2026-09-01,942.6517,866.3728,13,STOP,-991.63,-8.092,4,99,36.0,83,0.85,technology,1,True,0.17497066480681855,0.07676415243328001,0.08741240877837808,0.3792337835634376,-0.015091924252419342,-0.0920623634433313,0.023562337419712476
CRWD,CLOSED,2026-09-01,2026-09-02,228.228,209.76,54,STOP,-997.27,-8.092,1,96,49.0,88,0.85,technology,1,True,0.1700791070427703,0.04771366720960399,0.21145379102660256,0.1405154915437421,-0.012987012987012991,0.0,0.016820294717308393
NTAP,CLOSED,2026-06-11,2026-09-03,160.5832,161.788,34,STOP,40.97,0.75,84,94,43.0,73,0.85,technology,1,False,0.30459681440976216,0.058317473337393164,-0.11276784299307141,0.3822593711187403,0.0015560138007801871,-0.11276784299307141,0.008490217083602314
HPE,CLOSED,2026-08-03,2026-09-03,47.4375,47.4324,107,STOP,-0.55,-0.011,31,98,42.0,73,0.85,technology,1,False,0.0433115407398279,0.052593182952468384,0.0044034910368844216,0.16177539059945567,-0.008141981925532282,-0.14443202971374736,0.0037725927211584853
MDB,CLOSED,2026-08-03,2026-09-04,347.9976,368.3713,36,PRICE_BELOW_50MA,733.45,5.855,32,90,54.0,85,0.85,technology,1,False,0.006592336031841173,0.052883565217149785,0.13164780901657203,-0.04903064037724569,0.030135067497577772,-0.23404447046911803,0.0037725927211584853
ABBV,CLOSED,2026-07-21,2026-09-08,253.9537,248.5312,20,PRICE_BELOW_50MA,-108.45,-2.135,49,84,48.0,73,0.85,healthcare,1,False,0.1132561053785377,0.024400950135606374,0.028965875016320197,0.17873124726932144,0.0012628939113710214,-0.0225475234454805,-0.0018109017848232378
STLD,CLOSED,2026-09-04,2026-09-08,245.528,239.4963,32,PRICE_BELOW_50MA,-193.02,-2.457,4,88,57.0,79,0.85,basic_materials,1,True,0.0161896212870396,0.03936222391420908,0.04320727274896963,-0.05908674742434006,-0.0006503687994897644,-0.1279248515088317,0.022523093816959383
CNC,CLOSED,2026-09-08,2026-09-08,66.2262,64.5154,120,PRICE_BELOW_50MA,-205.29,-2.583,0,94,58.0,77,0.85,healthcare,1,True,0.02299606485973782,0.025038356289500727,0.03536680950621385,0.019309781622055544,-0.013126450498215148,-0.02444703543849258,0.01761603232670428
MRNA,CLOSED,2026-09-02,2026-09-09,151.5514,139.2906,53,STOP,-649.82,-8.09,7,99,42.0,78,0.85,healthcare,1,True,0.9232112176405654,0.09987637461954588,-0.028709925744659692,1.7069661296527139,-0.018603813421225746,-0.11532285839690137,0.009368946605885498
INCY,CLOSED,2026-08-21,2026-09-11,126.5764,121.3485,65,PRICE_BELOW_50MA,-339.81,-4.13,21,89,49.0,83,0.85,healthcare,1,True,0.09908528667256111,0.026293049312717087,0.05559247232207887,0.09023908268906178,-0.006052540992552813,-0.020857320155789227,0.015831491227844996
MU,CLOSED,2026-09-04,2026-09-14,972.3114,923.106,13,PRICE_BELOW_50MA,-639.67,-5.061,10,99,36.0,81,0.85,technology,1,True,0.016940623387127873,0.04215446030392851,0.024342742748490354,0.08700239939000154,0.013755587877129383,-0.2103337992978841,0.022523093816959383
CAH,CLOSED,2026-09-02,2026-09-15,240.6716,231.8783,34,PRICE_BELOW_50MA,-298.97,-3.654,13,91,61.0,76,0.85,healthcare,1,True,0.02605628077593014,0.019920024921633188,0.0060104788037409485,0.024834128846476178,0.006851835882359936,-0.0037874710447655113,0.009368946605885498
HUM,CLOSED,2026-09-02,2026-09-16,396.0657,384.3353,31,PRICE_BELOW_50MA,-363.64,-2.962,14,91,58.0,81,0.85,healthcare,1,True,0.02287065665769883,0.027816762842994263,0.013266309668969134,0.09034681049768944,0.0020006293941277065,-0.03551367316705023,0.009368946605885498
VRTX,CLOSED,2026-08-21,2026-09-18,545.6451,507.8317,14,PRICE_BELOW_50MA,-529.39,-6.93,28,83,55.0,80,0.85,healthcare,1,True,0.10569854489408437,0.0282205283165277,0.046123474579065515,0.14198147064551359,0.008958586111920797,-0.021374466263001324,0.015831491227844996
TRGP,CLOSED,2026-09-02,2026-09-25,294.8646,277.5622,28,PRICE_BELOW_50MA,-484.47,-5.868,23,91,44.0,77,0.85,energy,1,True,0.0738457287519243,0.02658970030183603,0.0318915122501624,0.1257889770716656,-0.005032730685205267,-0.020479743395885208,0.009368946605885498
JNJ,CLOSED,2026-07-28,2026-09-30,268.9436,264.4753,31,PRICE_BELOW_50MA,-138.52,-1.661,64,88,50.0,79,0.85,healthcare,1,False,0.09689529884575587,0.02141916563293288,0.06884500234460122,0.044333668463225395,0.015228313989350317,-0.0048269767199532465,-0.006711422906130249
